{
  "2": -1109541.8290084074,
  "3": -1121128.087247202,
  "4": -1131549.8205213554
}