{
  "2": -626252.7380984247,
  "3": -633619.8495522019,
  "4": -638932.9258941785
}