{
  "2": -1718639.1410310413,
  "3": -1735518.3842188516,
  "4": -1748687.8920884037
}