conversation_id,T,zmean_1,zstd_1,zearly_1,zlate_1,zslope_1,zmean_2,zstd_2,zearly_2,zlate_2,zslope_2,zmean_3,zstd_3,zearly_3,zlate_3,zslope_3,zmean_4,zstd_4,zearly_4,zlate_4,zslope_4,div_1,div_2,div_3,div_4,div_5,div_6,div_7,div_8,div_9,div_10,div_11,div_12,div_13,div_14,div_15,div_16,div_17,div_18,div_19,div_20,div_21,div_22,div_23,div_24,div_25,div_26,div_27,M1,M2,M3,M4,M5,M6,buyer_initial_offer,seller_initial_offer,final_price,buyer_concession,seller_concession,concession_velocity,extraction_status
100,26,-0.42773530746728,1.2045298339635018,-0.36892717215878584,0.6389558832111898,0.05844001081702869,-1.283805672620707,0.78389659222151,-1.1294035602574575,-1.8001166070265333,-0.03888114233690635,2.408501334894578,0.7521646324061202,2.222726494441589,1.9557779042863264,-0.009820435880834885,1.6410109327463873,1.2350949864600536,2.240226435243482,0.7824258995041279,-0.06398131629562756,0.05581665042756411,0.0007843557847435895,0.0006384627305128205,0.0024374977923076924,0.06406275552051281,0.0033908318820512822,0.023155205499358976,0.05531983238160257,0.010023652536538464,0.003910915764615386,0.04718058619615385,0.00035192052955128214,0.0007285712273717948,0.0026712715891025643,0.0003219760225641027,0.0009520466587179486,0.00023607616525641028,0.012232030158333327,0.013089030596153843,0.0003761833702564102,0.004988843175641026,0.0002804905154999999,0.020508498797435895,0.0006486735610256411,0.03263344051660256,0.005358717841346154,0.0018886994693589744,0,0,0,1,0,0,200.5,240.0,229.0,0.721519,0.278481,5.7,ok
101,45,-0.1788793295401104,0.9733157737034505,-0.09798622529933686,-0.3200535194338803,0.005529078998345664,-1.3096374371089792,0.7748688270089102,-1.2969447491262722,-1.8320679299900675,-0.018088520972396185,2.024362154505342,0.46021245420140866,1.5735729658752395,2.3512818273932043,0.022531579182479552,1.5760422447584375,1.0027163370321743,1.1804751458407274,1.9534097103094212,0.012892258237031363,0.0595512713071111,0.0004537146164444444,0.00045709374644444445,0.0020620108662962964,0.07161014263703704,0.0032344377254814823,0.043020187690740744,0.01967276831925926,0.013202790465851856,0.004556050935555556,0.02319946839555555,0.0005261070972592591,0.0007135927459259262,0.005908674705555555,0.013732434997851851,0.005657750731555555,0.0002795577718518518,0.0019938812641481485,0.021480154302148145,0.0019902770060000008,0.0203175754,0.0003636834922222223,0.005566096722962962,0.0004981423451111112,0.020306674289185183,0.006616077866814816,0.0015033784314074073,0,0,0,0,0,0,220.0,240.0,230.0,0.5,0.5,1.428571,ok
104,17,-0.6961025879202223,0.5230572673467776,-0.5283914410953673,-0.7123051008323561,-0.02277847934166106,-1.1772020470044755,0.6216237813645012,-0.8586902884226639,-1.0775006961236877,-0.02412808124831144,1.9230360988486177,0.7348656023950715,1.40487844514609,2.151089509885003,0.07283684526434886,1.927886275970396,0.7025573527185761,1.4080032650066927,1.77993484514573,0.030656921857932375,0.10101767110294119,0.00022084646333333328,0.0003692317921568627,0.001702692911764706,0.07281393174509806,0.0211012160227451,0.015327684669607844,0.061350645103921554,0.0068769030176470585,0.0005227115421568625,0.011018372126470591,0.00029601943284313727,0.00010147117078431371,0.0028656412829411765,0.0005719973164705882,0.0008431917298039215,0.00010381711156862745,0.0013384116105882352,0.000817299017254902,0.0008488039456862745,0.010821171978431373,0.0004273455494901961,0.007720713486274511,0.0006601071472549019,0.0001238665174509804,0.000487260878627451,0.0007355720531372551,1,0,0,0,1,0,225.0,240.0,230.0,0.333333,0.666667,1.0,ok
105,17,-0.8199605841452622,0.47881374772688146,-0.7939840169808017,-0.82142494774235,0.007499633003323107,-2.033215711047955,1.1154385156687243,-0.9460379911376476,-2.0233669245403063,-0.07468733776859544,2.6724453553405816,1.0263329310801859,1.7397499261850158,2.681024708757636,0.06703304285610732,2.4130689388398636,0.734936045566289,1.5366182147978733,2.794654184644744,0.08833103994838241,0.12198856850098039,0.0005315753598039215,0.0005069585232352941,0.0016044571784313724,0.08317920111764707,0.0018613795211764705,0.01848826010196078,0.07581253616764706,0.022633287305686277,0.005004321299019607,0.004150903855882353,0.000478781211372549,0.0010383215109803921,0.017074808824509805,0.00025826923686274507,0.004157208103137254,0.0003668881802941178,0.003772386857843137,0.015290828881372549,0.00020296299862745102,0.014981598080392155,0.0016013703377450981,0.007294286725490196,0.0010180254428431375,0.02471931824745098,0.004509286112745099,0.001320195429411765,0,0,1,1,0,1,217.5,237.0,235.0,0.897436,0.102564,2.916667,ok
124,16,0.011177764020872186,0.6819405538708015,-0.1871340744267987,-0.24565501636423867,-0.013357941534188584,-1.2126208883010046,0.5610298948063113,-1.4351836732982832,-1.5745841560633886,-0.029229588385013633,2.7587381619170226,0.8660762333716254,2.504881257398203,3.435352723290132,0.11518703425647064,1.7542392227764736,0.633523682281182,1.7873491953607519,2.183120166920968,0.048876969416241915,0.05199676133645833,0.0004745975154166665,0.0006672271801041667,0.005638120756249999,0.097310556425,0.02816810986875,0.014837709600000004,0.056410620913541674,0.0538005412234375,0.05566207626979167,0.028489054768750004,0.0005326363896875,0.0007717791677083332,0.0022872733685416675,0.00044012874250000015,0.0020631293545833335,0.00038246502979166666,0.0018159510552083335,0.022716763522395832,0.0005456528436458333,0.032135433604166666,0.0004119774922916667,0.00931528171875,0.0006118951241666666,0.002607459819166667,0.010110345969583332,0.0008290569786458334,0,0,0,0,1,1,220.0,240.0,231.0,0.55,0.45,2.2,ok
129,19,-0.5375116568688328,0.3651682882610948,-0.5861285471802025,-0.29390513544144786,0.02321348005219056,-0.8024762016638528,0.2320401093204155,-0.8394204458296458,-0.8174329833634637,-0.0014299925198555086,1.795660708720017,0.2594806782549684,1.8055647798487806,1.8502945853216577,0.002016004685117248,1.606042582236527,0.30833233424951545,1.6267720949811169,1.7972735661488426,0.017680465557222597,0.03017494964649123,0.0014348664587719294,0.0004898561229824562,0.002047065059649123,0.07842700470175439,0.001117823751578947,0.08047430802631579,0.021449588619298247,0.01001395492982456,0.0037245641554385974,0.0097562318122807,0.00029269814526315793,0.0002443621451754386,0.014236965824912283,0.0004090777015789474,0.00043178605894736845,7.8748380877193e-05,0.004698998778070177,0.001047896067719298,0.00041406528333333333,0.004480134940350876,0.0006062064071052632,0.0062113300701754385,0.000686502329122807,0.0001599419209649123,0.000364024926140351,0.005584274766666665,0,0,0,1,1,0,200.0,240.0,225.0,0.625,0.375,6.25,ok
131,74,0.08118920487253098,1.2153131975549332,-0.4924367190647334,-0.279001581975551,-0.0025668965957970384,0.06952403362086718,1.9674475809029524,-1.2132194472270796,-0.3289333989373525,0.011081099375471696,2.335468441042823,1.0991977310910217,2.5401387728232176,1.7542054794970516,-0.018429772954252997,1.3676363433343817,0.9018798680157478,1.972654844441298,1.3859740366102529,-0.010130211374852613,0.0368981831981982,0.006937906776441436,0.000905085753063063,0.00976120072342342,0.04988139633783783,0.0015084253154504508,0.01922482666896397,0.03159856726644144,0.010061524803581079,0.005240943816306307,0.04923858221792791,0.007235005752207206,0.001347434807387388,0.00509799583261261,0.000522077093963964,0.011738339583018014,0.00012485917522522523,0.002777264530135133,0.015926024638468476,0.0004268170980180181,0.018002564814639632,0.0004524420203153152,0.01278288623333333,0.0004806587828378381,0.006985284969099092,0.0020107559977027025,0.0015522466843243242,0,0,0,0,0,0,213.0,239.0,226.5,0.519231,0.480769,0.675,ok
133,9,0.4211168516687935,1.228195011140115,-0.5927716065208072,1.88315304960674,0.3704338198289674,-1.763934338404321,0.9009278141759667,-0.8056588985270747,-2.8888469836101947,-0.3301877409095765,1.703906229019005,0.3125474903511755,1.392301396543585,1.982566901211585,0.10291612898193775,0.5974426896231373,1.0179606285172862,1.2169567988222276,-0.5805798029889633,-0.2637851685796,0.023047455031481482,0.0005391053333333334,0.0005313038046296295,0.0010484499444444447,0.10001704116666667,0.003672183591111111,0.010121000111111111,0.019296897253703704,0.0006995463185185186,0.0014855874425925924,0.0009548495037037039,0.0002766931683333334,0.0008463611720370372,0.0020725630703703705,0.0003689237496296296,0.09521998823148146,0.0006601129707407409,0.001402436585185185,0.0006198923055555556,0.0006574608112962961,0.003591265001851853,0.00023931439259259262,0.003946125296296297,0.0005485214742592593,0.058003634023703704,0.021049311440740744,0.0009786612666666666,1,1,0,0,1,0,210.0,230.0,210.0,0.0,1.0,0.0,ok
149,21,-0.48462109548417365,0.6990582249557586,-0.4729092760517221,-0.8533971408367551,-0.02791931446798647,-1.163273717975968,0.5456423069360747,-0.8529467166092621,-1.4219061784918368,-0.04528131171545605,1.9255708996102214,0.5634122973391953,1.4677975042331,2.123031323790653,0.05391323155211348,1.8098588158415134,0.9485016476651177,1.5569820553570417,2.1228621224319815,0.04138627029817834,0.09498992540873015,0.0003144867379365079,0.0005243664834126984,0.0035356983261904764,0.07530166603174603,0.0017708309452380952,0.008992649517539683,0.03536602584841269,0.03496712647698413,0.004388119597777778,0.00975742804920635,0.0005055150153968253,0.00037444996309523817,0.005638674082539684,0.00046344435904761914,0.0013406369496825395,0.00020513188936507936,0.001271039888888889,0.0009572803896825397,0.0012109944473015872,0.009152009126984127,0.0005005846968253967,0.0033481696944444445,0.00033893076238095235,0.0002695038053968254,0.011508291333333332,0.0002827137704761905,0,0,0,0,1,0,215.0,240.0,228.0,0.52,0.48,2.166667,ok
152,48,-0.6389900659942972,0.8512942924516529,-0.7639811727033787,-0.553317134080366,0.008507227063257045,-1.4072891867766633,0.9566572042805661,-0.6579308360536199,-2.3634491914979345,-0.053224012656703484,2.734574595581163,1.0019679145171037,2.2584539249846243,3.362781240374496,0.04345752053011977,2.0405846014188964,1.1400509987356404,1.42436389500044,2.278563038259775,0.01709782529172883,0.034087260930555564,0.0005513821573611113,0.000535491101111111,0.003267909581249999,0.068074730475,0.001609897642777778,0.05840426750729166,0.030108495904722223,0.009002386814930556,0.015338096468750001,0.015816286517013892,0.00038166043895833347,0.0003743632971666666,0.012765089685000001,0.0005121367175,0.013236476266458333,0.00026812170489583334,0.007976533251250001,0.0020689052895138883,0.0005704647649305557,0.044150945388194446,0.0005073127988888887,0.007952209592361108,0.0009704371754861107,0.0005287559414583332,0.009992805467569444,0.025003277684027783,0,0,1,0,0,0,220.0,233.0,230.0,0.769231,0.230769,1.666667,ok
154,30,0.5135351088399189,1.9686155656210123,-0.8189670030366016,2.147517101768124,0.11801023743477056,0.5584683573726068,1.676449753431454,-0.9116779309968089,2.212092302534315,0.13268840180004146,2.4116635762976055,0.9476048851819868,2.0693995772493268,3.323029018258984,0.05792914973981545,0.6461000242057786,1.2608947315648784,1.7574661394565119,-0.5613471646519006,-0.09458479241346462,0.08593386690555556,0.013763868111777775,0.003257208239611111,0.014231513552777776,0.03707355869111111,0.0021996166525555558,0.02321387227944444,0.022134910395555554,0.004807394106111112,0.02382793548888889,0.02973265986,0.0005505734204444445,0.0006147787109999998,0.00417413944688889,0.0005039118553333334,0.0010973690727777775,0.00020751651,0.005903000013999999,0.0007521987316666666,0.0003861387783333332,0.015186194566666663,0.0003523236872888888,0.006606520709999999,0.0005192126933333334,0.018177378815444446,0.0067298232155,0.0008647864971111109,1,0,0,0,1,1,220.0,250.0,231.5,0.383333,0.616667,1.642857,ok
162,20,0.1977868256242314,1.178606886858155,-0.5577744951903932,0.254019654033761,0.06109619491656611,-1.953359874616171,0.9648805188146233,-1.4301272146982094,-1.4591420235040187,0.001995262591292307,2.2587084618951376,0.8356084984003229,2.138061388614519,1.6007534810589592,-0.04790243942441193,2.066191963119224,1.3609323774218431,2.578497857193513,1.3699663996460998,-0.09973976265188085,0.007864155360833333,0.0013528294585,0.0003942606633333335,0.0014146867583333337,0.0832728549,0.0016787929260000001,0.07433252113500002,0.06728860263416667,0.01246135085033333,0.002170819710833333,0.008516944610833334,0.00031837195441666665,0.0009823157452500003,0.0015852889283333334,0.0004410101506666667,0.0010034011659166666,0.00044122823600000003,0.0008295583225,0.022006599880833335,0.0004426921973333333,0.0056896605483333345,0.0001594356915333333,0.033875363808333336,0.00038234517783333337,0.037402097338083334,0.018436119798,0.0013455834900000004,0,0,1,1,1,1,222.0,240.0,240.0,1.0,0.0,4.5,ok
166,13,-0.5006782953868475,0.4215734569067161,-0.3568026853551679,-0.6706251101995547,-0.029795770522568737,-0.927399627689341,0.5703508856755973,-0.6791665821907293,-1.179376745844993,-0.05059231743976148,1.7611116311784147,0.584275525171725,1.305450131537221,1.8121065580747557,0.03865129842891255,1.9031602952421343,0.696639440587129,1.4102269122767348,2.045571169968478,0.055732495269371386,0.003055537016666667,0.00034979871641025644,0.0006594984861538461,0.0018288466397435896,0.13386948035384616,0.0009550180915384616,0.026700188711538456,0.02804486806025641,0.01565308630769231,0.0006572555666666666,0.03275893342820513,0.00024241361564102568,0.00012384545871794875,0.0027020703128205125,0.00019538898858974358,0.0003221539765384616,4.860493333333333e-05,0.0013375151064102563,0.02084210935051282,8.792179769230769e-05,0.008210369135897438,0.0002758600715384616,0.005821868476923078,0.0006150485823076924,0.0001078026483333333,0.00029361548012820515,0.0006340189410256411,0,0,0,0,1,1,223.0,237.0,230.5,0.535714,0.464286,1.5,ok
172,20,0.7221689706789641,0.94173731715329,0.025444933974927992,1.1484042339511262,0.06226402882776324,-1.2614004314041964,0.8858725735626208,-0.881199426843356,-1.052536939009157,-0.010205945284064153,2.286826968939951,1.1641073191965776,1.218362075195354,3.4736218983441733,0.14399575652064805,0.9732431392736072,0.8039818212961187,1.0209186714443907,1.089440896179101,0.018377383678343063,0.011835607359166665,0.0006244248108333333,0.0013386133598333335,0.008180215260833333,0.05964264506666668,0.0045581603155000015,0.04096673763666666,0.060863144433333315,0.019184880669833333,0.003207312143333334,0.0049170286399999995,0.0004848978878333334,0.0017808892296666667,0.0023204361441666664,0.0006223152662500001,0.04704187904691667,0.0005435325939999999,0.0014421605805,0.006313769814999999,0.0009705850759166669,0.023001595935,0.0002506885201666667,0.0058204422,0.000456025498,0.07174858273791668,0.012604616825499997,0.0011139379725,0,0,0,0,1,1,225.0,235.0,232.0,0.7,0.3,1.4,ok
178,15,0.8444870729541952,0.9404528081829008,1.777218605333553,0.655781941059335,-0.12147821726361767,-2.063848049276882,0.9754445063227102,-1.4415970456047962,-2.3620266410830193,-0.06913388240229551,2.4091871752987766,0.7127564715141046,1.7107144427439267,2.557562840376072,0.07976926761030544,0.9571503154812376,1.1109225224500614,-0.3189564625615363,1.2007772654692406,0.15627540751849317,0.01981135359777778,0.000970812251111111,0.0014209377718888891,0.004404107845555556,0.06611470880444444,0.004093200669333334,0.026921406572222226,0.05255925313444444,0.06029311189666666,0.004284190451111112,0.005684681335555554,0.0004889712648888888,0.0022941549888888884,0.002133941782222222,0.0005110829597777778,0.07261544700111112,0.0007783715245555556,0.0014319996836666669,0.006033261338888889,0.0009921861051111112,0.02803502725444445,0.00036114481200000005,0.006108234424444444,0.0005190547046666666,0.11139400468011114,0.02220825434166667,0.0009941392945555557,0,0,0,0,1,1,225.0,240.0,233.0,0.533333,0.466667,1.6,ok
183,22,-1.6808309739253084,1.226107621358246,-1.0014624918338577,-1.1520437342861212,0.007540592494356039,-1.2095595625342206,0.801040846082273,-0.7315676401291267,-2.078472487890689,-0.09327931114824256,2.709354970144226,0.4708661889486965,2.375430257238707,2.622610264227038,0.015517404957511688,1.8757878556597556,1.5736752836250523,1.5248528453416237,3.3421336675749957,0.1386837040887907,0.10920388031818183,0.0009395661359090905,0.0004897878154545455,0.0020067123863636363,0.06166568921212121,0.0012495923137878788,0.015881295904545453,0.07060054839469697,0.00355162507560606,0.0012177252515151516,0.028254796143939387,0.00029715776371212115,0.00017900342712121219,0.02078267361818182,0.00024466000515151523,0.005713897179393939,9.651935484848483e-05,0.026963297113636375,0.0021423160784848484,0.00025043519727272726,0.0038889325409090913,0.0004138923836363636,0.012103745432575759,0.001079555128712121,0.00013076611446969697,0.00043677028348484845,0.003558019111060606,0,0,1,1,1,1,240.0,232.0,232.0,1.0,0.0,8.0,ok
185,5,-1.255034483716573,0.5989857273170891,-0.4164642857016976,-1.8969577898170498,-0.41976130268887757,-1.6713514160014,0.560063052210746,-0.8144973245594231,-2.2494015359342048,-0.3929219943023122,2.546505126280152,0.8749157046940277,1.242551594366893,3.456878622795948,0.6127243972122378,2.569600648574545,0.7855545696695732,1.337003507621124,3.370029530687651,0.5497349198900972,0.09593260474000001,0.0008306227786666666,0.0002863787266666667,0.00141883675,0.12569183,0.0007600537733333334,0.017780292320000002,0.012923617353333333,0.08077347065666667,0.003440049183333333,0.009374294299999999,0.0003068986853333333,0.00012725421333333332,0.005570707926666666,0.00036495201366666674,0.0007426026633333335,0.00010223088400000001,0.008052854533333334,0.003274891603333333,0.0003164910653333334,0.014087269099999997,0.0004752814763333333,0.013707225566666665,0.0010159375199999998,0.00020709377666666668,0.00043456129933333327,0.0006911797969999996,0,0,1,1,1,1,215.0,240.0,240.0,1.0,0.0,12.5,ok
188,7,-0.23448970348306236,0.2159245876498022,-0.2492286744350446,-0.34223018511175557,-0.048610116915045784,-0.4260296924241641,0.2756598936325068,-0.5034116004238228,-0.5371533826820327,-0.04470921174728357,1.034892978655819,0.3044489859629792,0.9964332301638774,1.231238784249005,0.08834794294107448,0.9929697788019388,0.38062091762860817,1.0122998825188825,1.2061101616257972,0.09126634386820645,0.004801369007142857,0.00048704249761904767,0.0005759245299999998,0.0014343618214285715,0.10648560514285713,0.00036346936904761907,0.009983019957142859,0.010941059247619048,0.0003360872952380952,0.00033922619285714294,0.0009334667952380955,0.00026064899,0.0001248927923809524,0.0014870762190476196,0.0002054381338095238,0.0006407206247619048,5.1180606904761914e-05,0.0012159025357142857,0.0002932683166666667,0.00011524540023809523,0.0029170587261904764,0.00022050080833333334,0.008130689219047619,0.0004472699847619047,5.374066095238094e-05,0.00020732663333333334,0.0007134086500000001,0,0,1,0,1,1,220.0,230.0,231.0,1.1,-0.1,2.2,ok
189,31,-1.1702529315159969,1.0866608532375797,-1.8974703299895943,-0.4600372569226968,0.05034558392405767,-1.446477201485798,0.6776409874137423,-0.7452247938567069,-1.7811522609472001,-0.040095133067380904,2.5345011983399717,0.6519030147069818,2.6524738459319144,2.207750008055632,-0.017092914968045023,1.6534517285695203,0.808730601392753,1.0607325842615332,1.8247856384903587,0.03404341179273053,0.11593452053548388,0.000490808213655914,0.0006443226921505374,0.0015517689876344079,0.05857211869892472,0.013184809968172046,0.032704905970967736,0.04645087566935484,0.008275191994946238,0.003004073082258065,0.00640360690860215,0.0003178623738709677,0.00035116100317204304,0.005602739695698925,0.0003156196308602151,0.07148380461822582,0.00018702565059139787,0.01176440610698925,0.02819488999784947,0.00033853181967741946,0.011911458682258062,0.0010016273071182795,0.0033861042602150527,0.001362038852795699,0.014955406866559141,0.0033017991679569884,0.0006950808686021508,0,0,1,1,0,1,212.0,238.0,233.0,0.807692,0.192308,3.0,ok
191,69,0.0896486638511908,1.0740574881660876,-0.36963898596645467,-0.13307128861612488,0.006778654904908539,-0.9510978999927089,0.7396231028185002,-0.5785258724645491,-1.1215453107984261,-0.012980885843414145,1.9817767715850507,0.4754395299631332,1.943808990159573,1.960371676055335,0.0010701712735152668,1.319572735050254,1.0426124163097208,1.8757693716668136,1.327818088718339,-0.012907270387881739,0.022138491440096615,0.0004646068605797101,0.000530719397584541,0.004109788680434784,0.07378921612560388,0.0019430942609178741,0.014555251822222224,0.02303607858246377,0.003826401100676328,0.009293454269710146,0.04365120498724638,0.0002982065570531402,0.000506539846835749,0.0028258034561835753,0.0004037928630193236,0.03098207721541063,0.00019666170499999994,0.0010968536110144932,0.00817471600492754,0.0003707269094685991,0.009842100496859902,0.0002405447831400966,0.005024734114492753,0.00035909411971014497,0.019869099955458942,0.010082588199806763,0.0008220868433816425,0,0,0,0,0,0,198.0,240.0,226.0,0.666667,0.333333,1.647059,ok
194,12,-0.974785245412571,0.2995552363636672,-0.7409297326564008,-1.3280307540484029,-0.07643950927770626,-1.8294856335498937,0.5646998458787923,-1.3140717273525957,-2.498668071102909,-0.15326992714426416,2.388022166130835,0.5891256135062621,1.8779495222879061,3.1009379931499823,0.1591986527911163,3.0126687457652497,0.8809950647750773,2.1831537688726357,4.061469367285305,0.24251958544949626,0.005191039855555555,0.0005874152388888889,0.00039687059888888885,0.0010334459805555558,0.14189267066666666,0.000929201226388889,0.001501026402777778,0.0017189317749999997,0.06739355655277776,0.0006582547569444446,0.0009056152791666667,0.00033801748388888895,0.00011720743388888888,0.0034809840777777767,0.0003060014601388889,0.0006127599002777777,6.711014444444446e-05,0.001818383994444445,0.0010993780069444446,0.00016626080902777782,0.018511001033333335,0.00021220863527777784,0.005479689555555555,0.0005359773508333333,0.00012322005916666666,0.00038801357222222223,0.0003247194883333334,1,0,0,0,1,0,225.0,240.0,230.0,0.333333,0.666667,1.25,ok
203,28,0.08401495523875581,0.8568538106256501,0.4104751995407316,0.058987059441761726,-0.030005655134451612,-1.1368098932900106,0.7485790071119354,-1.8339945860366365,-1.147110384126127,0.02660605478010592,2.0282961289192833,0.40861102447514497,2.080228364671257,1.7457424394203465,-0.011385990436466521,1.5858667321306168,0.8918806101411569,1.4840326042906087,1.2198202592328689,-0.005298860835615677,0.012255978602380951,0.0005958239779761907,0.0005149744669047618,0.0028265508494047624,0.08532514740476192,0.001448727399285714,0.048729711233928566,0.02138773632321429,0.0011068186001190474,0.0020212213863095236,0.023310725607738097,0.00024345122690476185,0.001011055029166667,0.004666136248809524,0.0002687611069642857,0.0016368495909523811,0.0002581664058928572,0.003796278635119048,0.0014326788577380953,0.0005171705605952383,0.0043719076398809524,0.000280915616547619,0.015328645068452381,0.0006288190273214285,0.04246650696690475,0.006416276321904763,0.0006655215923809523,0,0,1,1,1,0,200.0,235.0,229.0,0.828571,0.171429,9.666667,ok
205,19,-0.40306299738763396,0.272142492154588,-0.2917677405207524,-0.6086053594600044,-0.02483221033873853,-0.7428821964035051,0.3704439906288657,-0.6518813336634216,-1.0670700400437698,-0.031042146359925415,1.712556851152488,0.33753700570985257,1.5874606545716166,1.6488899621144317,0.009730940118409031,1.7421516024917703,0.34371753357367707,1.562780650614938,1.8918930618987597,0.02711055742866608,0.022277274045614037,0.0003727619552631579,0.00035339359736842103,0.0025772829271929827,0.07311816489473685,0.00047210330175438594,0.01820636732105263,0.02710907241842106,0.006124018521754387,0.0012227422549122805,0.026863278591228074,0.0001564643194736842,0.00016037072394736843,0.0046859686494736845,0.00022039532333333338,0.0007237236529824562,5.162928798245614e-05,0.0017370477491228068,0.0005340265004385964,0.00019156094991228066,0.0061309920385964915,0.00024651859517543854,0.013505487986842108,0.0005298664037719298,6.773396921052634e-05,0.00024921607535087725,0.0027437822913157902,1,1,0,0,1,0,220.0,200.0,220.0,0.0,1.0,0.0,ok
207,19,0.6667325910902705,1.289670908924733,1.1168618275856446,1.3532469916210477,0.05386261487514278,-2.319420823925606,0.7467509423300489,-2.1407868189657386,-2.9585239971892068,-0.07985689468626139,2.6841712853484507,0.5475971554540332,2.1931433039267016,2.5836034726545583,0.030186017210019175,1.4276166947168267,1.5002638160187498,0.3343015277206803,0.9130612376794701,0.009300093114057143,0.09530153127368421,0.00034161676263157897,0.0005358918131578948,0.0027147750026315785,0.07672212740350877,0.001676250064035088,0.030674959347894735,0.011480212563859652,0.04882508959508771,0.019522277417543858,0.04094178447368422,0.0005317147354385965,0.0018425849100000002,0.002697589585087719,0.0005517548796491228,0.0007452976385964912,0.0004723077018421053,0.001258908592982456,0.0030621630736842108,0.0006740326605263158,0.019436376640350885,0.000546963655,0.004311208852631581,0.00040080426105263165,0.07257620517526316,0.022471565342368424,0.0007511408157894737,0,0,0,0,1,0,200.0,250.0,230.0,0.6,0.4,2.307692,ok
214,51,0.1747152219762772,0.8975488105813788,0.020677832001154802,0.19701966197112336,0.015253945692062985,-0.7773003418958971,1.3569029248464572,-0.7688783617067223,-0.08302232213902053,0.024708605415058912,2.003054601350695,0.8680812029687753,1.5290252785247505,2.3222621325483646,0.026654007969505365,1.351454333641713,0.7507067559811309,1.0245648468163877,1.5964570044906743,0.013153656095907998,0.03641651731699346,0.0005379332335947713,0.0007901147969281046,0.003982864513071896,0.04565473552549021,0.003309109716895425,0.03509846941633987,0.051953666799346404,0.012202347435424843,0.0026186373418300656,0.03566228144771242,0.00601686549392157,0.0011046119724183005,0.0074128290305882335,0.0003315439600000001,0.014624729667320261,0.00021049775519607842,0.0008891464903594768,0.001509404132418301,0.00031454991460784325,0.014517312018954258,0.00033968962183660137,0.009172020643137255,0.0004250673441176472,0.027326926275084974,0.0051435816021568655,0.00212966175006536,0,0,1,1,0,0,185.0,240.0,229.0,0.8,0.2,6.285714,ok
219,20,-0.8118765676770906,1.699718731000686,-0.4161597924129832,0.006443692743013818,0.042611891541619214,0.3424036765680329,1.3150506886050248,-0.424084888271957,-0.19668784011201665,-0.02426618861628407,2.1980003277430358,0.6879298938418111,1.6454692033500715,2.477820023486465,0.04984228625914048,0.2259207270344083,1.8410413820758091,1.181379386761473,1.3594274979351917,0.07430564133928456,0.06688267226,0.0006861643591666666,0.0011034739551666667,0.0080278839775,0.03087393868333334,0.008018667560000001,0.0065205928715,0.0399193707575,0.0187237656975,0.022511141327499998,0.031737904395,0.0005213845129166667,0.00021660999883333336,0.0034124108283333328,0.00044371680916666654,0.001032974001166667,0.00016140135925,0.026718215231999992,0.028446691841583334,0.0003809747034166666,0.004882168221666666,0.00044898500450000003,0.003091196004999999,0.0013597539203333334,0.00015111732158333332,0.0020431551973333338,0.0015463070641666666,1,0,0,0,1,0,220.0,240.0,229.0,0.45,0.55,1.125,ok
22,14,-0.25457809050724384,0.32328990457150275,-0.7250794148774439,-0.10880116159369088,0.05615978375339096,-0.5969366026617456,0.45901406290053626,-1.2350018228930593,-0.3166817377983654,0.0858254562976467,1.623589878793726,0.3038310729112392,1.7524778970001866,1.303628452445268,-0.04157075949494936,1.6375200144367168,0.47965961591958295,2.1221814150127383,1.187634590217295,-0.08699930409900596,0.03667633943095238,0.00047277248619047627,0.0005514320911904762,0.0030217560214285707,0.12943177870000003,0.0004566126904761904,0.03411535830952382,0.05222159388190477,0.0038217549569047617,0.0026738849795238094,0.042890120098809534,0.0003798515928571428,0.0001872784784523809,0.0033712328376190467,0.0002545608764285714,0.0009453749761904757,6.833624392857145e-05,0.0013882295488095234,0.0005111465726190476,0.00010474880214285714,0.011729834305952381,0.0003729358665238095,0.005842906497619048,0.00045703589892857134,6.783402119047621e-05,0.00037986817809523805,0.0014672085621428572,1,0,0,1,1,0,220.0,240.0,229.5,0.475,0.525,2.375,ok
229,15,-0.057216989323626066,0.1852465513380499,-0.18808740818472044,0.07305562894208328,0.018092194027414774,-0.22195657653248346,0.2306471938949807,-0.41859336405475106,0.0023428239762446233,0.032214787361888195,1.1025136914576257,0.3431381260727667,0.9152750913529981,1.541111733375328,0.06383795225534006,0.9603753583577324,0.23696419179963238,0.8976777739281318,1.186453210098343,0.035625641883092196,0.0018663726164444446,0.00041462670988888885,0.0005924926264444443,0.0021377100711111106,0.03463654784444445,0.0007446642446666666,0.024857177787777778,0.035909713275555546,0.004763475462222221,0.0015986434704444443,0.03177830377333333,0.00028109796955555553,0.00018762004766666667,0.002125962934444445,0.00028754800011111114,0.00016869078822222223,7.8418903e-05,0.0011117108593333334,0.001586486514444444,0.00012871855377777775,0.0021108691266666668,0.00013284409484444444,0.0028675607777777783,0.0001517216773333333,0.00011374495188888893,0.0004785904266666667,0.0010027037370000003,0,0,0,1,1,0,205.0,235.0,220.0,0.5,0.5,3.0,ok
230,11,-0.11554199251871973,0.2501662407617318,-0.3341344942362168,-0.016138530882177274,0.02873533064166935,-0.281380606931768,0.28845702736527257,-0.5409928388584765,-0.11795879229584419,0.04314255939575881,1.2479374661020772,0.29529555914080313,1.0673357489421686,1.6079133417822726,0.07956998360149858,1.088245239641982,0.20518409303213705,1.0293315679106865,1.2756634298944718,0.04215136309424642,0.026543308528484844,0.00041728714333333345,0.0006392738245454546,0.0023043069727272728,0.04131247136363637,0.00038059579696969695,0.030360464750000003,0.050596487113636374,0.0035943350606060603,0.001971152312121212,0.043193294006060604,0.00031371344999999996,0.00019715239439393938,0.008245166816666665,0.00032496044409090907,0.000145178733030303,7.812040015151514e-05,0.0012281925954545454,0.000981982223787879,0.00015569146106060607,0.0030807264000000003,0.0002290202490909091,0.00460145331818182,0.00021729544303030303,0.00012443399590909095,0.0005260702003030304,0.001303630265909091,1,0,0,0,1,0,215.0,235.0,220.0,0.25,0.75,1.0,ok
232,9,-0.0010615794224764189,0.5449110106916311,0.6894153554355366,-0.3141784625159495,-0.14851116247755702,-0.8400723391173214,0.27235754845032567,-1.0669644201682702,-0.5743787460123763,0.08694615971325083,1.5344490738394092,0.5834739194593092,2.172621816591709,1.0503310504287,-0.16376932966532817,1.3000811436736148,0.25200231276457524,1.2641995351718431,1.1057260814854082,-0.02419944767067232,0.039688530675925926,0.0018725344433333329,0.001056069902962963,0.005848170742592591,0.02664707624074074,0.0004983404916666668,0.006727715014814816,0.017765725674074074,0.006344578944259259,0.007770415718518516,0.001736940485185185,0.0006822080555555555,0.008127567510555555,0.0014248217407407404,0.0004933346962962963,0.000843066612962963,0.0003263125668518518,0.0009919478907407407,0.0007783556333333334,0.0007449239887037035,0.014101998251851853,0.00036048522092592595,0.07307151445185184,0.000574320423148148,0.001308479938888889,0.0019858671518518515,0.003693622397222223,1,0,0,1,1,0,210.0,260.0,230.0,0.4,0.6,4.0,ok
234,29,0.8811324396889632,1.1293487562808253,1.5406394722102905,0.38031631187504045,-0.05788341787351197,-1.251458396097862,0.8832771466300299,-1.5070687294924747,-1.8004232667982152,-0.013180028550342397,2.3121668494705023,0.6982255110987123,1.9591535625281777,2.955840298506445,0.05196275582991042,0.8259809478469601,0.8924391289669967,0.20054339273070798,1.3210573824292262,0.05647483780990985,0.0009021054724137932,0.0007331446218390806,0.0008428851110344825,0.004137445883333334,0.028701007181609197,0.007696138742068965,0.045058275622413796,0.04742963849712644,0.013602924372873566,0.00866965780103448,0.04135904035574712,0.0005777863470689655,0.0016894777246551729,0.0025362923341379308,0.0041396030691954015,0.03369773163919541,0.0006618174554022988,0.0016865887201149422,0.0006249990609195402,0.013148931299080461,0.007565285821839082,0.00020216514203448275,0.019251948127011496,0.0010061029932183908,0.05310127656344828,0.017726304651781613,0.010100466771264372,0,0,1,1,1,1,224.0,270.0,270.0,1.0,0.0,11.5,ok
241,14,-2.59298912926525,1.774164988277593,-0.6327641599213498,-2.411985997346452,-0.19122286075563677,-1.0218938429699127,0.4238956032796627,-0.5715244864283404,-1.2453273540348662,-0.053292153985285313,2.936600448332268,1.2135246195253702,1.394045665293084,3.0482995565324176,0.17041424847549497,0.9128413392786803,0.8420288588444215,0.9765689602734817,1.388873629764302,0.016974089352460264,0.08594340161309522,0.0007963394452380953,0.00049512406,0.0011229801273809521,0.05377549285714286,0.009724697476190477,0.004782261739285713,0.029820040098809526,0.013187813123809523,0.0005490751226190476,0.0010863554666666665,0.0003682792028571428,0.00010600020726190477,0.006771942307142857,0.00042070173083333325,0.08964577939380951,0.0001236938380952381,0.05047249840333333,0.010866167496428571,0.0003168500469047619,0.010679516166666665,0.0011982866847619047,0.008099242386904761,0.0014137783169047616,0.00017224523595238094,0.00042050471547619043,0.0005949875371428572,0,0,0,1,1,0,215.0,240.0,230.0,0.6,0.4,3.0,ok
245,23,-0.07113093183142867,0.8860725530979935,-0.7444907716391376,0.36132567306723723,0.053275197867786554,-0.02966243749423392,1.4481073746959263,-1.268055395779234,1.1064900585227675,0.12113664608609666,2.1608799075136114,0.5012377022656147,2.4764083343029535,2.441482248210479,0.006295699155033343,1.5732555651615268,0.7220419169412945,2.3580099025671686,1.1530911307989786,-0.05647482147207645,0.06304568297391304,0.00034524164478260864,0.0006500633263768116,0.007305274336231886,0.059724878028985504,0.003076127400724638,0.025519497349999996,0.03023618586304349,0.013674979932898549,0.00676902499289855,0.08226324554565217,0.0004316090739855071,0.00023512702644927535,0.0026501971837681157,0.000320784211884058,0.0011445649186956521,0.00010959299079710142,0.002273217559855072,0.0009847142137681157,0.00027500170391304345,0.0057889384956521725,0.00039460149391304345,0.008977357413043478,0.0006545587610144926,0.00019151865608695644,0.0008112370972463769,0.001197702594202898,1,0,0,0,1,0,220.0,240.0,228.0,0.4,0.6,1.333333,ok
252,8,-0.3020067156411782,0.2176844084019261,-0.6353855079343926,-0.28023781049258073,0.041417943986469495,-0.8514285328160205,0.06323982399865873,-0.9018626941517434,-0.8645080310143479,-0.0022986465526103226,1.873226886955446,0.40076914634598887,1.854834902733543,1.5082329565192196,-0.07796665595619398,1.7032687228014258,0.171231582334693,1.505766297552589,1.699177835933458,0.029157680538544655,0.04928922984791667,0.0003726883520833332,0.000381384118125,0.003464569416666668,0.04221277877083333,0.0011613776083333335,0.04586725321666667,0.13213060805208332,0.05015441879999999,0.02008745901666667,0.015419079324999998,0.00041667993791666663,0.00028206966875,0.014278185152083334,0.00028310811791666673,0.000850765348125,0.000102644674375,0.005170426608333334,0.0026320624645833333,0.00027344591916666664,0.04375497149791666,0.0005585933050000001,0.007272749220833332,0.0004422333904166667,0.00028711016979166666,0.0012016626104166667,0.0016357655625,1,1,0,0,1,0,220.0,235.0,220.0,0.0,1.0,0.0,ok
254,13,-0.141255021903882,1.1315844054465631,-1.6158045815484003,0.5135813841252714,0.20170459527480378,-1.6423309736796976,1.039544750640148,-1.4681813048980015,-1.3531214258457571,0.03750208886113223,3.5161555789181707,0.9294705916581164,3.1613166396819814,2.966629102909913,-0.042638371834163975,2.1042776954958406,0.8142240919714657,1.672923512372193,1.7377033747431394,-0.00785326240694445,0.08492357687179487,0.0013864672705128206,0.0009807843523076923,0.00701864850128205,0.04414423221794871,0.050443414434615384,0.021603399083333332,0.01892216755641026,0.0012228877179487178,0.006822531671794871,0.07893292632717948,0.0009043451165384614,0.002283394997307693,0.004962106728205129,0.0006424503814102564,0.001498359237179487,0.0005536875582051281,0.005149890680769232,0.0014160812615384617,0.0015524779097435895,0.008475056676923077,0.0007583272192307693,0.07925958391923077,0.0025466759128205127,0.03887950613756409,0.008350980770512821,0.0025897886243589742,1,1,0,0,1,0,217.0,240.0,220.0,0.130435,0.869565,0.6,ok
256,26,-1.273331006501572,1.1007058332852488,-1.167409540480301,-1.7558818618596468,-0.01747716475414809,-0.7203842999278698,1.1080651791924756,-1.6302055520265872,0.005793245539315212,0.0817828512564887,2.6005165532495482,0.6210202027040115,2.5474262754312478,2.841421726310708,0.018921347631517912,1.5364506854704558,1.63164279716973,2.5022029862800483,0.5371282466064425,-0.08452876875119651,0.06804471477692307,0.0005409793067948719,0.0005734595361538462,0.0038947886173076925,0.08829827056410254,0.0062461081765384585,0.04783823855833333,0.07362942350442307,0.022982950754038462,0.003715601966025641,0.05890086864230769,0.00026611554256410257,0.0002497796337820513,0.004296259955128206,0.00030183042935897443,0.0023665468523076925,0.00010602237006410254,0.022228516755641026,0.01586088963628205,0.00022477818455128205,0.015009908542307694,0.0007920730264102562,0.006068696151282051,0.0016969971102564106,0.00014883597121794872,0.0006291867009615385,0.009933597645961535,0,0,0,0,1,1,220.0,240.0,231.0,0.55,0.45,1.571429,ok
259,17,0.5063054481690705,1.6518371778440235,1.8671978838526795,-0.4868765414000113,-0.17658673597030217,-2.172181863814425,1.1289367557573389,-2.6326595189019804,-1.450153327002213,0.08354463866587211,2.2416613727983297,0.5292134217095206,1.7997838883078843,2.1205682127491574,0.030614708839574987,1.1945723921779996,1.8725709142146325,-0.8772182811053655,2.583328650833695,0.26984726418455235,0.006446428410784314,0.0007689423039215686,0.000508182372745098,0.0013536345470588236,0.06376734311764706,0.0030036905949019613,0.0420581821627451,0.018185076967647065,0.0017272449019607849,0.004590998142156862,0.0025245794619607837,0.0008973656147058823,0.0011053731681372548,0.0027778360911764706,0.07006956030294118,0.058427436374313725,0.0005130075471568628,0.0015952640519607845,0.031131204757843138,0.0071056030560784295,0.014093507860784312,0.00018796309764705884,0.005136827294117648,0.000542332170882353,0.05154821917225489,0.021297525586372556,0.025928253329313724,0,0,0,1,1,0,180.0,245.0,225.0,0.692308,0.307692,11.25,ok
260,12,-0.7833259559899668,0.4648203934914446,-0.6886348437664778,-1.0292105280954973,-0.05282140634929777,-1.1541603040783184,0.5006395366593203,-0.8508474696019608,-1.6217103436948617,-0.10530556020826008,2.0491737118628683,0.6389494128309684,1.6848757469384246,2.653871055751555,0.1302034103071437,2.0116560861310835,0.7058846123809558,1.503689308086552,2.7544789073218547,0.16741008845191457,0.023163190988888888,0.0011176695916666664,0.0007780837261111111,0.0020527177500000004,0.12553108622222223,0.0006994206277777779,0.01993801184722222,0.0386275451375,0.0014332262236111109,0.0022674589736111114,0.006021779706944445,0.0005371360652777778,0.0004734918072222223,0.01874625546944444,0.0005264402790277778,0.0016606008677777777,0.00018657163555555552,0.0029380006972222227,0.0006458387583333334,0.0002202261638888889,0.015584136780555556,0.0006139086536666666,0.008805747012500002,0.0008391705033333332,0.00014986689333333335,0.0004227101755555555,0.10992683071083333,0,0,0,1,1,0,215.0,235.0,226.0,0.55,0.45,2.75,ok
267,9,-0.4110381837928353,1.344082323169669,-1.651868322729202,1.03827024173618,0.4159328111125219,-2.0862539324124025,1.1951656247084945,-1.5654461412570424,-1.2440479613105877,0.05577317375885367,2.582731545662437,1.018791589291452,2.497839300017735,1.5785953154782302,-0.1421906251718481,1.854225719955051,1.3227965588050576,2.0357317218681046,0.4000078350845236,-0.24956426207367063,0.12161831034814814,0.0011507911259259261,0.0008048613444444445,0.001998153031481482,0.14181094133333333,0.0030795189111111117,0.015299079135185186,0.04041908906481481,0.03496067007777778,0.0015789366925925928,0.003365196338888888,0.00042377893555555564,0.0008689123600000002,0.06706713088333333,0.0004209794274074074,0.1296016383537037,0.0005049132692592594,0.005402350951851853,0.0025742723722222225,0.0005556620924074075,0.011657150966666668,0.0012783843109259257,0.0036429081666666677,0.0009135691225925926,0.04854671058796297,0.011822196079444442,0.0019241444555555553,1,0,0,0,1,0,218.0,240.0,225.0,0.318182,0.681818,2.333333,ok
268,13,-0.36956619858631484,1.223332472855714,-1.652067458989933,0.5690034820941781,0.2284382473952324,-1.1055553443302695,0.5725540529578272,-1.511647646502483,-0.5401425951503094,0.1171342231712385,2.653470930476883,0.9894130767961737,2.8896592313111533,1.8645752825505277,-0.13887761226639525,1.2136679123776013,0.6299187359977405,1.6383002041849521,0.570583010064524,-0.1241022471180503,0.1303693937333333,0.0006278174305128206,0.00035712245282051283,0.003305666024358974,0.055508140730769255,0.00559144631923077,0.012428104412820513,0.022490770760256414,0.02970916171666666,0.04211307068076923,0.025900508773076928,0.00029839086923076917,0.0007541154855128207,0.018336021815384615,0.0004244937825641026,0.002071400481794872,0.0004964913232051282,0.003915902862820514,0.0013546445315384616,0.0013740016375641028,0.00960193248205128,0.0008078380133333332,0.007901799451282053,0.0019026247494871795,0.000984437986153846,0.013615098733846155,0.001273110678974359,1,0,0,1,1,0,215.0,240.0,225.0,0.4,0.6,2.5,ok
271,8,-0.9742942974693314,0.31161207507744154,-0.49736379287581334,-1.0961108188215676,-0.09078853297461409,-1.8121119765423213,0.5359056246366006,-0.9671975953746415,-2.1864826834647304,-0.19978011781246902,2.395530999595874,0.6136818110072415,1.4553898187983263,2.8399520284176987,0.22843368902607689,2.9505942545204324,0.8688801190695675,1.6053595098009317,3.609611018589258,0.3314326702566895,0.09958240404583334,0.0006796558866666667,0.00036686118291666663,0.002880112308333333,0.10082373520833335,0.0012145108816666666,0.0017631877875,0.002060037139583334,0.09888179286666668,0.0031920429520833344,0.011611066349999997,0.00041571754166666667,9.834521666666666e-05,0.004129203995833332,0.0003225647177083333,0.0007258905562499999,7.778418479166665e-05,0.00106844548125,0.049415017848333326,0.00018961930708333335,0.050215155541666674,0.00041604227520833343,0.004473714437499999,0.000215839425,0.0001960096679166667,0.0005329205033333333,0.00033433304791666665,1,0,0,1,1,0,200.0,235.0,215.0,0.428571,0.571429,3.75,ok
272,49,0.4324336451545407,0.9871086527036567,-0.18041160669239253,0.9558895573891969,0.023546041262865722,-0.5330162939383872,0.6607920939419567,-0.6030497114216913,-0.24430070298108858,0.009468453189477248,2.1831224645112823,0.4938831415916187,1.96880488441974,2.439138819948859,0.017329182623105118,1.2153653855775148,1.0533346308373317,1.8720295706456553,0.7198984788923196,-0.02187707296665928,0.011769174476394549,0.0003560661150340135,0.000771416298027211,0.006065330930952383,0.05279116284217688,0.012111871212857138,0.04252936995442175,0.04884661117891158,0.00435218370734694,0.019650595847619048,0.07054496222040817,0.0003315112928571428,0.0009394067355102038,0.0019734216091156463,0.00074883867877551,0.0006366377663265306,0.00030271271812925166,0.0010259461678911563,0.0005617296405442178,0.0008394132971428572,0.017092690844217683,0.0002577030636190476,0.007196938427210883,0.0005427065063265306,0.011232938444217674,0.009832487022585034,0.001131165664557823,1,0,0,0,0,0,189.0,240.0,210.0,0.411765,0.588235,2.333333,ok
275,9,-0.4948489513310701,0.3068034022185706,-0.2800132178600802,-0.638062867311835,-0.06035918357609432,-0.24119928850014002,0.5963001320221734,0.31905037511800544,-0.4678079038532515,-0.11358500502352949,2.437480576950986,0.49086786120898135,2.3790806460511207,2.241632964710814,0.0025064133890763804,1.5574682673341933,0.46684191939349745,1.0924948343303504,1.5312580898473491,0.06995935654235952,0.03068465600925926,0.0005977256851851851,0.0010150104551851856,0.008099790294444444,0.06995065147777778,0.0013219280142592591,0.008640824546296296,0.007404074828703703,0.013755080541851851,0.01602980080740741,0.12165137129444441,0.0006882765748148148,0.00040442413037037033,0.0300285447537037,0.0002569997992592592,0.07095772729407407,0.00012713290574074078,0.006288512627777777,0.0009121796296296297,0.00021431423499999996,0.005038943562962963,0.0006386398153703705,0.002506217814814814,0.0014171891018518522,0.00020899778907407403,0.0008717405499999999,0.0009876367703703706,1,0,0,0,1,0,215.0,250.0,228.0,0.371429,0.628571,2.166667,ok
278,15,-0.5170063822303779,1.0755409651231935,-1.6205383161737656,0.11681562670796009,0.14824533821535696,-1.4975414532770375,0.700716979077256,-2.0104530229507067,-1.563294998174729,0.03274039770451955,3.0169512959561073,0.527219631551347,3.0351626129685227,2.8606963496222626,-0.010508428487120601,2.7289590076687142,0.9209649154417383,3.196572298279642,2.2067724118912757,-0.06714638473734076,0.019030643977777775,0.0010368676331111112,0.0007575404518888887,0.005358273121111109,0.09677863653333334,0.0012752139,0.04447548748555555,0.02738568388888889,0.015264062403333334,0.021857353660000002,0.023950171192222217,0.0004972541513333334,0.0007853498305555554,0.01079550157777778,0.0006140611513333334,0.0009593482799999998,0.00021572200655555553,0.003997673970222221,0.057830840088888884,0.0009784762703333332,0.05638068413333334,0.00045268459257777766,0.0059071641133333335,0.000673534848888889,0.001714158552666667,0.006424818471111112,0.0007313870698888887,0,0,0,1,1,0,205.0,240.0,226.0,0.6,0.4,3.5,ok
282,26,-0.8596285951273573,0.5183537995850247,-0.5177520528089641,-1.1666024785092501,-0.042251520641888564,-1.5886621549690765,0.4749354297770089,-1.2896261966355587,-1.8229003409536075,-0.03623415440825055,2.743566532852889,0.7380146314240208,2.173919551281318,3.31531485605286,0.07118898962712807,2.845462420357264,0.6070518867728658,2.4567857573076095,3.101618929858355,0.04423707839248628,0.07301389493205128,0.00037647892891025636,0.0004185763096794872,0.002628004842948718,0.09436013880769233,0.0017475281974358972,0.04785923029935897,0.059342991194871804,0.014616520769102562,0.01300765706551282,0.009446771552564105,0.0003581086148717949,0.00031442767326923083,0.025453780109230766,0.000507039576602564,0.0010659617315384616,0.00015466755692307693,0.002311654873717949,0.002195491212179487,0.0007599947521153846,0.014867221587179485,0.0004277612519230769,0.004719380111538462,0.00047049314602564096,0.0004300612644230769,0.0011971268687820515,0.0009983754252564105,1,1,0,0,0,0,230.0,234.0,230.0,0.0,1.0,0.0,ok
283,24,-0.13394993081167297,0.3517589296421466,-0.24583901223810994,-0.1808942785370081,0.008829997831465956,-0.777300209057977,0.873798898160384,-0.40478694513753505,-1.604848567749125,-0.07886830250042773,1.8073618995846017,0.519566006620488,1.573322530228872,2.02090675926168,0.039121704746126515,1.6441534584706161,0.5020762697416968,1.3666526170740125,1.7814888378775522,0.025245203361786792,0.011564874844305552,0.00030499855125,0.0005784545369444445,0.003298449690277778,0.0604358955763889,0.004049231085555555,0.03658568892916667,0.06512669313888889,0.011984278946527779,0.0026221322333333332,0.05616800191555555,0.00023740305055555555,0.0004548462078472222,0.005613743831944444,0.00024766950569444444,0.000423366361388889,0.00013201443868055557,0.0016427032333333335,0.005449248841666666,0.00022859516666666672,0.004901151820833334,0.00010651647756944445,0.006054351661111112,0.00023705112055555553,0.016153745693750002,0.002948905884305556,0.0006898703077777776,0,0,0,1,1,1,215.0,245.0,233.5,0.616667,0.383333,3.083333,ok
292,9,-0.20340478420575256,0.20556679441666256,-0.45262526141796294,-0.10709098276595248,0.051248802049280485,-0.28054964448894354,0.30965796764474673,-0.6755468922877768,-0.10464459382945436,0.08763701597266033,0.9901400231212725,0.3458910606578662,1.4158439563704086,0.8240394425292973,-0.08581740038368305,0.7733892113612436,0.41957617819981813,1.2945894118492658,0.5823008281539347,-0.10523637923844911,0.0048201866314814806,0.00048348247777777777,0.0006912127242592593,0.0017002871999999998,0.0695503737037037,0.0005573764388888888,0.07935217791111111,0.0034444355907407406,0.001532603437037037,0.00042727688148148154,0.0014428299814814817,0.00039325799074074074,0.00016510917111111113,0.009134476346296296,0.00036300996740740746,0.00044307676203703697,7.916081629629633e-05,0.0029500271796296298,0.0010340268270370373,0.00032833267888888887,0.004236604577777778,0.00017461037000000002,0.005725231707407407,0.0004150665885185185,8.334351648148148e-05,0.00039541564259259256,0.0007793415061111112,0,0,0,0,1,1,230.0,235.0,233.0,0.6,0.4,0.6,ok
304,15,-1.0730484870846013,0.4430782016622408,-0.7391494528871624,-1.1502289349269847,-0.028353678840854372,-1.206334399728936,0.3466133934969191,-0.8272868839493004,-1.331450002307119,-0.04567252863084748,2.7573947844755082,0.7095459070231273,3.008109441004062,2.2913853046419943,-0.06501893372645808,2.2418519749262344,0.3455417305844618,2.1468424173761607,2.107734959021709,-0.00022033995564876892,0.09188727860111111,0.0005912154344444445,0.0007878888404444444,0.004221541121111112,0.08963056200444444,0.001190889677777778,0.014278462873333331,0.021852298791111106,0.008729072607333332,0.009938040336666669,0.05668591378444445,0.00045965168755555545,0.00023646821144444446,0.03533759572666666,0.00042444403566666656,0.0018687519793333335,8.485130599999999e-05,0.005442310250222222,0.005611393668888889,0.0003028897036666667,0.07604889680222222,0.0009544075499444446,0.00429101165111111,0.001138155239777778,0.0002916143644444444,0.001139915258222222,0.0013428361955555555,0,0,1,1,1,1,215.0,235.0,232.0,0.85,0.15,2.833333,ok
306,20,-1.3729025046625716,0.5249635928335753,-1.426971288209395,-0.9830343819909757,0.04178080912718915,-1.2889074465886918,0.4908668564205945,-0.9869984616099693,-1.640168426848092,-0.04976756670409873,2.5896764841869304,0.6238537135305016,2.2997896213174895,2.3370507727098726,-0.012345624134082418,1.9414155223726344,0.8379738552605563,1.273335760343149,2.6483826038179075,0.10267352130835643,0.06285556027666668,0.0006550057999999999,0.0003838280233333334,0.002470512624166667,0.07711450323333333,0.009423885234166667,0.01362000803833333,0.03164245679083333,0.010994251955,0.0027115533741666658,0.011277682025000003,0.00026308096499999995,0.00030642200091666663,0.010610620967999999,0.0002881636045,0.03785558615916666,0.00014090582466666667,0.012547827033999998,0.047267644558333335,0.00028498066074999996,0.006825194066666663,0.0005633638604999999,0.015612877440000002,0.002288109543,0.00018969410800000002,0.00041590431866666666,0.023529707545333334,1,0,0,1,1,0,215.0,230.0,220.0,0.333333,0.666667,2.5,ok
310,16,0.09982647590168683,0.6631040940928997,0.7239158282116948,-0.3259515001226823,-0.1075873479650314,-0.6739482437400208,0.670606831150818,-1.256667322619741,-0.69729896759995,0.03955233973197352,1.337505401224138,0.2620319997029646,1.2704499221824395,1.3306974949063048,0.016218279107942928,0.9637072947953712,0.7065292997240142,0.30510407584638943,1.407495174929004,0.12034372136664316,0.0014976965916666668,0.00041904160104166673,0.0004027829889583334,0.0027936930270833337,0.04966082271874999,0.0012788790481249998,0.008155279177083332,0.018200288738541667,0.00397175573375,0.0033441587417708334,0.04383213438958334,0.0003330707208333334,0.00130226672625,0.00264935940375,0.0002720196102083333,0.0015982579577083333,0.00024415138197916663,0.0006786462729166669,0.0005276490958333333,0.0002856400017708333,0.030769223862499997,0.0001361181108333333,0.006238828250000002,0.00037563815447916657,0.04759700955687502,0.006515772817708334,0.0004524218414583334,0,0,0,1,1,0,210.0,240.0,227.0,0.566667,0.433333,2.833333,ok
312,16,-0.7993041263719364,0.9168471093088316,-0.7566372523076328,0.06873861479054039,0.08459456308439268,-0.7863500285804421,0.8733919490718504,-1.0716689826137873,0.1990183685943523,0.12003273814333522,2.032629112766964,0.6989073124479754,1.763768788075738,1.647276693126665,-0.007111308365413467,1.5752907893475685,0.6993002785191293,1.4381959792450933,1.064960294396217,-0.022379204670305776,0.08272740636562498,0.00052375443125,0.0006094113708333332,0.0026617499625000004,0.0689726144375,0.04529241707500001,0.0053858456885416675,0.010638711970833336,0.001023800799375,0.002847676807291667,0.043802852791666666,0.0002925755339583333,0.00017700366104166668,0.014093038680833335,0.000434848793125,0.001347097970625,0.00021095997083333339,0.006150895760416666,0.002392618701458333,0.00044961798687500004,0.003342063779166666,0.0008498911624999999,0.002583915645833333,0.0009170959852083335,0.0005206643639583333,0.0013284908065624998,0.005438336965208335,1,0,0,1,1,0,210.0,255.0,228.0,0.4,0.6,3.0,ok
319,30,-0.26465567961334163,0.4682555351880248,-0.3480227739106938,-0.03879656549494899,0.009339840454144233,-1.2468368718589355,0.5029923340215775,-1.0388618013891495,-1.5164977154088708,-0.022454430150672666,2.059773548280048,0.5192755111624796,1.9345553768274524,2.208516635022172,0.01873042021451182,1.6907631486880603,0.7855540889871685,1.9213352843210951,1.499861027211279,-0.003389382768697334,0.03247934194500001,0.0005394122624444445,0.00044735718033333334,0.001828733142777778,0.05624620325000002,0.009203516974000002,0.05877044435255555,0.028143464879666662,0.0029783538856666667,0.008765426392777779,0.011180548138277778,0.000549024753666667,0.00036607538944444446,0.0052417359380000006,0.019494425286111106,0.03377147743444444,0.0003634984495,0.0011987802472222218,0.01470497637288889,0.0015640358562777777,0.007945410558333333,0.0003113443568888889,0.007234778035555556,0.000664730497111111,0.0013447489076666669,0.008265085417555558,0.005012769708555557,0,0,1,0,0,1,215.0,233.6,231.6,0.892473,0.107527,2.371429,ok
329,17,-0.6702609664400574,0.2905152084950028,-0.7325893414233615,-0.6806289098086956,-0.011061743867096076,-1.4011438939792165,0.3310075706832696,-1.3013792342612533,-1.4097423767745394,-0.025189526392428104,2.0171299792547113,0.3694953915663244,1.8327121072350099,2.0463280497326077,0.0339130272923122,2.472720354495499,0.4881603167636117,2.1931357417572372,2.4845711172683913,0.04400533362907168,0.013368374272549019,0.00039177107862745086,0.00022189511990196076,0.0008927689137254902,0.11030245539215688,0.0011247686062745097,0.05371615343333333,0.03761728377882352,0.003155284895686274,0.0005748088049999999,0.004662553560784315,0.0002666056744117647,0.00012588222598039213,0.004735901178431373,0.0001987277838235294,0.00034861374274509796,3.395575e-05,0.0019499521882352941,0.019275512746666668,0.00012385564823529414,0.007377013449019608,0.0002513512509803922,0.007779151371568628,0.0003841109252941177,9.217250274509805e-05,0.00014940139039215685,0.0008761549411764706,1,1,0,0,1,1,235.0,265.0,233.0,-0.066667,1.066667,0.666667,ok
332,36,0.2531550469482997,1.6793502922396986,-0.9461640278445606,1.7315795207315576,0.09830415641679731,-0.9294280403741237,1.2916856421736953,-1.2154966702117067,-1.4060175211864294,0.0035116776649094512,2.2166035328352356,0.4373650342011577,2.150335903056785,2.1483591073716912,-0.0014255316800308206,1.30535245307757,1.6322374980460839,2.1742794464695194,-0.0866295521191243,-0.0865211640750814,0.04171094109907408,0.02370375985453703,0.00048423728393518525,0.0032284930462962956,0.07991258936851851,0.0014893175494444444,0.03938328228703704,0.0237777547975926,0.0019944998184259263,0.012058086627314814,0.04789670918055555,0.00030490203013888885,0.00043743740018518517,0.0006321450564814816,0.0006003448760648149,0.0009899968204629627,0.0005423881244444444,0.004185373900185186,0.006651125217129631,0.000758684774814815,0.005417798919444445,0.00016796021921296295,0.009772350659259259,0.00034558475222222225,0.0004720475056018519,0.019486239593657407,0.001727322368888889,0,0,1,1,0,0,213.0,230.0,228.0,0.882353,0.117647,2.5,ok
337,26,0.25355602938946753,1.3085144113156062,-0.32055726355303893,-0.4736805247700527,-0.00953117661207328,-1.450114823602976,1.0581656915414066,-2.1334659575025214,-0.5612212157486743,0.06545031138641164,2.4586521172296334,0.8185897263675347,2.9085756605824225,1.7171360058473193,-0.05721616384255503,1.2086148239793846,1.4618684227481111,2.4168309764515388,1.3968786990108437,-0.05276026706445865,0.08323443809423077,0.0005431335966666667,0.0008169459393589743,0.003990200893589743,0.06780023514743591,0.002296285439871795,0.005765472071410256,0.020255940998461543,0.02556762110615384,0.010720174183974359,0.029230733094871786,0.0004959803183333332,0.0007506060062820511,0.004907745679615385,0.00031757126628205137,0.007318688844102564,0.0006062126062820513,0.0023070534280769227,0.020817734668974366,0.00034911068730769245,0.011002950060897436,0.0007149982949358976,0.019016223224358978,0.0007829937833974358,0.01992545044371795,0.024172744584358977,0.0009201173796153845,0,0,0,1,1,0,200.0,235.0,225.0,0.714286,0.285714,2.5,ok
339,12,-0.6628281439654177,0.22899364146207293,-0.5750386208966433,-0.586564427164145,-0.0017104824675417023,-0.9834485937750793,0.43053672692171113,-1.3265260682337414,-0.4465691856167826,0.09806312687955328,1.694224977120488,0.44081019451792636,2.0094309269663846,1.1586793625611747,-0.09220512241929035,1.660434519462436,0.7698344816690051,2.3097028509945843,0.7415002131711059,-0.17498475033274657,0.03716776488055556,0.0008354017291666667,0.0003512193563888889,0.0011363798263888888,0.11554197630555557,0.0005269018648611111,0.05676571830555555,0.009882887719444443,0.001252467536111111,0.0007720027944444443,0.0014642939166666666,0.0002772556290277778,0.00024700451472222225,0.007333807044444443,0.0004015272393055556,0.0014092062859722221,0.00010347077791666667,0.006594999866666665,0.0008708522583333334,0.00045897624999999986,0.006622834858333333,0.00025866686083333333,0.010838031048611108,0.0004122886333333333,0.0002698675952777778,0.0004140452388888888,0.0016876709763888893,1,0,0,0,1,0,220.0,235.0,227.0,0.466667,0.533333,1.166667,ok
341,36,0.4888051861273538,0.6166016632941868,0.4354683522747838,0.9334431130134351,0.00937004737786701,0.3137043971178905,1.5325176204256021,-0.982303896340424,1.836368711194164,0.10754174629835289,2.0997848819978633,0.7139324092632189,2.0928740840238187,2.787878526476849,0.024227795435521657,1.0616892798520008,0.5926596707362348,1.027420477431421,1.2101564702255307,0.018286896475603824,0.02365013969796296,0.0018864410786111109,0.0007111593092592593,0.011166975162962965,0.054332108320370366,0.0022327942752777773,0.028017890775925924,0.04676716046148147,0.00849069557555556,0.00846583007175926,0.027407441102777777,0.0005212342111111112,0.0008644488807870374,0.003682121402500001,0.0002960318941666667,0.0023179577338888887,0.0003219382028240741,0.0010777349457407404,0.0017523770108333332,0.0002673749833796296,0.0066456776314814826,0.00029961080053703706,0.0064375887245370364,0.0004706410918055555,0.01908472745782407,0.005584684777453704,0.0007360002565277778,1,1,0,0,1,0,225.0,240.0,220.0,-0.333333,1.333333,1.25,ok
345,16,-0.8907338930828039,0.45791911329771534,-0.7069719759375279,-0.5963560738206414,0.013529572528752224,-1.6872525221536978,0.8257391052953372,-1.0620650159739349,-1.4800661853085773,-0.022747620488688378,2.612319833021664,0.6617013660373432,2.5498654101928357,2.1971466148827288,-0.04211053705986016,2.7803904230705916,1.0861786919982674,2.673230283217772,1.9104370399987867,-0.08093930252336645,0.058192168610416685,0.00036183200833333324,0.0007228076205208335,0.003964425553125,0.10264066265625,0.002459901784375,0.022096550033333332,0.00249262095625,0.02631320062604166,0.0020888013906249997,0.04415714316249999,0.0004790259386458333,0.000272069594375,0.0041212772666666675,0.03668766362729166,0.0022502858578124997,0.000176584063125,0.0012766881833333329,0.0007799014895833335,0.009684461558229168,0.03152041066874999,0.0004723458547916667,0.010376762834375,0.0006309911070833333,0.0002890820037499999,0.0009383517239583333,0.0004145720547916667,0,0,0,0,1,0,215.0,238.0,229.0,0.608696,0.391304,1.4,ok
352,15,-0.181105027423702,0.7738445965333944,-0.3009273941666971,-0.5020744243550824,-0.03638428914537141,-2.017764295513497,0.8453488024461767,-1.7174585788064427,-1.510949926130806,0.015628701492338082,2.510562280870847,0.4101899408407212,2.38026177769477,2.49258917036625,0.03032561599762031,2.095385603873134,0.6104352992847419,2.1869635884962983,2.2521999285202616,0.03594677712405293,0.051645131299999994,0.0003954287355555555,0.00038385217399999997,0.0024554989355555557,0.11300645344444445,0.0012590396088888892,0.015183609204444443,0.05422931303777777,0.027964631494000004,0.00866079767,0.0036837984677777777,0.0005314234383333333,0.0005972975119999999,0.00558153719111111,0.00036498159266666673,0.043898887631666654,0.0003013480324444444,0.0013352972155555557,0.0007894892573333333,0.00032944681444444445,0.008845492406666666,0.0004346088318777777,0.0028843916533333337,0.0004886231171111112,0.03520200158322222,0.011811929115777782,0.01159455498266667,0,0,0,0,1,0,217.0,235.0,230.0,0.722222,0.277778,2.166667,ok
354,19,-0.48535701054049424,0.37440636574425223,-0.7903581774583704,-0.6021014758394431,0.010177774021024271,-0.849092537679789,0.5653939926375305,-1.194192493097446,-1.1438832445280374,-0.002735814665057994,1.9153090932684456,0.4827503467665331,1.789025637834455,2.2927479518123235,0.04278339155055866,1.9257584950264812,0.5198186965749525,1.952730956765212,2.369859562846957,0.04128221644462511,0.0365817903614035,0.00044824477245614043,0.0004982775147368421,0.00297847569385965,0.09706637297368421,0.003293714294561403,0.018579061578947367,0.016184229183157893,0.002897937979473684,0.001106112492105263,0.0323154147122807,0.0003010739861403509,0.00019752821991228067,0.004390349757894737,0.0002339775822807018,0.0005623869546491228,7.897135587719299e-05,0.0017313567985964909,0.0005110965452631579,0.00014759294605263163,0.018492815047368424,0.0005129507249122807,0.014791359514035091,0.00039841045280701755,8.845867271929823e-05,0.00029918725149122804,0.0009865057577192983,0,0,1,0,1,1,225.0,233.0,232.0,0.875,0.125,2.333333,ok
358,21,0.11582900549769565,0.7881651248625264,0.42121761865982027,-0.7370897326596343,-0.0810772762844317,-0.2670726497252538,0.6616072395014017,0.26529333345245387,-1.0260780794851527,-0.08644704826264722,1.6418114490627458,0.3992283431906627,1.3935300529103736,1.714775330761653,0.02165127723891086,0.9771304228985348,0.7416444313815425,0.6998108079927318,1.7424266001990623,0.07860483703101898,0.0416624096484127,0.0004951072793650791,0.0007469400130158728,0.004872532202380952,0.028688463619047616,0.000715321113333333,0.02908432666111111,0.04254647254444445,0.0011457315722222226,0.034088802084920634,0.055118067129365074,0.0006586386798412699,0.000433849077063492,0.003716425302380954,0.0003776652519047618,0.0022097184833333337,0.0001591675566666666,0.000929400065079365,0.0005673801722222223,0.00021201031007936507,0.0036698039285714295,0.0002381712588730159,0.005683313321428572,0.00025648592952380947,0.00042288314904761896,0.005831534284523808,0.0006519295157936508,0,0,1,1,1,1,200.0,240.0,235.0,0.875,0.125,5.833333,ok
359,54,0.7179039251042497,1.4603552665547366,-0.47744021626957,1.2696213992378984,0.04062091423394402,-0.05559371442010867,1.8964336537620654,-0.645469685581801,-0.7952911631994302,0.013450794320715507,2.2027835352303162,0.8084204280529733,2.3783767807334124,1.8404811852633738,-0.021982141100957597,0.7297612173277266,1.0461520386783831,1.6934325792478004,-0.034936828694654545,-0.04050079481003839,0.025108606555370356,0.000497700768271605,0.0013664048766049378,0.008658968618827161,0.027914146493827167,0.0025527951256172836,0.03683620414598766,0.03985360103592593,0.005440242639722222,0.00615569721882716,0.07305292467006172,0.0005009987988888889,0.0008417522666049385,0.00273214328345679,0.0002883959098765433,0.0013433883305864194,0.00026668929456790123,0.0031786883130246906,0.010666682436172834,0.00033763054345679015,0.006880110340740743,0.00036772622131481486,0.012234680760493822,0.0006426444589506171,0.030515671546234573,0.0072312038187654325,0.011776144188827161,0,0,0,0,0,0,200.0,238.0,225.0,0.657895,0.342105,2.272727,ok
362,29,-0.2578666283767604,0.47682065069046453,-0.3415672196928536,-0.5190384931607263,-0.01376943740224032,-0.5005010543960261,0.8404359642235663,-0.766749428606285,-0.7942992428709831,-0.013678661831565329,1.8840227148774078,0.6836460320452094,1.9157935446515262,1.536764803350659,-0.023209564251700544,1.765678913999906,0.5227627379098058,2.0373807264202424,1.4968653898614168,-0.02178495253469733,0.03878000020517241,0.0003368987128735631,0.0009257244419540231,0.008517845590229885,0.07802416856551725,0.001988790448505747,0.03325974345172413,0.07636945419862065,0.010986545908965521,0.002142973152873563,0.01083016771896552,0.00048782493798850575,0.00024092181982758622,0.0075200156119540245,0.00022542240149425288,0.0007037249998850574,6.87322053448276e-05,0.0010978092227586207,0.0011789670940229886,0.00011316510149425287,0.025997323536781608,0.0002724051539655172,0.0035253395149425293,0.00026963386264367814,9.071669097701149e-05,0.0003904103425862069,0.0025381209720689657,1,0,0,0,1,0,215.0,240.0,225.0,0.4,0.6,2.0,ok
363,13,-0.9772734861954271,0.3751914198804919,-1.2234889839213579,-0.8214989896134448,0.0392167674912466,-1.4531115279456788,0.3541357782471968,-1.4315955119404444,-1.3840447820789892,0.007164490010908779,2.454196857660686,0.6036816589759381,2.474951238032255,2.166789802094139,-0.036480314299578744,2.228627947022,0.5026095460353547,1.762930907135313,2.3296572482978974,0.052519711724569845,0.0679213108871795,0.00036738118974358967,0.00044602739974358973,0.0014409387025641023,0.09473882275641027,0.016023535688461536,0.02860624107435897,0.03605401892179487,0.017927641903846152,0.003701688520512821,0.02182951926025641,0.0003285721341025642,0.00014461682320512817,0.0022562494205128204,0.00032547927435897433,0.0012851884653846154,0.0001769946461538461,0.0024482754692307694,0.0017833284205128208,0.00046391772487179486,0.10063569381794871,0.000413987584102564,0.008645429294871795,0.002067507379230769,0.0005547282353846153,0.001217885225641026,0.0008486491929487178,1,0,0,0,1,0,215.0,240.0,227.0,0.48,0.52,1.714286,ok
367,45,-0.19239648634562115,1.3036256983391052,-0.018603870636573323,-0.49499578979112224,-0.005592830152657161,-0.8747089933057094,0.8157771468485708,-1.0167793270987568,-0.8769111540865404,0.009303860314069348,1.8991834685531113,0.909652918325368,2.6625621543969165,1.539580884634,-0.03557824257617346,1.0539341706762688,0.9685900431860646,0.7039483690631951,1.5627222429471743,0.029931740733629104,0.009500688105555556,0.0003042455421481483,0.0004606439527407408,0.0026672657744444433,0.061810858552592586,0.002634366050740741,0.03307976105851853,0.021179143685925928,0.0062277496772592585,0.009301417573481486,0.016608519079259258,0.0003328608978888889,0.0007070305496296293,0.005991167495777777,0.0014575387426666666,0.001445661886518518,0.000261450847,0.009623396113037032,0.015035399009777775,0.003975999874444445,0.015877505362222225,0.0005317268201999999,0.005146692618518518,0.0016683228931851845,0.021502012198814823,0.0056787450758888905,0.001175501255074074,0,0,0,0,1,0,200.0,245.0,226.15,0.581111,0.418889,1.136957,ok
374,15,-0.04990209825641845,0.9801612202412134,0.6628320053475449,-0.6351335950333358,-0.11575472315276739,-1.828587562601051,0.9243160237943441,-2.5322332853999017,-1.1686726954292852,0.09297643742626388,2.352593553845817,0.6639935165469233,2.708280404043406,1.8201124067877665,-0.05808256195458451,2.014384354928816,0.6602146837857549,1.4970058929281636,2.0941615357251715,0.06501688552118638,0.06281858230666666,0.0004230450155555556,0.0004168771648888888,0.0026110365622222225,0.11770081733333333,0.0019356124204444449,0.04393056066888889,0.05408807700888889,0.004043756866666666,0.004864024966444445,0.003955546331111111,0.0005692560602222223,0.0008345047635555554,0.002956933477777778,0.0005233520135555555,0.0009701429646666665,0.00024690862533333335,0.0017756995588888889,0.0014114692822222222,0.00039367051244444445,0.012232618620000002,0.0005063636847777777,0.013925022797777777,0.0004983405235555555,0.03224706358122222,0.01179686659888889,0.0041724810000000005,0,0,1,1,1,1,220.0,232.0,233.0,1.083333,-0.083333,4.333333,ok
375,20,-0.40546940793357533,0.3116608496416268,-0.2556976664714924,-0.3793294693903376,-0.010349642727319447,-0.7945565369920109,0.42603955473005545,-0.6042394905108847,-0.6595900874496962,-0.002794030270286986,1.4597032688620428,0.3826490190750268,1.2429923056635468,1.396543172278013,0.010903976138698819,1.5732251235171635,0.5570351036172808,1.2685008966565021,1.383053074076756,0.004540092972496457,0.007272757965000001,0.00030811199416666665,0.0005105761651666666,0.001732398835,0.12150163299666665,0.00043539117866666667,0.011722865425833333,0.0010955081208333334,0.0010310744234999997,0.0014694607883333336,0.004330898365833333,0.00031554159375,0.00016128496000000002,0.00143649421,0.0002856627661666667,0.00046953721391666657,6.232044891666664e-05,0.0011596314733333334,0.013802644259166668,8.848749608333334e-05,0.004648694138333333,0.00016913653100000003,0.008141150245833336,0.00032024633583333336,6.886301733333332e-05,0.0004484658235000001,0.00044179065666666675,0,0,0,1,1,1,210.0,250.0,232.0,0.55,0.45,3.142857,ok
381,12,-0.04794908444596957,0.4104622986205285,-0.5946106228731454,0.21283398046822644,0.08975799979338185,-0.31099935157197994,0.6361648657963968,-1.0974905874682612,0.10402778712095002,0.12962034168765801,1.5166079754241144,0.40046608753831553,1.827663051381282,1.3334710401633183,-0.05008130172581386,1.2637711896128274,0.6062308358943302,1.9221704891902207,1.04547160830216,-0.08919240349954681,0.012416401620833337,0.000426300676388889,0.0004507730819444445,0.0035165111763888895,0.10426810473611109,0.0030907904180555545,0.018897217643055558,0.030472839927777776,0.02996163165138889,0.01009390869861111,0.026354099380555555,0.00037133765680555554,0.00016853605611111115,0.0023355673041666664,0.00021490159180555547,0.000291326917361111,7.901457625000001e-05,0.0016894466249999997,0.0009653311444444444,0.00021468494208333333,0.024282209297222218,0.00019036624583333334,0.004920984202777779,0.0003962707854166666,0.00019830837152777777,0.0008384139245833332,0.0008087884895833331,0,0,0,0,1,1,220.0,235.0,231.0,0.733333,0.266667,1.833333,ok
387,50,-0.45301254628387966,1.3817082386943402,-1.3340532870768975,-0.24568505732874055,0.02467471576841488,-0.09758409688769777,0.8809198174271368,-0.13844579463205467,-0.49540282835136973,-0.01474092279829201,1.7720490491224894,0.809548693272359,1.8940310891638912,1.5197379627968914,-0.009218575612327437,0.9008589993354509,0.9101502988570056,0.3324937338442358,1.3864054227706768,0.02979344362785815,0.0023388120219999995,0.00043150874206666657,0.0005237941169999999,0.005283090941333335,0.04013160378666667,0.007169550714133335,0.020384158073333332,0.027516826849333324,0.009370259963333332,0.007179117442333334,0.02888273656466667,0.0003400730466666666,0.00024277743860000005,0.006401058190866664,0.00027245040483333334,0.013365512700999997,7.298389536666666e-05,0.010997694636666661,0.000493185027,0.0002742865037,0.011880893265999998,0.00015784902626666663,0.005624902210333334,0.0009918129812666666,0.00012980164593333335,0.0007279924226666664,0.0007339881269999997,1,0,0,0,0,0,220.0,240.0,228.5,0.425,0.575,0.944444,ok
39,15,-1.7003091500344272,1.0121786102915649,-2.325155285005065,-1.8762809416515047,0.012237585484597404,-1.119474427058096,0.4450099607406355,-1.2563259284255466,-0.9549914972304604,0.03746743294719173,2.708794332173518,0.49860975609693603,2.758842814789366,2.6540141049226667,0.00953547997594954,1.7065817017155849,0.9781412191989062,1.2520439206005807,1.3483809092383399,-0.013709269001899864,0.16703076077888884,0.0008826735304444444,0.0003877868955555556,0.0026029959977777782,0.0675651315,0.013316193283555556,0.008302341420000001,0.030345545462222224,0.019569940627111114,0.0037013487844444444,0.03468089882111111,0.0003743426205555556,0.0001662022595555556,0.03986802552666666,0.0002921657654444444,0.010260721908444443,0.00016729028111111107,0.021427419348888886,0.04355021613488888,0.0003077091882222222,0.01037183897111111,0.0013632236672222221,0.0021970574900000007,0.0014903640275555556,0.00015140049099999998,0.0006014255528888889,0.0014161834555555556,1,0,0,0,1,1,224.5,240.0,232.0,0.483871,0.516129,1.5,ok
397,14,-0.5024798562819233,0.4109421495055334,-0.5718757839229704,-0.16314160407501674,0.04357165935590366,-0.9015436834573877,0.3855238906253851,-1.1946233330298899,-0.46260878601797517,0.08029823173819753,1.8475107146546363,0.5526581263351178,1.808004959992891,1.3180877847709682,-0.05745626141035652,1.6235610222927626,0.643763829115911,1.1757276649996566,1.2803693600715829,-0.0043824834729589285,0.04075148023214287,0.0005751667178571429,0.0006016468511904762,0.0024092150178571434,0.059817300309523806,0.0019120945857142855,0.018239479314047617,0.05655882604357141,0.0050323768,0.002100768698809524,0.03358796783333333,0.00032394969000000003,0.0002999561388095238,0.028398924540476194,0.0001806832623809524,0.07076579690797617,0.0002346671632142857,0.0012480583328571427,0.000887257117857143,0.00014998545904761903,0.01166293139285714,0.00037482495130952383,0.0067675534940476205,0.0004155508382142856,0.012642367185714288,0.003024744461666667,0.0008106055907142856,1,0,0,1,1,0,220.0,245.0,230.0,0.4,0.6,2.5,ok
403,11,-1.6000695393736584,0.4593913371616506,-1.9118893744406844,-1.271197117563646,0.08784459195289727,-1.791924438077915,0.577282772877404,-1.3101189796847474,-1.7406383892657507,-0.03370991249834376,2.796749044766989,0.6186647655602364,2.6015037515657116,2.5899050363004528,-0.019450286590766426,2.4275583050752254,0.776753276107863,1.6110505193780547,2.437247576968007,0.08023213861273856,0.045120166787878786,0.0011129352175757576,0.0004163901796969696,0.0009051871060606062,0.0942860797121212,0.03567608030909091,0.004994525930303031,0.020107862480303027,0.012742420821212118,0.0015692953863636365,0.001810939451515152,0.00039822550000000005,0.00019677421484848485,0.08549667846212121,0.000771816447878788,0.05657020336636365,0.00017183609803030303,0.006353077637878789,0.027450502806060605,0.0006892918327272728,0.02795599787424242,0.00042984417772727276,0.00341481091060606,0.0014763427683333332,0.00046091398454545446,0.0010073689703030307,0.002041343976363637,0,0,1,1,1,1,225.0,240.0,240.0,1.0,0.0,7.5,ok
404,33,-0.9656284587410566,1.147778569595261,-0.6898685019874419,-0.3636656080546775,0.015305373019350001,-0.7183197627948221,0.7301913437875158,-1.3860403267836288,-0.7023429068083702,0.028192892920474243,2.0561177701576856,0.5879959391635499,1.9331347534884271,1.9293937140056754,-0.003967841326152551,1.1185826237318233,1.2522553060436852,1.8357447745920425,1.6716058481748386,-0.0020351849813012982,0.05709760280151514,0.0004399121915151515,0.0003906631265656566,0.002129363726767677,0.06375191208989898,0.008582854716161614,0.012932797415656566,0.042153493373535356,0.0037747219640404048,0.005300070165555555,0.02766161210656566,0.0003024023056060606,0.00021178009833333335,0.0025893075146464634,0.0005112735772727274,0.0011748418981313135,0.0002436236865151515,0.01650913503919191,0.027654141213535356,0.0006260832356565656,0.013280955597979796,0.0005122855391212122,0.006176629179797979,0.0015341222641414136,0.0002782000219191919,0.004906480983333332,0.0010274822676767678,1,1,0,0,1,0,229.0,240.0,230.0,0.090909,0.909091,0.166667,ok
411,3,-1.9090294549336857,0.32807031194074504,-1.4466555460990405,-2.1070055550264684,-0.3301750044637141,-1.5219220243841962,0.29918759873398154,-1.1001167403837542,-1.7616351969359505,-0.33075922827609816,2.7439479758052037,0.5062555102800236,2.0285321828901917,3.125679397847107,0.5485736074784584,1.940755100240925,0.41809587017247657,1.358230319632222,2.3197949501954147,0.48078231528159665,0.059976672499999995,0.0014464834000000003,0.0014880898,0.0018838246999999992,0.11399161333333334,0.009995094483333333,0.013579553555555554,0.0033136091777777772,0.0163605305,0.0032434762499999998,0.010058931316666667,0.0008821014333333332,0.00032294985500000005,0.005991730933333332,0.002145626666666667,0.007344296466666666,0.00040433529333333334,0.03590877994444445,0.29929451225,0.0008261891350000001,0.13383189166666665,0.0011491855766666665,0.009598955833333334,0.00176616065,0.001650002611666667,0.0010090901666666666,0.0023823536666666666,0,0,1,1,1,0,225.0,230.0,230.0,1.0,0.0,5.0,ok
413,36,0.023980981592659725,0.9336254369572203,-0.523727441272204,0.026620657775124124,0.006572368654516154,-0.47459054224327496,1.6072925596732883,-1.2245415712379983,-1.4488086065027748,-0.022369358060624452,2.3572000142546763,0.7199193641520979,2.604474182486976,2.002688952388667,-0.017863726121715627,1.8259752439901829,1.1954664561082398,2.7589153064871987,1.5709461298659966,-0.02420370087523361,0.02755995586157408,0.0003356375328703703,0.0007785715277777778,0.007836812764814814,0.08309889352777777,0.0015141019787962963,0.03748250503083334,0.01231264740685185,0.01379451957527778,0.007257777344444446,0.03913013474537036,0.00044116585379629634,0.0009029932160648151,0.006202127127314814,0.00027097806388888887,0.0011765786580555555,0.00011977286199074075,0.0010792528657407412,0.0009716725189814814,0.00027708753974074073,0.014347654237037037,0.0003044498863888889,0.00660564103611111,0.00040043162064814825,0.01318030052712963,0.002243075143981481,0.001247550593703704,0,0,1,1,0,1,180.0,235.0,231.0,0.927273,0.072727,7.285714,ok
426,14,-0.17758390565382962,0.5647829204738192,0.0032826118617695077,-0.6107859551416371,-0.07247931564011804,-1.6022550843811756,0.9130628976260573,-2.130359354687866,-1.0306563183263067,0.1088704407573595,1.9295582136551899,0.5584603121635979,2.196408997010316,1.5483998724968138,-0.0620141078199576,1.4715401522759954,0.40712275842889545,1.4263928334287495,1.7035102071707489,0.04011925348801528,0.042168699771428564,0.0006404575423809524,0.0006845056820238094,0.0010790285833333333,0.035716836604761916,0.011031145020238095,0.011280295386904764,0.0598122568654762,0.019449305711666667,0.0013772394392857143,0.002390972246428571,0.00031649699095238107,0.0007162282805952381,0.007385607589285715,0.000999993546904762,0.0018585300976190476,0.0002784855298809524,0.0024998323321428566,0.09965945741380948,0.0010911932383214286,0.03878969778571429,0.000364444941547619,0.003268537390476191,0.0002634528205952381,0.037934952266928564,0.0075517529939285715,0.010348337223333335,0,0,1,1,1,1,222.0,232.0,235.0,1.3,-0.3,3.25,ok
429,10,-0.8810678093077572,0.26038057914652474,-0.9852810589981558,-0.6661616269789363,0.042481180588220306,-1.7394404558669259,0.3521433466496798,-1.6847808840532472,-1.541625800099132,0.016802430454012616,2.274860054782712,0.3586572987509956,2.2453577919219483,2.13911718776145,-0.002819532487475577,2.8588710540794393,0.5027720966003881,2.620833348606465,2.731711850500768,0.025576932268138727,0.05255201118833332,0.0007118569333333334,0.0004640075179999999,0.0017371389116666667,0.11408121840000003,0.0007236716176666667,0.018639830458333333,0.05979566410833335,0.07988119124000001,0.001277659766666667,0.0012559683466666668,0.00039727620666666665,0.00010658659616666669,0.0029028438299999993,0.00019393327733333336,0.0007406152616666665,9.350169866666666e-05,0.001453013551666667,0.0009038881183333335,0.00015300296100000005,0.009224739643333334,0.00033949759999999995,0.00591541225,0.000456564192,0.00020819163300000006,0.0006842801016666666,0.0008359670886666666,0,0,0,0,1,0,220.0,240.0,230.0,0.5,0.5,2.0,ok
432,13,-0.7324895344634579,0.5804383935597103,-0.8963005071637278,-0.9262832356362978,-0.024081843018676982,-0.6757718958533415,0.6661845624728342,-0.7671413629063238,-0.7868195593944803,-0.026747943567225044,2.3946399307626325,0.33189098462206656,2.09752945517119,2.5757898842073317,0.06704709123239622,1.9116868575688666,0.45924128553352894,1.7166819605686463,1.9139971958618909,0.04006994203104903,0.07021516142820511,0.0005309629517948717,0.0006796115417948717,0.005732125741025642,0.09976524476923077,0.0019857802469230765,0.003862391456410257,0.018185050506410252,0.0024185047064102564,0.005618153392307692,0.06660047675641025,0.00033409390320512814,0.0002456402891025641,0.02284845629743589,0.000512376412948718,0.0056051795,6.932872525641024e-05,0.006652735856410256,0.0070525532602564115,0.0005524851325641026,0.01259391581794872,0.000750698755897436,0.005568371458974359,0.001021646311282051,0.0001070142553846154,0.0005359186233333333,0.0005276573847435896,1,1,0,0,1,0,215.0,225.0,217.0,0.2,0.8,1.0,ok
434,12,-0.318636470474189,0.5534010491027643,-1.0121898108186147,-0.0379927307815357,0.10292987556534024,-0.38408431743016336,0.7630381492914643,-1.358901600663015,0.13081075098980968,0.15846657954904889,2.2283303855374967,0.29497024713766656,2.2279529433903207,2.103681871733301,-0.010163900524780986,1.849496125952755,0.4311878511889259,2.2767016650407004,1.6031820670199788,-0.06757149458901446,0.0020075679250000002,0.00035781929444444436,0.0007363162563888887,0.004751772118055558,0.1523791752638889,0.0008098521708333334,0.010267349343055556,0.006972685259722222,0.009542543038888891,0.006369048587222222,0.05001778505277777,0.00046403557083333336,0.0002859660147222223,0.0029507052499999995,0.00015320436,0.05165172103722224,7.397628069444444e-05,0.0020740064811111112,0.0004147081436111112,0.00014144547833333334,0.004490134277777779,0.00027998358611111107,0.007499928258333333,0.0008224869562500001,0.0002656954718055556,0.00039944633819444453,0.0006903158652777778,0,0,1,1,1,0,199.0,240.0,230.0,0.756098,0.243902,7.75,ok
441,33,-0.04947950626115612,0.5838206668772833,-0.019613019291062708,-0.3756954828617786,-0.012114029626512481,-0.6253315214020471,0.5590849656428657,-0.09342943611084858,-0.6790087115592877,-0.021882258034016295,1.4857828512821478,0.33834095972071276,1.6848004480532166,1.379431445631839,-0.009973250498020399,1.1054688518939908,0.7014311776648979,1.1401524425484366,1.3704953451155164,0.007086658983182043,0.04561326596080808,0.0004123980552525253,0.0004540723953535353,0.0033005762540404045,0.056030483616161614,0.0013237556503030304,0.016097884508585864,0.019911525469191917,0.0214091955779798,0.0038219670702020194,0.016531286386363638,0.00032973473535353526,0.0004720856399494948,0.005070015397171716,0.00033627874484848483,0.0006697208764646465,0.00015810091651515153,0.0012537808148484848,0.013240735079393943,0.0002702233617171716,0.004767136459090908,0.0002777206832323232,0.007107214722222221,0.00031898616217171713,0.014172154510000002,0.0032680425953535357,0.0014429179652020198,0,0,0,0,1,0,220.0,237.0,229.0,0.529412,0.470588,0.75,ok
443,12,-0.591033080545448,0.2028891794855755,-0.5340877279666025,-0.6758517894824221,-0.021898787386746547,-1.2629317301523084,0.2366622216143787,-1.1633645840772586,-1.4306189320617675,-0.03841013327748808,1.9585895953642638,0.2508703009681569,1.801841796957938,2.233919027042784,0.05607261022832974,2.1513970231453023,0.3049590987639086,1.9930630350097132,2.3794096265167024,0.05530410451179493,0.0706419467111111,0.0005504632273611112,0.00034816856263888887,0.0018253916041666666,0.07995174544444444,0.0004940258652777777,0.12216661139999997,0.054809956729166665,0.0009858711477777778,0.0008041421708333334,0.0013473959333333335,0.0004738699726388889,0.00041388435361111115,0.010373845299999998,0.004438143627083333,0.0013810523972222221,0.00013495167375,0.001949551134722222,0.0006015473722222222,0.0009990274706944446,0.00589994493888889,0.00038606391138888886,0.010388016808333332,0.0005206722291666667,0.00026758087722222217,0.0006051784025,0.014260063918333331,0,0,0,1,1,1,225.0,240.0,235.0,0.666667,0.333333,3.333333,ok
444,31,-0.7749231713784454,1.6850275843998113,-2.3643749319945497,0.0782457436950366,0.13385999476057076,-0.5530048938580149,1.4263878658127478,-0.8664070689929654,0.9881894667402578,0.0856359006827697,2.3734955053599696,0.7772442800417584,2.9393343089609427,1.6958717419262237,-0.06262338225577864,1.0880151405396428,1.360236403231881,1.0228977138643858,0.33055918740185297,-0.020030730353791486,0.010130905017956987,0.0006605813806451614,0.0007326910056989248,0.004454821280645161,0.06125541553655915,0.0019965225449462367,0.023472527751612907,0.055668251101075275,0.017972966755913977,0.002407160593548387,0.049572230915053764,0.00039697924086021496,0.00042769744645161287,0.005251720691827955,0.00019740180623655917,0.030551227921397844,0.00015332546290322584,0.02640647200290323,0.03957690965817204,0.00023453761978494618,0.004716506608602151,0.0003987518251075269,0.0036878595043010752,0.0016514577816666668,0.016783117162580647,0.0036347468258602156,0.002248308198494623,0,0,0,1,0,0,215.0,240.0,228.0,0.52,0.48,3.25,ok
448,16,0.1541885198088112,0.48597537285715237,0.08111812468944653,-0.11358911689327988,-0.021567805225326874,0.0726826031367322,0.5492507265028082,-0.22014791008011514,-0.0661739704161714,0.011209909998203794,1.5749609673706293,0.802176664032702,2.152396546388117,0.7156996690881642,-0.12238170950672975,0.841562603485754,0.5265907898945147,1.5452937581760409,0.4282836440612523,-0.09386947807216378,0.044650097159375,0.0004096599389583333,0.0005467972485416668,0.004320265558333334,0.05631091815833332,0.0009564603574999999,0.007789573060416666,0.030958417301041666,0.0017753667354166666,0.016497387577083335,0.012124239707291668,0.0010888938104166666,0.0004216622134375001,0.002989899858333333,0.00015600094791666665,0.000737820774375,6.645843166666669e-05,0.0013091360439583333,0.0003727596374999999,0.000102024614375,0.007407277481250001,0.00029723065627083325,0.00394630311875,0.00029084329208333326,0.00011030983593749998,0.0010333669558333335,0.0009000049737500002,0,0,1,0,1,1,224.0,240.0,238.0,0.875,0.125,1.75,ok
450,16,-0.5708716221814348,0.5389584191287836,-1.0266186432171835,-0.16378682763605576,0.08502587347533912,-1.0250575505256467,0.8886342872486326,-1.192884571522264,-0.5936601014945683,0.07784365200570612,2.1599902550424863,0.4390168403596759,1.9014168024566902,2.416758377209258,0.058018838752905956,1.9312770358514961,0.6383546151950096,1.7891579304379928,1.9891545151666028,0.002265036434107261,0.09967309454166666,0.00044544873916666677,0.0007579643125000001,0.004982876715625,0.08298838877291669,0.0020509128879166666,0.023524986332291664,0.034165979992708324,0.029043754211458328,0.002881368589583333,0.0014265734645833336,0.0005533457179166667,0.0004358961665625,0.006828940843333334,0.03472515639052085,0.0023580859708333328,0.00022952004270833333,0.0018606925570833336,0.0015251908135416664,0.0043090101889583345,0.011366381682291668,0.0006351989453333333,0.0032710752125000003,0.0005976932760416667,0.00019538145770833332,0.0018653828760416666,0.0006418457285416666,0,0,0,0,1,0,215.0,238.0,227.0,0.521739,0.478261,2.0,ok
452,26,-0.030420065915824444,0.7861454106191099,0.6384225528463624,-0.31106359839595316,-0.04112275416428303,-1.3236052534429252,0.874315972087884,-1.9735330991461408,-1.0494149309468412,0.039779898436744066,2.313477892913804,0.3849619937190419,2.0647655746457843,2.5262165461624835,0.02243920350219742,1.9145386602798866,0.9304690048834495,1.1603735577969818,2.2361701735802626,0.04506642876778071,0.004935607039743591,0.0004257622775641025,0.0005729032546153846,0.003801299847435898,0.11424478555128206,0.001140160907179487,0.05221878430512823,0.0021232846230769225,0.0031365581706410263,0.004559202990256409,0.031127667494871787,0.000376837874102564,0.0009264791752564105,0.004858358474615384,0.0018502831751282048,0.001020313197051282,0.00022677136403846155,0.0016248670115384613,0.031102662214871794,0.0005308262298717949,0.007242158361538458,0.00017981184237179487,0.01106810895,0.0004676480507692307,0.02608217688089743,0.008092596999102565,0.00199090620025641,0,0,1,1,1,0,203.5,235.0,229.0,0.809524,0.190476,4.25,ok
458,35,-0.3738051888128579,0.7332159016117499,-0.4840198050263292,-0.5865721003241476,-0.016112473711144538,-0.4168073175198005,0.5005795171712737,-0.9936494618870771,-0.055840776921359164,0.03297937442065187,1.460234200821857,0.461347353659475,1.7576851782303684,1.5462570228443164,-0.0011020166853013338,1.1662394351591938,0.7546521297969159,1.8723466119053356,0.6947313074459217,-0.04746498302782217,0.014638703999523812,0.0004971061533333334,0.0005114514273809524,0.002145546558095238,0.03611685246095238,0.0007499551065238095,0.032760891694571435,0.017272850111809526,0.04085748725057143,0.0013260981081904767,0.017196135877619048,0.0003016817512380952,0.0001385698302380952,0.004369088350476191,0.00022161143761904764,0.00048156630800000013,5.42385478095238e-05,0.008143368888476192,0.013276331591238094,0.0001732222093809524,0.003996390513333335,0.0001606527063619048,0.006243427932380952,0.0004003761554285714,0.00016660669123809527,0.0003291626182857143,0.0003834509561904764,1,0,0,0,0,1,220.0,250.0,231.5,0.383333,0.616667,1.045455,ok
486,24,-0.3260962550179109,0.7328604795054806,-0.8210506791016755,0.09323112584884749,0.04141539477792063,-0.8277812196370933,1.1527781177500316,-1.6798962805356512,0.1354283477686512,0.09140705861651828,2.3076384090309245,0.9123715464775362,2.9999308941061185,1.7896092835105453,-0.05920932854473223,1.6792632904435123,1.067875630780577,2.3585773314466794,0.826925335296018,-0.07375801632634477,0.028862883614583335,0.0060297869823611105,0.0008115772593750002,0.00580699602638889,0.054701605902777777,0.0010565401136111113,0.02465410390979167,0.01961546707861111,0.01889903657916667,0.01108958300763889,0.010808212027083335,0.0007032981541666669,0.0011471264153472222,0.006558850874305554,0.04778231975583332,0.0011409892237499999,0.00028213907506944447,0.003559648061944445,0.03477754634236111,0.004181843720902779,0.013429434497222224,0.0005378702915277779,0.02841698554583334,0.0007340350148611112,0.00042805176486111106,0.002509431490902777,0.003496485099861111,1,0,0,1,1,0,200.0,260.0,227.0,0.45,0.55,3.375,ok
505,11,-1.8482363634244052,1.7627018836928716,-4.432862179601423,-0.28759345734660846,0.4928203178606781,-0.8995337774084564,0.3621708611450237,-0.6405070952131368,-0.7103876346737037,0.0023564969928670425,2.840212623829274,1.0841625668819244,4.087367052162763,1.666953371103531,-0.3029039611889506,0.9202182176430845,0.8572630864472635,-0.3346112858851986,1.1479655671200084,0.16176890097927993,0.10161165794545454,0.0006662151327272727,0.000486783945909091,0.0020928266303030306,0.05926882960606062,0.005865496021212122,0.011376929484848485,0.036239336124242426,0.010430200175454544,0.0066390027666666665,0.01210903922424242,0.0004191994903030304,0.0005340444092424242,0.027830811227272722,0.00787072992939394,0.00609006246969697,0.0002800144571212121,0.049588732194848474,0.025998233737272725,0.014876014044393942,0.027340188393939393,0.0021811417742424247,0.011884921981818182,0.0022154004766666664,0.0003367649721212121,0.0028491849393939396,0.03971973842424242,0,0,0,0,1,0,220.0,230.0,226.0,0.6,0.4,1.2,ok
507,13,-1.6174415829085178,1.319131581233431,-2.210827684615685,-0.5301888781587681,0.17974035054124782,-1.0915244452430708,0.36233435990682916,-1.0525929305236947,-1.0224840718250818,0.010142481133501337,2.6912450386542233,0.9644638186837837,2.7003797057586563,2.073430820253332,-0.08208532526606521,1.355357194912892,0.5610534096595923,1.2014078564879922,1.4845888002099015,0.030355734547372542,0.08237808268589744,0.0007433983089743593,0.0003907801021794873,0.0022084532474358973,0.07559479166666666,0.003642166907307692,0.01249243227051282,0.032787576838461535,0.005140321689230769,0.006060375055384614,0.00449927714102564,0.0003733114303846154,0.000526989888974359,0.02762309428205128,0.00655060138230769,0.0025552955984615385,0.000230012762948718,0.025760881632820507,0.011278057709358977,0.012039614334358973,0.019711556375641023,0.0012037462216666667,0.010332565361538464,0.0011984684843589742,0.0002684015523076923,0.002350056393974358,0.03416801930192307,0,0,0,0,1,0,220.0,230.0,226.0,0.6,0.4,1.5,ok
508,11,0.3372256038988912,1.4720873930003895,2.5021834627889583,-0.9400338968912741,-0.4125692397465813,-2.226209302898979,0.6647354342761596,-3.074429869202307,-1.8482879160171874,0.14955779440397116,2.7061033361538653,0.8079898780278825,1.8212104178999151,2.562485755441432,0.062250602218021936,1.1508514779819154,1.4199133588604278,-1.0010526915679798,2.296657824369217,0.38482435317354924,0.0930030033409091,0.0008304141439393938,0.0004994729127272729,0.00291951846969697,0.06499646404545455,0.0410138448060606,0.004340939978787879,0.017067972803030303,0.014816732799999994,0.027543962401515146,0.023664410895454555,0.0003806207556060606,0.0008790069780303031,0.008903917087878788,0.04407995553075758,0.0018284536362121217,0.0008259873163636363,0.0016783448757575758,0.0015744253515151514,0.011853787265454547,0.01790036787878788,0.0003509782504545455,0.003389791846969697,0.0008753467975757579,0.06821764796833332,0.02824621624484849,0.0005421957703030303,0,0,1,1,1,1,215.0,233.0,233.0,1.0,0.0,6.0,ok
51,13,-0.12574381721210293,0.624573765724612,0.4936186777714692,-0.39213671314868487,-0.11052978083388557,-1.040603412996558,0.6630221466310252,-1.6717604679083493,-0.7647222294994619,0.0799671971082559,1.7393144325021173,0.5497433025825105,2.035777274791001,1.542639363973761,-0.03161640584477959,1.5063958173624328,0.7743523860175069,1.146039770083156,1.6777392401127216,0.08771399488035661,0.04211101392051283,0.0005976817753846155,0.0004651952934615384,0.0013954505538461537,0.10300053869230769,0.0035873401282051284,0.020317031107692306,0.07447361102435897,0.002621045597435897,0.0023525829230769233,0.05128328581538462,0.0003028946074358974,0.0006798858728205127,0.0016783097528205132,0.0005146733041025641,0.006295957403333332,0.0004036570447435898,0.0008934390023076923,0.001297603558974359,0.0006797055796153848,0.005069696871794873,0.000323294176025641,0.004073378697435898,0.000468123363076923,0.04031240625679487,0.00830809113846154,0.0005698374166666666,0,0,1,1,1,1,220.0,270.0,236.0,1.6,-0.6,3.2,ok
512,24,-0.4714850983492635,2.842471762269996,0.36299205555091246,-1.7263453793807328,-0.08326515987898093,-1.6860651004776008,1.6130428771493208,-2.153717904450535,-0.5886407473739652,0.05737473858107236,2.84514760038707,1.0251980058125003,2.2892957254740365,2.782081136141462,0.03389972608730797,-1.0228991308111213,2.8540474566414953,0.5855157825616422,-1.7850994862045007,-0.1302870048577355,0.03215534150902779,0.0013497829305555555,0.0006541792233333332,0.002047054475,0.06771248411666668,0.007459726,0.007220768405555557,0.012980865329861107,0.01999633970527778,0.012368734403472227,0.018177852706250004,0.0004510849973611111,0.0019391181851388885,0.018345912139583333,0.00029776755743055554,0.029154083266250023,0.0006928232643749997,0.043803033738472226,0.01924644282083333,0.0004510211596944445,0.008519539990972224,0.0005885476295277778,0.003613935563888889,0.0018719140606250006,0.09690284279555555,0.028930263786874997,0.0009235030077777774,0,0,0,0,1,1,220.0,237.0,230.5,0.617647,0.382353,2.1,ok
519,33,-0.7791661348242886,1.0786689741117028,-0.8658020638388506,-0.1720934289783798,0.0303899930246555,-0.4629628638099599,0.3656172244230769,-0.23651317551408307,-0.5196918077667046,-0.012771062761254982,1.774224801696726,0.8141276130580548,1.5468924956000671,1.1663214894908562,-0.01211438637072646,1.0853148291146042,0.966311891132886,0.5030138845501037,1.1496756202086156,0.032842130945043846,0.025488883949999992,0.0009312396799999999,0.0009826207979797981,0.0038005167939393937,0.07504504150909093,0.0025947065118181816,0.010239809501818182,0.02514482388838384,0.011983218163131313,0.00140787522020202,0.0304989354711111,0.0004386574735353536,0.00016809297929292925,0.010164503961111113,0.0003355855362626264,0.00106810652010101,0.0001307639222222222,0.018412799716767674,0.0017912219841414144,0.00015294921989898987,0.04025045049292929,0.0006637961891414141,0.0037021199878787877,0.0005699865405555555,0.00013993608328282832,0.0010177524228282826,0.020373945273484854,0,0,1,1,1,1,220.0,235.0,233.0,0.866667,0.133333,3.25,ok
521,37,-0.026205280470217366,1.3581680981847526,0.8540071988682779,-0.825021665236253,-0.06250141431555907,-0.3086364060945491,0.6980868297781948,-0.816035031222044,0.04360018451789156,0.031092349746238545,1.4441410605104241,0.6066197126014867,1.2737139161839062,1.6528553233806287,0.018408023401296995,-0.12172221400077277,1.3470804569308292,-0.11183224060529769,-1.1593305708153854,-0.05143055664970563,0.025956512430630626,0.0012842096053153154,0.0005845481503603604,0.004022117102252253,0.03014118326036036,0.0033806818698198207,0.003879499025225226,0.01860069796171172,0.0030532903542342346,0.030658911353603602,0.05143628604954955,0.00047206633891891896,0.0003930978296846846,0.004959758823423424,0.0003477195415315314,0.01872681744144144,0.00030442006076576575,0.025008971249909917,0.0007771865197297298,0.0003461083125225225,0.013310571441891888,0.0003638569858558558,0.0016475949765765766,0.0010121317354054055,0.028450429048558556,0.011694116820765769,0.0007004085688288287,0,0,1,1,1,0,200.0,235.0,230.0,0.857143,0.142857,3.75,ok
523,22,-0.5475151220195106,0.9032148645943545,-0.7907472392743051,0.10122029172043306,0.053440660870856437,-1.4907449914082453,0.6088209176132111,-0.919043574562855,-1.8499201138630483,-0.06652621866335108,2.028442408483154,0.5159888523180994,1.6152605989901645,2.1465282371417573,0.04310068135410524,1.7013692564971281,1.0443054117662993,1.5241497482126387,1.1702070424531879,-0.029007866847791063,0.11102380442575757,0.00048647692060606063,0.0005120147237121212,0.001108317990909091,0.0864180925909091,0.021629724643181823,0.007121025127272727,0.01522915085151515,0.01228482641060606,0.0009680536168181819,0.0030064093674242423,0.0003412139015151516,0.0008970667361363635,0.006377785680303032,0.000374113566060606,0.0022194625303030295,0.00019179879931818176,0.0050514824643939395,0.0009963414969696971,0.0003800172340151515,0.015302668772727273,0.0005811023237878788,0.004592559431060606,0.0007743541789393941,0.024159876739090914,0.004448642090454545,0.0005492095662121213,0,0,0,0,1,1,220.0,240.0,232.0,0.6,0.4,2.0,ok
525,142,0.1515026629917187,0.771121263243461,-0.10960817348027505,0.17606548504645558,0.0034737923140908318,0.055445506869168694,0.6839674973270766,-0.27654919557580565,0.18124893743364898,0.002591089517713345,1.045490767997303,0.6069360503150953,1.0717300896778803,1.0256514867234905,-0.0015363070214128797,0.35678298847104706,0.5369228141307247,0.3155121456754161,0.5256576873114234,0.0021796402092540725,0.010529616123943666,0.00030834595776995304,0.0006331397905633806,0.003035776414084507,0.026957145741549303,0.0017076833636150241,0.011223180554342732,0.01312624826605634,0.0026072369661032865,0.006705911467840377,0.0120598779584507,0.00032468331028169013,0.0004371245107511738,0.0012369504969718316,0.0002622466212441314,0.0006636752400938969,0.00012250214416666664,0.0008696868947652581,0.0095813317565493,0.0002183381143896713,0.0033888783604460104,0.000140007560370892,0.005067755695774648,0.0005758637584272298,0.007705609691018782,0.003087659288204225,0.0006701865445070425,1,0,0,0,1,0,218.0,235.0,223.0,0.294118,0.705882,1.0,ok
532,63,-0.323182886770279,0.6841707513574006,-0.33154888922367126,-0.27368540289189347,0.003003374641700547,-0.6422900766855834,0.8791677022522003,-0.5031687865284499,-0.4697963466340634,0.0013908331471406336,1.8685674383982944,1.141299949594328,1.8747750866146977,1.6584110760734478,-0.007896871836814548,0.9293676901935566,0.9075241967089218,0.3643774234148876,1.3652265271179413,0.021660452863160033,0.08446676305052911,0.00046345406037037024,0.0006599913721164025,0.0026681661513227517,0.04535758382539683,0.0012812652933333335,0.038737294889682555,0.03408635322777778,0.014608002653280425,0.019539586843650782,0.01594337208386243,0.00048217755267195765,0.00023726673661375667,0.004568449511322751,0.0006868895668783067,0.03864496143449735,0.00041012645097883595,0.00481231433857143,0.011549293284444446,0.0007566991953703705,0.0218097409973545,0.0009520470861798945,0.0040826404005291,0.001083183904444444,0.0004269367432910053,0.009593697443068783,0.0011097005593121696,0,0,0,1,1,0,210.0,240.0,228.0,0.6,0.4,3.0,ok
533,27,0.6338832596580699,1.415194259079967,-0.6043764036880358,1.5804228275931111,0.10593378957530156,-0.9127741863495781,0.6402790647480208,-1.1380388970971724,-0.5527013828019851,0.021003411926151783,2.1188383716523287,0.9101375362933788,1.6888355069940646,2.693472535341881,0.07005069733393672,-0.33470482603887153,2.290334830123371,1.9661279549567705,-1.815713540909484,-0.20250184012026387,0.043238009235185185,0.0005629350048148148,0.0004905567891358025,0.004088448934567902,0.05968754506049382,0.0019669122197530867,0.01146577507222222,0.03580387331851851,0.006008823142839505,0.06555414210629629,0.013494020421604939,0.0003648282120987653,0.00040652252160493826,0.002957123452469135,0.0007991320623456792,0.000603098084074074,0.0006686104046296296,0.014567828538271606,0.0312692961325926,0.0016479874043827157,0.01487473970493827,0.00024345522165432102,0.0041195708456790115,0.0010932534869753088,0.00121871677845679,0.046190526740493815,0.0005490904645679013,0,0,0,0,1,1,225.0,235.0,230.5,0.55,0.45,0.916667,ok
541,65,-0.17499175484538815,0.5050967967410016,-0.09327798406133804,-0.4693884578048256,-0.011101664943942293,-0.37119084762128396,0.7955371082243318,-0.8808331402592164,-0.3244757420316877,0.007452416788062719,1.3444644599827198,0.6346848001609909,1.4731407081653163,1.6178240039388776,0.00629570051115411,0.9350144732379668,0.5602934498833861,1.199247051795944,1.0312200784074028,-0.0016908886270483076,0.05457119624666666,0.0002793734734358974,0.0006842369701538462,0.0026156068089743588,0.06390158059128205,0.007733929986615385,0.01780257243405128,0.03242954372615383,0.007321744374974359,0.005085723461846151,0.012796222660512823,0.0002921139645641026,0.00022107273156410254,0.0015967112173846153,0.00028525553748717943,0.0014936823353846153,0.00013226870243589737,0.0013908492983076921,0.001169263778717948,0.00020933180351282048,0.008772800115897435,0.0003237796088102565,0.003102508626666668,0.0010212473042564103,0.005952552579051281,0.0016950331341282052,0.0051601948210769225,0,0,0,0,1,1,230.0,235.0,233.0,0.6,0.4,1.0,ok
545,54,-0.3297653466232511,1.271950541019857,-1.3218799331235174,0.568142629541004,0.04316176342898313,-0.9446132171770204,0.8179176173368554,-0.8110262787785231,-1.498427484860021,-0.02109238860141829,1.7927836985293188,0.6162194305259899,2.1494824739988467,1.7847390481264023,-0.005619807239315381,0.7024843977766998,1.2343675952939732,0.7825589392260159,0.39153904547897006,0.006630270638528519,0.031012554240123464,0.0008779256945061725,0.0005728595912962963,0.002178040694444444,0.06516485374074073,0.004390695976172839,0.011733444182716053,0.04248950919845679,0.015408337210802474,0.004534885833024691,0.0032456373700617274,0.00034548198376543193,0.0007459365083024693,0.05970112740623457,0.0026523394295061733,0.0021632312069753087,0.0004405755015123456,0.0119560638612963,0.04917021510237655,0.006839175409660493,0.019267200520679012,0.0007095517767901232,0.009153886091666666,0.0015918411449691366,0.029297033511481475,0.00891221550580247,0.007032903785000001,0,0,0,0,0,0,225.0,230.0,228.0,0.6,0.4,0.75,ok
546,124,-0.3953730382338004,1.2021359657461426,0.1740268367440086,-0.8925464333390255,-0.009614077551424599,-0.9389068950875953,0.8548241665313484,-1.3561918618241557,-0.4830864773300953,0.010529938820893908,2.18601872213453,0.7989759045494765,2.0160050336916466,2.1006935865169742,-0.0003879866093357954,1.4625580545164325,0.9645415898155844,1.2239276110737318,1.1227184431777568,-0.001330513038196456,0.02996629080733871,0.0006179398578763441,0.0006700248127150539,0.004321963749596773,0.07706330460349464,0.011395907900913979,0.043223046627123646,0.024867751894704297,0.016763870773602155,0.011282179305268814,0.026476452213037623,0.0005140138373387096,0.0007024519526209676,0.003928711077204302,0.0020258881659677417,0.006061824641451606,0.0004897105888978493,0.010519622390510753,0.0026306001352956986,0.002304271843803763,0.026358345203091393,0.0003830694867930107,0.012987022237903226,0.0012769320559408595,0.009020963643322588,0.0133534607719758,0.00490236719405914,0,0,1,1,0,1,220.0,231.0,231.0,1.0,0.0,11.0,ok
548,63,-0.4060797766835741,1.6184391644558576,-1.3301757037360193,0.6742401202705891,0.0331805169916774,-1.016956954821012,1.6859220361307277,0.4155193741993494,-1.9968909374269406,-0.0537525453849984,2.2957478385888863,1.0905265995629418,2.363701223925352,2.337332013077566,0.002420516733326935,0.7361453941272873,1.535555905872901,0.0637027939900773,0.883341035674357,0.023244249864325,0.0754337942910053,0.0011087027379894185,0.0008881157483068784,0.0037909795843915333,0.04458478444708996,0.006249241006666667,0.02630618044656084,0.04431781919708996,0.0194964262226455,0.003627141536613756,0.01949300482116402,0.0007543036162433862,0.0011149900294973548,0.0168409275462963,0.0003784608352380951,0.01632418787656085,0.0005287914049735447,0.013655940275132283,0.024296257562751326,0.00039530636322751317,0.032173163178042335,0.0009811451237089945,0.004478165845502646,0.0009025858415608471,0.04541815547142856,0.012345173251428573,0.0016715302524338625,0,0,0,0,0,1,230.0,240.0,235.0,0.5,0.5,0.714286,ok
550,25,-1.6150307188819835,1.4287661346653848,-1.1298630303341004,-2.99344653792665,-0.11313979554855147,-0.3506873694388961,0.9768608499537368,-1.1656245172292545,0.04788195774061594,0.0736179716287377,2.2246216934530567,0.7284004513876694,1.9840603257810139,2.595359201900174,0.028319947175784458,0.5707488623974486,1.6052833946266487,1.6041825189387389,-0.7927581435872716,-0.1516019627753562,0.10117922447800004,0.025675080738533324,0.0007848094472,0.006155156496666667,0.06311702984000002,0.02003420135866666,0.010041719462666665,0.1279835008304,0.012159331895999999,0.003590177726666667,0.048254053080000005,0.0003516129765333333,0.00018213999620000007,0.01728560246346666,0.0003082436112,0.0043876053752,0.00012140333319999998,0.03183985901986666,0.008285932512,0.0002511798561333333,0.011646528698666664,0.0008900888193333334,0.002789995556666667,0.0019327042833333335,0.0002029310906666667,0.00046896245946666666,0.0009009671142666666,0,0,0,1,1,0,220.0,235.0,230.0,0.666667,0.333333,3.333333,ok
556,14,-2.1013416731613477,2.071687135418348,-3.0658663058907742,-0.20561303634812714,0.28648172188774296,-0.49615856099870825,0.35696644021775575,-0.5917435589694509,-0.29904816309235704,0.01864875986465766,2.632480481374725,1.1749785187765704,2.9588546200088914,1.742245965050855,-0.12139660849539417,0.5984465802468731,1.0696884133779576,0.056294032592345666,1.5374254536987622,0.16293616678620168,0.030041312890476186,0.0009009669357142857,0.0007148119098809525,0.002256656969047619,0.11649556488095238,0.008211985839285715,0.04646528293452382,0.022027897035714287,0.015271326934523812,0.001519819082261905,0.04262322094285714,0.0003299470878571428,0.00019234360285714283,0.03401949167619047,0.00028936087559523803,0.002066131485,0.00015202942452380953,0.055452145681666676,0.002246027202142857,0.00021933331500000004,0.012897325397619048,0.0011989454319047618,0.007461210733333336,0.005490840671904762,0.00011491693773809525,0.0005384701410714286,0.0009753521855952378,0,0,1,1,1,1,220.0,235.0,235.0,1.0,0.0,5.0,ok
557,8,0.005169056947683867,0.1664999124832995,0.10916331780497213,-0.13308663572031923,-0.04988957945619717,0.07281716129624857,0.33227088378066744,0.07328298248359025,-0.159024693262834,-0.06227689329363591,1.5728453001843212,0.30465594332210805,1.1273644964173588,1.756198886802011,0.1077994647597516,1.1429771335607608,0.29069396356427984,0.7792697316090857,1.431442044499881,0.12324368024668697,0.010998063022916667,0.0005383312012499999,0.0009274189416666668,0.006599825089583332,0.06839164795833334,0.0021050980925,0.010767525975,0.0007169987408333334,0.0058217563,0.005875255757083333,0.0905103473125,0.00045669293812499996,0.00030497455416666667,0.0011018623395833334,0.0004615882670833334,0.0006312490316666666,0.00011251456666666663,0.0007836611770833333,0.0003464316641666667,0.00016348874604166664,0.05070829341666667,0.00034613100083333336,0.0049484351875,0.0004848729183333334,0.00019215909262500002,0.0006897709083333333,0.0007132904037499999,1,1,0,0,1,0,220.0,230.0,220.0,0.0,1.0,0.0,ok
570,28,-1.1913737075753068,0.49022776738849955,-1.160686869393434,-0.8110877575540565,0.01008748306041502,-1.470111553296977,0.49838183231636707,-1.6643302831758198,-1.4961930369725,-0.00231080986595568,2.545800430644585,0.43666034945598786,2.4894401062519838,2.611418368084673,0.018028075884049227,2.174784634850684,0.9019556094642353,2.636577379634183,2.1876536689800568,-0.0040425159781268755,0.09269657295595238,0.0009441557320238097,0.000388406501904762,0.0011361891607142855,0.08249909329761904,0.0033559178878571428,0.03783007012857143,0.10329947206404759,0.0478831297157143,0.001608710739285714,0.0037190411654761907,0.00028114857654761894,0.0003118806560714285,0.019070006485595238,0.0024052227163095237,0.010154652025,0.00021463975869047617,0.007691625247857144,0.012223620629047619,0.010977367118452378,0.029958845413095243,0.0010846362429404765,0.01597879895238095,0.0013412373461904761,0.00033760275928571427,0.00162185648702381,0.005088489534404763,1,0,0,0,1,1,229.0,235.0,231.0,0.333333,0.666667,0.5,ok
571,18,-0.39320098465349446,0.3910574167530766,-0.2548312512461525,-0.22106765108804263,-0.003769791059804346,-1.3638706696057183,0.4681875201688219,-0.8016903964863126,-1.6749479171995105,-0.06794400705296975,1.8937498510448532,0.29983720367687877,1.6654800839437873,1.9486921392234482,0.02618279845530877,1.9569025516730898,0.6816598007254453,1.3588961347656998,1.83412562703081,0.04887899893370269,0.014566101894444445,0.0011860307020370375,0.0005007329546296295,0.0013828130194444446,0.06029398444444445,0.0339011035,0.026308556281481477,0.06709697680925925,0.011385351383333334,0.0016929536324074076,0.0025769035361111114,0.00044026841333333333,0.0009696351299074073,0.0038059019157407415,0.0013454101388888891,0.00060817087,0.0003169004322222222,0.0013274176259259257,0.011120809862592593,0.002503112187777778,0.034277673151851845,0.00027533102370370363,0.013428564562962963,0.0004024254651851853,0.03733097042583333,0.005517108455648148,0.004930678306481481,1,0,0,0,1,1,233.0,240.0,235.0,0.285714,0.714286,1.0,ok
573,14,-1.7478434088938426,1.4370207124991383,-2.695243849875046,-0.6187930220447587,0.19652167578873714,-0.9816361632643053,0.46877952096769865,-0.4923920915497321,-1.3501609122057994,-0.09538628930771909,2.408467742620741,0.7374094695077342,2.6384829996751997,1.8991160707166586,-0.06650334163841007,1.239902905325801,1.1405196570608869,0.15896138905550844,2.1856980237638113,0.21326683929858645,0.17194027917380952,0.0010333679773809523,0.00036478424559523804,0.001720410060714286,0.0392030726547619,0.002293441919047619,0.02162977806904762,0.07732961550714287,0.007111491124761905,0.0026759736583333335,0.0038767562071428574,0.0001990481128571429,0.00012734418071428576,0.05748422988809524,0.00033440577738095233,0.001866887818095238,9.2089946547619e-05,0.02657951661785715,0.003098798679761904,0.0004191400795238095,0.011867739349999995,0.0008006119660714286,0.0019548876071428575,0.0009216472569047617,0.00014824838559523808,0.0006392356788095238,0.0021604211702380954,0,0,0,0,1,1,229.0,237.0,233.0,0.5,0.5,1.0,ok
574,45,-0.7471790457690615,1.0271249484257348,-1.075099716780059,-0.0186497750436102,0.03492736472271837,-0.8829464795031173,0.7777696589324324,-1.3065692404126679,-0.7316976751469676,0.01259892613538992,2.273107802725059,0.8248296817134866,2.679181005804911,1.6956357075037678,-0.02317760122348944,1.636548303254666,1.2882197541329818,2.001967297487219,1.4702238454973937,-0.006242667772660481,0.03869971295296296,0.00045036978103703707,0.000905563138888889,0.0036645996277777765,0.09095384320925923,0.0014786411643703708,0.04705593993481481,0.04220328699807406,0.012774362744074076,0.00331524833962963,0.02802042513777779,0.0005403026752962965,0.00029947125340740736,0.0028433436297037036,0.002917868630370369,0.015367794693925924,0.00020391471459259256,0.008113915718888892,0.030010629233629633,0.0037272557270740746,0.016714612555185186,0.0005045008468814813,0.00794869415925926,0.001633442650777778,0.00047859326251851856,0.0031167449325925915,0.0009288078791851849,0,0,0,0,0,0,210.0,240.0,225.5,0.516667,0.483333,1.9375,ok
580,41,-0.37330309964986486,0.6607311886420838,-0.8521629803672354,-0.14523964743692083,0.023390964653718233,-0.4448178845579538,0.821271732246625,-0.8830214036778047,-0.11842899726008571,0.027470894717665596,1.7428915980313517,0.6474741823281147,1.862082235111406,1.2893886723305437,-0.0194005665542292,1.3878653902167761,0.7692871333382924,1.4562022574424112,0.8854363440559574,-0.020424366383692296,0.0681756556219512,0.00033436050195121954,0.0008538699224390244,0.004460064271951219,0.05875722018861788,0.004251700992520325,0.021426340955691056,0.011165237717886179,0.033227251640487794,0.0028925316889430895,0.03360690224471544,0.00045643841126016257,0.0002391081959756098,0.0067691652645528455,0.0003050463060162602,0.001002830664715447,8.168367666666669e-05,0.002952632399796748,0.001041927072195122,0.0002488209275203252,0.019743255508943083,0.0004006977634146342,0.007734600426829269,0.0005583503439837397,0.00016664942126016257,0.0004450381173983739,0.0009728936396747969,0,0,1,1,1,0,205.0,220.0,220.0,1.0,0.0,7.5,ok
583,43,-0.40957440378589793,0.7171290711127098,-1.156336287981303,0.0479933269535767,0.0380930011283203,-0.5360380281795726,0.8739317194571284,-1.3405728009684872,0.2542164592414975,0.047169210461847313,2.1338019258199226,0.6589807645481458,2.734683498967058,2.029346075055293,-0.02528004213143197,1.5925578243828682,0.7620782862823348,1.9341471430038697,1.2496669545257169,-0.015732201180986984,0.05149121802713177,0.0007497906836434105,0.0005784457701550386,0.00441214623992248,0.04766482759379846,0.009288933211162791,0.03141957346860465,0.04033851902596898,0.007500675140310077,0.00729608136976744,0.04466991727945738,0.0003999806067829458,0.0002809736352325582,0.04490088350403102,0.00046566561333333354,0.0013063250074418602,0.0001900984759302325,0.002931883851550386,0.030324716664961247,0.0005012078788527133,0.03873870069767442,0.0003170402440930233,0.00658523344457364,0.0008462106361240314,0.00040967086643410854,0.002544113155038759,0.0012821045833333335,0,0,0,0,0,0,220.0,235.0,230.0,0.666667,0.333333,1.25,ok
584,39,-0.3095958687468936,0.6271508613482555,-0.6955693119265886,0.16096166845503854,0.029415075816392182,-1.0112541807779354,0.8887320614735088,-1.0126002911259804,-1.3244484617394303,-0.02383915829158193,1.930306273540581,0.697344631335122,2.218777433018687,1.6054893229654195,-0.009448187114717127,1.466984439534938,0.8333634904285445,1.8505858504180384,0.8767522010157293,-0.024336251987698867,0.05482052171581197,0.0006471946627350424,0.0008691974216666668,0.003452221267521367,0.09635518186324785,0.016178537816837604,0.025631193432692306,0.09253427259824783,0.01276446117222222,0.005181038403418803,0.018536658197863248,0.0004905988368376069,0.00044144661871794874,0.009886068432136753,0.0004796354586752136,0.08186750693153844,0.0002862620193589743,0.0019915510360683764,0.01752761267478632,0.00041250241478632484,0.03527844685811966,0.0008936283135042736,0.00908775759188034,0.0008477862422222221,0.020489370639401712,0.005804548027264957,0.005223887588333332,0,0,1,0,0,0,220.0,225.0,224.0,0.8,0.2,1.333333,ok
588,23,-0.1447154100703163,0.8256709533528838,0.6149101879973309,-0.8617101555591669,-0.10404704511903773,-0.24198137858395655,0.6685760375958811,-0.3181685837174832,-0.30983947231470294,-0.016534125873141063,1.6467014892943321,0.7824756409585147,1.2997269100680984,2.4927806086336317,0.08470400161010307,0.8397507315898822,0.7892309551527419,0.2114271343899686,1.397610812124751,0.08462068564892077,0.054409811828985515,0.00029261678594202906,0.0006267851614492753,0.005123830126086956,0.058541644255072474,0.001461000808550725,0.0024772950086956523,0.0012355900369565216,0.018072257981594203,0.00515640249130435,0.08162446721376812,0.0003837917800724638,0.0006752660443478259,0.0016395265572463765,0.00029798565695652175,0.001581425444347826,0.0001577023448550725,0.0052633437376811585,0.015618393953043479,0.00019563374268115945,0.002957116379710145,0.0006605490366666667,0.005301213365942028,0.0007711140813043478,0.01318774435876812,0.0021096324503623192,0.0003932625417391304,0,0,0,1,1,0,215.0,235.0,230.0,0.75,0.25,5.0,ok
590,26,-0.8752262311955177,0.4849353135891951,-1.0501062253802782,-0.6772208689494456,0.01741674319399497,-1.5386097016546796,0.6793947626874405,-1.3986878874944553,-1.285810549286956,0.006273111940141522,2.4639817494984433,0.6540925771037385,2.159849093160023,2.4351232631616258,0.023247803343354082,2.6853045367252175,0.8417002958675621,2.206354459427787,2.6086562439441146,0.024019837944097858,0.09656282767371795,0.0003205487348717949,0.0006717222146153843,0.0038084393025641034,0.07758307366794873,0.0031677989493589746,0.020556152737820507,0.06683368988717947,0.0315330468174359,0.003400630655512821,0.02212032438397436,0.0005148857471794872,0.0001810054218589743,0.0055566584469230774,0.0008352725339743592,0.0035180388201923084,0.00012216993615384614,0.0025588815308974357,0.04263246699897437,0.0004290725486538462,0.025275892587820512,0.0005701573848717949,0.008185603687179488,0.0006089597508333334,0.00037564193179487186,0.000829217547820513,0.002618935622948718,0,0,0,0,0,0,225.0,230.0,227.5,0.5,0.5,0.416667,ok
595,24,0.07626123462095759,0.8923380409931818,-0.36843075167502504,0.9346446911877271,0.0835171996746429,-0.7506535774283868,0.43241999166575834,-0.7095313612702545,-0.7747470056991888,-0.0036579408998572947,1.5943317103645243,0.44866654181426935,1.3064947975599221,2.1117629911205587,0.05199034861147644,1.0999843822611803,0.838177162932673,1.3639123125793167,0.46937140393434046,-0.053775617277563525,0.03889030349583334,0.00038283144430555544,0.0012200864533333333,0.004551703136111112,0.0679894129513889,0.0014772766427777779,0.031978035052777784,0.026152092006805554,0.019767589854999993,0.0029330012819444445,0.05038842814444445,0.00047127538708333327,0.00039856575875,0.0036678883534722218,0.0002924768371527777,0.0074893015336111105,0.0001895515129861111,0.0013358051590277777,0.0014687422047222221,0.00015791724,0.003850761634722222,0.00032609305986111125,0.006078425416666666,0.0003196346191666667,0.02201592632319445,0.005930802286111113,0.0021780420936111113,0,0,1,1,1,1,235.0,237.5,237.5,1.0,0.0,2.5,ok
597,33,-1.3672252951173012,2.209131061466767,-0.9363175997431648,-2.546941609185181,-0.09528093606978462,-0.7897640410584595,1.3026323282731143,-1.1692223901865793,0.015605686365290977,0.06162343163474333,2.174180941253228,0.9821320718994998,2.0305439786363952,2.6067945227169127,0.0368045381657341,1.2407593591127464,2.7239038069108386,1.8176864594416458,-0.2689934090353074,-0.11669665386572953,0.042719388608282796,0.000894774993838384,0.0004915575114141415,0.0017029213969696965,0.06347266272727273,0.005315173843131314,0.014333043637878786,0.07927474814919191,0.01876124070131313,0.0006460955949494952,0.0030650820080808075,0.00033556356469696967,0.00011269976611111115,0.00506573453949495,0.00037370727383838375,0.0017721319842424242,0.00013631467272727274,0.0394957462179798,0.018274078829797973,0.000308645332020202,0.028730742191414135,0.0006791763527272727,0.0038511136292929296,0.0016893506968686872,0.00021354421050505046,0.00039009017888888884,0.014914135587777778,0,0,1,1,1,1,220.0,235.0,233.0,0.866667,0.133333,4.333333,ok
600,50,-0.6538991994008688,1.216428375343871,-0.38740410355326876,-0.46837424493083235,-0.000780363623297099,-0.2820455260342206,1.0294163637741764,-0.7614951362142693,-0.9517463586693085,-0.01266202395478279,1.4725409429914291,0.5932354417050173,1.4825269101960172,1.5330582503959371,0.006945513206206596,0.7413900169240429,1.7348332464546274,1.4844698240212197,1.6435892824923206,0.018429699458367237,0.04825609336433333,0.0005538630820000002,0.0007049134054666665,0.003053743087333334,0.036937875666666654,0.0034497891383999998,0.010601090628666664,0.04876292129566666,0.014689708244866671,0.0015762631353333325,0.014408491214333337,0.00035076085166666675,0.00014719111086666664,0.0031856832720000006,0.00029247458710000005,0.001478821473333333,8.918007306666666e-05,0.021188315402866666,0.006401466275000001,0.00018416247669999998,0.048997022547333346,0.00033333636009999994,0.005187291259333332,0.0006352190916999998,0.00026690947773333327,0.0005668180614666664,0.0038404967356000003,0,0,1,1,1,0,220.0,230.0,230.0,1.0,0.0,5.0,ok
603,55,-0.09245318352346547,0.5837095974321385,-0.5118257302220118,-0.18070674528566227,0.008177876169716497,-0.12901381611834528,0.9654638592657886,-0.5850418850706892,-0.5333301738716149,-0.0017626198501633813,1.4462999972966997,0.42822075582330904,1.5653818567811664,1.26093676192821,-0.008420116905666773,1.1040411414692903,0.5361710689222468,1.283344753633492,1.2973911411308743,0.003077663041948365,0.022364886373515157,0.00042843803096969687,0.0015046949403333335,0.0068175515021212125,0.07372673695575759,0.0010724085948484847,0.02006609386424242,0.06097212958212121,0.003214365417878788,0.0024042269796969696,0.045017184002909084,0.0006010019434545457,0.00021226439615151514,0.011356384665696979,0.0003316620696363637,0.015305643475787873,8.89840333030303e-05,0.0015505832910303024,0.0009183889489090906,0.00015475418078787884,0.015351502752424242,0.00026411215406666675,0.0073482557130303,0.00028543719375757583,9.5452862e-05,0.0009624631896363638,0.003625845588484847,0,0,0,1,1,1,222.0,236.0,232.0,0.714286,0.285714,2.5,ok
604,27,-0.7043295745413445,1.4669780851612528,-2.0933620697748587,0.5751649477754364,0.16345484131033644,-1.3846026702101712,0.5663759003929312,-1.2692603386565573,-1.6287376790931813,-0.023853933538540165,2.2616796721657977,0.614749321866438,2.821695135834938,1.8282430068979656,-0.05464816525814037,1.6655902152916482,1.037706872213795,1.585339937377369,0.8911986024928087,-0.042063282006359226,0.07911323335308643,0.0006641410339506173,0.00025273392574074084,0.0028459140740740734,0.11228102672839509,0.001195243168148148,0.0524912902271605,0.019931339089506173,0.014617048651358025,0.0029228576561728396,0.028576513285185182,0.00026242703413580245,0.00045456374691358025,0.010075206035802472,0.00020781785913580244,0.009755258285864198,0.00016781532061728398,0.017283292096049382,0.01976216774703703,0.00031534070802469134,0.008437250948765433,0.0010372192188888888,0.008708005717283949,0.001780015116728395,0.01984581050308642,0.006552892912962964,0.0004903319320987652,1,1,0,0,1,0,225.0,234.0,225.0,0.0,1.0,0.0,ok
606,48,-0.4707197372231838,0.6694011159606619,-0.2728679824670686,-0.3272215098986898,0.0004338085180776356,-1.1105105111077813,0.7512330147214721,-1.293169742317325,-0.7354593336921019,0.020824022252916075,1.8878140576102362,0.6689915591312017,1.7438330460126195,1.9643053899120921,0.0013699661452719386,1.73770350775244,0.9495395005351248,1.3517762009983139,1.6733504558805166,0.004173314488728151,0.10444390488923615,0.0009483145777083333,0.0004967407555208336,0.001926836609722223,0.08976523346041664,0.0016694720856944446,0.005914794645486111,0.020984884505902787,0.03569516448729167,0.0026315134214583333,0.014392162960416663,0.0003402656360416666,0.0005654982098958334,0.01213657520611111,0.0002935786378472221,0.001955200625173611,0.00017777517309027779,0.002127392137430555,0.0010906436518055556,0.0002499116126388889,0.01500665803784722,0.0007386790738680557,0.018246241485416665,0.00040930939034722227,0.016930463620659725,0.0042354888302083326,0.010423782030520834,1,1,0,0,1,0,225.0,240.0,228.0,0.2,0.8,0.6,ok
616,34,-0.167802551509366,0.8795139723364636,-0.5708145374099964,0.39919751655359365,0.03384972530568008,-1.3326962104771385,0.9142707088887146,-2.1076853005660285,-1.0211461250737446,0.0496478750836696,1.854871611624425,0.8490127589828365,2.618619788220524,1.328800989622707,-0.052226822107610725,1.448000393086536,1.4505322386010777,1.75709065752781,0.7698888954302578,-0.03248392512352125,0.023757340003921556,0.0004204493710784313,0.00044280278137254903,0.0013963530632352939,0.08287811780882354,0.001575683931078431,0.04446886798235295,0.03899875781764706,0.010980818978921572,0.0018290642835294118,0.006497203036764706,0.0003086019620588235,0.0006965762109313727,0.0018101043485294116,0.0002940938212745098,0.0024290888353921576,0.00021922908534313727,0.0027420540040196074,0.0007740175083333331,0.00033975939715686276,0.006795394661764706,0.00028577381544117646,0.007512042432352941,0.0007837167282843139,0.030948500277500002,0.0064746980842156875,0.0005538195532352939,0,0,1,1,1,1,220.0,233.0,232.0,0.923077,0.076923,4.0,ok
619,66,-0.5218619470726421,0.3675278570608226,-0.6294207627637289,-0.42062329014277217,0.0020046445666197102,-1.1573171572150824,0.500648995479837,-1.2910612602069806,-0.9081344868178172,0.007875752583518443,1.9266111681266735,0.5028935718003041,1.9136502978479475,1.8454282848082142,-0.001954125137884127,2.007936945873518,0.6221544882756181,2.2539094523875334,1.4837461290424,-0.0160294629282651,0.04530433129949495,0.000358514821818182,0.0004588662257070707,0.0023001918085858593,0.10754114686565659,0.00266074787030303,0.03494514073560606,0.0472849677530303,0.010990890584898983,0.004892825094065657,0.006477875256818183,0.0003281874606818182,0.00020887191944444442,0.0029468433504040406,0.0004159639604545454,0.016081328137070704,0.00017220555886363634,0.0028296986580303033,0.028701049281212122,0.0029569952647222225,0.01488537457777778,0.00045094567555555574,0.01093612616666667,0.00044093762656565664,0.0004689277397222222,0.0077252343814393915,0.0009161575375757578,0,0,1,1,0,1,200.0,240.0,235.0,0.875,0.125,5.0,ok
627,160,-0.008493064604432318,0.8789448562863605,-0.681391946990778,0.19595817353198589,0.00878871670035832,-0.09692287986429779,1.328716161064004,-0.7456555942856108,0.3828072169910364,0.010833350536586952,1.5460730133190148,0.923778981337446,1.6501617614197377,1.8538651161128554,0.0027751761002481595,0.8579407080774732,0.7956122954732351,1.3171800334148174,1.0134596646182858,-0.003463048684762314,0.04150460608906249,0.00046049261108333363,0.0011866531031875002,0.0059471497720833336,0.04166931482166665,0.0015449605301458337,0.0229213281538125,0.02732411726814584,0.03555241172097919,0.006949628295708332,0.015158653496145832,0.0011528311240729164,0.0004145708775520833,0.017380773432124998,0.00037843721168749985,0.018259419988541654,0.00019246168851041662,0.002212344978750001,0.006538085054583334,0.00035946651703124986,0.016014885996874995,0.00033022431647916666,0.007534931802499997,0.0004098054766041662,0.008335245735625005,0.004879807957854167,0.0024351826357291665,0,0,1,1,0,0,205.0,230.0,229.0,0.96,0.04,4.8,ok
628,66,-0.5002985893743553,1.4698474060408278,-1.1133746008310959,0.22655740830409468,0.027280678230451195,-0.8331066543612753,0.644614207996544,-0.8383271401024043,-0.8022947948309264,0.0003709692691593773,2.1303427794913876,0.8649110396624746,2.1943606531222004,1.7587846701080025,-0.006577549561516591,0.8282353030117494,1.2649355730182514,1.2142611821873368,0.15586251979142116,-0.012291608331789624,0.04679866224141416,0.0007191915741919196,0.000594100928510101,0.002608026731060606,0.048543785561616176,0.01720437509636364,0.0528477055762626,0.083248018274798,0.00756800938121212,0.008123920761868688,0.016313624618181814,0.0005317103186868686,0.000546619534520202,0.0042756806314646475,0.009993473323863635,0.0012470589944949498,0.0005446899079040404,0.019404337932777783,0.012190908200479798,0.007281679967222222,0.019827224131818186,0.0005306416026818181,0.006714113251515152,0.0014469239080050504,0.0006030042946717173,0.012084195999898989,0.005314976880505049,0,0,0,1,0,0,215.0,240.0,230.0,0.6,0.4,3.75,ok
637,27,-1.086633816900026,0.533659926817311,-0.7416520764749743,-0.8389175429225476,-0.008057721959672196,-1.3943452345987137,0.830359715262567,-0.6905318653208661,-1.2451313046046506,-0.03672514930220664,2.1782649880539298,0.8739305940118579,1.405283791071763,1.9832423756108593,0.038314016687985515,2.072745306098168,1.1554298719004392,1.0404271975143031,1.9999160725600171,0.06298442523731829,0.1532936928666667,0.0005899661865432097,0.0004241992161111111,0.0009337597518518515,0.06957870327777779,0.0011859548411111112,0.02980117930555555,0.030130593406790127,0.009559399570185189,0.000774470886419753,0.004644875948765432,0.0003107946003086418,0.00016955994277777776,0.01196317005493827,0.00039403202438271584,0.08948103614839503,0.0001779603934567901,0.0035783087092592595,0.018548901145679014,0.00021479932827160494,0.02426407559567901,0.0007035448753086418,0.003896090828395062,0.0004346689830246913,0.000228731614691358,0.0004565107000617285,0.0314711176512963,0,0,1,1,1,1,220.0,235.0,232.0,0.8,0.2,3.0,ok
638,39,-0.83450363611727,0.562610100289893,-1.2178767877687593,-0.9199817522456745,0.009980194558534545,-1.153208310216379,0.5472118344550475,-1.491582763159774,-1.2313312213612482,0.005366221992782231,1.994706896783772,0.6383357429512403,2.31705962736103,2.1361994242512856,-0.0020837929693009,1.7426749154045353,0.750792502431884,2.231383733184018,1.528190767970424,-0.014864573911066463,0.053000798289316225,0.0004901630447008549,0.00042521221683760674,0.0016016783068376068,0.08625217238888891,0.028921601692136756,0.01158114821034188,0.07486602934017093,0.009446575779914531,0.0010541983888888889,0.002659159845726496,0.0003164722457264957,0.00016976094235042737,0.012062350361025643,0.0007421006266666667,0.002706045141623932,0.00018748057205128206,0.007975962682905983,0.02812915528333333,0.0021247381585470086,0.007076579268376068,0.0005227737840170942,0.013327978134188031,0.0010472163611111112,0.0004401940809829059,0.002487743743076923,0.0014321829732478633,1,1,0,0,0,0,230.0,250.0,230.0,0.0,1.0,0.0,ok
644,34,-0.32833170514977505,0.3939480733543299,-0.21842996697413702,-0.37095171782977293,-0.010983626104994565,-0.5466526699295642,0.74922100011958,-0.1652673248005773,-0.6260381854262403,-0.028660526798641693,2.254140947172076,0.7834663225738988,1.852094846272703,1.945332117410138,0.0029418418203801633,1.7995697076714494,0.5962129064618699,1.4079002461910526,1.7923525682230999,0.017833319798116056,0.05121420746764704,0.002046132907254902,0.0017715079782843137,0.005882639797058824,0.0860204153137255,0.0021717652184313737,0.025530160397549018,0.0321521772777451,0.0020365539543137252,0.00672181359392157,0.05668964138921569,0.0006027029173529412,0.0005617964311666665,0.0026774733099999997,0.005451149595441178,0.0008731477458823527,0.0001547351984117647,0.003257264174509804,0.029740917561862732,0.0076102628890196075,0.00799676659460784,0.000389522471862745,0.007853516642156862,0.0006086894452450983,0.00024700501191176477,0.001336311449509804,0.022511429145882358,0,0,0,1,1,1,223.0,245.0,238.0,0.681818,0.318182,3.0,ok
659,37,0.13800627052575304,0.6742696703493778,-0.6053799018779146,0.4289993132911923,0.033985224918680196,-0.6194307229703993,1.0870402506981702,-1.0673109556579048,-0.63152190237468,0.007912693235682356,1.672733499787369,0.43423649632535755,1.8140324085002757,1.597797533835727,-0.0032484298582399224,1.0720976326302116,0.7155816695699506,1.565223431846005,0.9736017105789807,-0.010499265356188522,0.027318637303153148,0.0004959568639639638,0.0005926418697297297,0.0034699153864864874,0.04434259473873873,0.0010167445329729732,0.04402770583873874,0.00901707609954955,0.0025027978451351357,0.003626077734864865,0.059631429278378396,0.0002644912605405407,0.0007238757511261262,0.0017042058871171177,0.0003483146477477477,0.027293770559819807,0.00018506341806306308,0.0012224918698198201,0.005102044581531535,0.0003491061248648649,0.01671346222702702,0.00017854149373873875,0.006787726716216216,0.00033644868509009006,0.025968986084144146,0.003926742302792793,0.0012993542099999998,0,0,1,1,1,0,215.0,230.0,228.0,0.866667,0.133333,3.25,ok
66,10,-0.4109290974718377,0.44744960711165593,0.0877306860714357,-0.7294605242882306,-0.10659546321581263,-0.770650789679185,0.6401023725391469,-0.08298476839302338,-1.2055179113343577,-0.14277210495131978,2.1367840230241093,0.6344305552596033,1.8774442301235084,1.7931309317800483,-0.033654383438168574,1.808006204776391,0.6339342225952118,1.0645721224459141,1.9996942764301402,0.10528189115400594,0.09259674344999999,0.0006821100550000001,0.0005140304796666666,0.006443797918333332,0.03726837408333333,0.0014654747566666666,0.0050638444500000004,0.023285946816666663,0.08187188032966668,0.021921854783333333,0.01836891541333334,0.0005462949456666667,0.0005092368983333334,0.018889654120000002,0.00028424905166666664,0.0007996490259999999,9.354221000000001e-05,0.0015476061549999996,0.04285528436166667,0.00024277760883333337,0.010777993016666666,0.0002758679616666667,0.0028999097800000003,0.00023812161333333325,0.0002879953175,0.0007340252223333333,0.0005894184016666667,0,0,1,0,1,0,220.0,230.0,228.0,0.8,0.2,2.0,ok
663,25,-1.151526511609974,1.7248507911925555,-3.045271688281036,0.25141168934196034,0.151428791994564,-1.2761957396465895,0.9174335385484715,-0.7086439551932628,-1.445369476700284,-0.02956690935915396,2.50761732290837,0.8739084300068879,3.0341683632610392,1.7777881741881554,-0.0612769663947709,1.2465735532325586,1.1284060608510798,0.4475155382611525,0.9106417355251888,0.0266772345050007,0.08213120265533334,0.0005156715429333333,0.00040000979426666665,0.0016347979373333337,0.08558620278666666,0.0018278226254666663,0.02784535885733333,0.04160867053199998,0.008061335421333332,0.0032214241742666667,0.015663244130666665,0.0002830114870666666,0.00048212010286666673,0.012105819680000001,0.0002758334101333334,0.03012429431006667,0.000383161452,0.022599228842399996,0.02111465052866666,0.00028503783006666674,0.006527768443333335,0.0007440504860133332,0.0064800529333333325,0.0010516134010666667,0.01973477724526667,0.006307593048133334,0.029002337768533334,0,0,0,1,0,0,215.0,235.0,230.0,0.75,0.25,2.5,ok
664,58,-0.1842667409323715,0.8596606916486873,-0.9021288213646346,0.4112966427412146,0.03449899068854489,-0.5485763379505625,0.8127992567885343,-1.0537082625213963,-0.20903492866336756,0.012212187379789307,1.5556726099625926,0.5579385548517356,2.011144367465559,1.3383527187010764,-0.013066737452277932,1.1128025456342083,0.9149800536295508,1.7034723924730604,0.5143624709014918,-0.024057643985843244,0.04363582570086206,0.0006123044139080457,0.000618539867643678,0.002968667495689656,0.061856437964367815,0.000758804873735632,0.007917028158620689,0.0163720050908046,0.012928372023793103,0.005067760868103448,0.024270863506034482,0.0003166841736206897,0.0003150027281609196,0.0068477176110344875,0.00980635685074713,0.021548140924310344,0.00013084252683908046,0.0034708956213793103,0.000751977023850575,0.0008861217272413796,0.00828133364137931,0.00022612534215517247,0.008953316433333332,0.0004070893350000001,0.00876144409795977,0.0026267792058620684,0.0008204163390804598,1,0,0,0,1,0,220.0,240.0,229.0,0.45,0.55,1.5,ok
67,15,-1.7215045866730685,1.3784273504405418,-3.090278775341769,-0.6130290822267556,0.2031524835626028,-1.147613338927618,0.5243269871702477,-0.6177372944415278,-1.0813519358030055,-0.03926003598691192,2.655968832198438,0.9401258806303135,2.9824148784517557,1.858458369057476,-0.09248744895796462,1.5162686000705003,1.1774749855697881,0.03125426702827253,2.033316990706158,0.1714616419142166,0.11060670129555558,0.0003689084684444443,0.0007463622883333331,0.0023014116333333334,0.04817598673333333,0.0012247219033333335,0.0070808419600000005,0.01421607770533333,0.002764756911111111,0.011852125760222225,0.01980495261555555,0.0005372046117777776,0.0002150574913333333,0.008995706076666669,0.00028658654733333336,0.011503721794444444,0.00013625393733333334,0.02485991901555556,0.05277076129044446,0.00010596380755555554,0.02160427967777778,0.0011377137892222221,0.003278471917777778,0.001034232527777778,0.00026877361688888886,0.001491027715111111,0.0010201992699999999,0,0,1,1,1,0,190.0,235.0,229.0,0.866667,0.133333,4.875,ok
671,28,-0.7261868194934893,1.1709072535303375,-0.9689995781233102,-0.14877072917081421,0.03670759093604195,-1.526824482509575,0.6528257902510779,-1.2350311461889092,-1.7816593363530628,-0.018311764447840984,2.43951051824346,0.8590232565922391,2.1011800053203262,2.238604000184293,0.003465253679674135,1.9144478390133828,1.0197670476899243,1.6966958588969314,1.9222959631466174,0.015998312179705786,0.1243359540357143,0.0005331774569047618,0.0006862125092261905,0.002642514914880952,0.09987200194047617,0.00704780917857143,0.02299512133095238,0.039393862276190475,0.036048222747380954,0.0030424389904761895,0.06225198458511905,0.0004021021713690475,0.0005545094872619048,0.004158879145714286,0.004567175464999999,0.015016481435297624,0.0003072398054761905,0.021000462740476195,0.07110286626369047,0.008237914479761905,0.03370190055714285,0.0008996139406547618,0.012749909086904765,0.0008078222611904761,0.01847554563636905,0.005207544072142857,0.0014279405029761906,1,0,0,0,0,0,220.0,235.0,225.0,0.333333,0.666667,1.666667,ok
672,37,-1.1852608609012811,1.4787270974781044,-0.8144215745229295,-2.2967566312145493,-0.06635207036367038,-1.0090730909750711,0.8065851016540305,-1.0603889240272188,-0.9079449152347068,0.011190643318804549,2.37788949202167,0.6822348754540537,2.043225857568423,2.9932398192820133,0.042895657593717613,1.3268047545469392,1.4351509680817065,1.946611200045542,0.27773489626009795,-0.06050852842021699,0.011785033395225224,0.000544368412882883,0.0007807669109459461,0.003878660620270269,0.11514932767207205,0.013260180157837836,0.010196227174774773,0.04169363578468468,0.029003276274324336,0.005638363761261259,0.031024263248648654,0.0003807735951801801,0.0003249769863063063,0.01864612040090089,0.0002813466992342341,0.0013700359637837838,0.0001161300145945946,0.020464285381081082,0.0019350466245945945,0.00026431988495495497,0.013656764510810807,0.0004676265095225225,0.01174372344189189,0.0015950546175675674,0.011540255793738735,0.002505845907972973,0.0007224470360360365,1,0,0,1,0,0,213.0,240.0,225.0,0.444444,0.555556,12.0,ok
675,77,-0.04008602302384804,0.9171519196282516,-0.35122778583616976,0.5335549382512899,0.016237257995978516,-0.42485980997717876,1.7877902787276683,-0.7482856126081798,0.14878020068228465,0.011158876375337126,1.699291823044271,0.6887356731905814,1.6752298540659951,1.7850871051718695,0.00020869099749646413,1.2481675845429612,1.1535185871124631,1.6337712483238036,0.4263206306318513,-0.021295856596870145,0.03100402433030301,0.0002512939515151515,0.005797167262770561,0.0037959604406926414,0.06887518316493507,0.009853324754610388,0.050847040606666664,0.027323629092424247,0.0006518655094372293,0.005241721471212121,0.012298884277056273,0.0004627146097186147,0.00043478455106060607,0.0009906509303463202,0.0008829130180952381,0.002606431818268399,0.00016868743816017315,0.0009845137909090913,0.0008711527291558444,0.0008337476426406926,0.007144478067099566,0.0003945524697619047,0.00490744569004329,0.0005054674698268398,0.007126183318614718,0.003063983478398268,0.0005564973334199135,0,0,0,1,0,0,200.0,240.0,224.5,0.6125,0.3875,4.083333,ok
676,36,-1.6566583020797587,1.782877402528261,-1.1923784017648986,-1.1801775623602841,0.005499871983025014,-1.2422619102057324,0.6859398435119995,-0.9912568497291304,-0.9846092579327014,-0.008866828804643413,2.6806667026914783,1.3577961343318952,2.1442568435123595,2.0699322335787866,0.00048302891556639466,1.2098526827697644,1.0411094936041019,1.333159714441706,1.4474645029281772,0.00837961147465246,0.0529156887675926,0.0004400468412962964,0.0005396235278240741,0.0018786186620370375,0.10821386022777776,0.007295117697685185,0.005752539642592593,0.023370897847314817,0.009431599996111107,0.002579290806944444,0.0020254189435185183,0.0002936176129166666,0.0003266558950925925,0.014064114105555556,0.00046735507407407405,0.0031616654871296293,0.00022249921041666662,0.027593895299259267,0.006313416266851852,0.0003453100710648149,0.04146873053240741,0.0009220159538888888,0.003895063051851851,0.0053309968343518525,0.015920568373935184,0.002901388858287038,0.004155629080092595,0,0,0,0,1,0,220.0,235.0,228.0,0.533333,0.466667,1.0,ok
677,17,-0.6460481738404352,0.5904577608777806,-0.6346745839908845,-0.09305387608287226,0.052107412591632714,-1.8947724388528608,0.9873538917387716,-0.6875793275167733,-2.8051653970588597,-0.16595955808057955,2.513543089220398,0.8454354658879842,1.452127662613042,3.0348609040566483,0.12081714248105493,2.1322529062409394,0.9002888140733539,1.1704449023271153,2.2529427445522847,0.07804754110135244,0.1173621966990196,0.0007867773670588236,0.0005376041790196077,0.0020155501450980396,0.07980497672549017,0.0033389539945098048,0.005551498175490196,0.02942159873529412,0.0345727771872549,0.005253282809803923,0.010549139184313725,0.0005461895774509804,0.0008731144037254904,0.021327193244117647,0.003529704207254902,0.00244822507382353,0.0005345806141176472,0.002984645431372549,0.03329050345686274,0.005043236982352941,0.010735267960784316,0.0013306209245098038,0.005976574789215687,0.0009663760486274509,0.022508845096078436,0.007625237615686275,0.0020742121598039216,1,1,0,0,1,0,233.0,240.0,226.5,-0.928571,1.928571,1.083333,ok
678,43,-0.35911164381603106,0.6063797317295881,0.032336177126793444,-0.15548393324187312,-0.005983978423023316,-0.4288222033806305,0.6815683269440251,-0.0077791153272642665,-0.25125449910343595,-0.01361497047947207,1.4241791943034146,0.7362897255101212,1.065397350862677,1.0566346524524157,0.003911844699330536,1.1055668934342302,0.9150644101960456,0.7382159320021889,0.8017512842461211,0.011409152360926596,0.039023547660465126,0.0003447019428294574,0.0005690830581395349,0.002412760556589147,0.03945414047131784,0.000969899388527132,0.007702104384883721,0.030080814074108526,0.03518110412379845,0.003998571253488372,0.006518103044961239,0.0003544340460852714,0.000139254025503876,0.003085072308527131,0.00020352146279069768,0.002765420112015504,6.05998796124031e-05,0.003594395443410853,0.02255388317217055,0.00011856057581395347,0.007000616391472868,0.00042200905565891475,0.003354419552713178,0.0005008018303875969,0.00010622974926356592,0.0007621621594573643,0.0005737308487596898,0,0,1,1,1,1,230.0,240.0,238.0,0.8,0.2,4.0,ok
684,231,0.204383386238355,0.9065344958684741,-0.06258584410562687,0.11368669007356252,0.0020608334538290813,-0.41031615704451624,0.8014063797543343,-0.4778242335696143,-0.20019290463798495,0.0022173509077426353,1.4495629895296598,0.5053157078527796,1.619144595231789,1.1876534600540842,-0.0028526113584916913,0.7957880217272031,0.9496778882271687,1.0585835026213868,0.7712863602447119,-0.0025389362724723696,0.014586523976767674,0.0004099060772005775,0.0008262639619264068,0.004747398132106787,0.055918492543001436,0.0025314449841269833,0.02863584413060607,0.022933724907727274,0.006714123758737378,0.01750208616079365,0.039022170023232314,0.0003772413925541125,0.0004019763719480519,0.004275512811226548,0.0014975271882683994,0.0009309310639393938,0.00023897032310966817,0.001896725546435787,0.002314138598715728,0.0025124857989697,0.012780209138528138,0.00021278112424242412,0.00860857019047619,0.00036180267414141396,0.0068983217225310235,0.01048359422152237,0.004404376711147189,0,0,1,1,0,0,190.0,235.0,225.0,0.777778,0.222222,3.181818,ok
690,121,-0.3274727005471724,0.7544706530219546,-0.3657371265063875,-0.5073511198921545,-0.0011415514804639473,-0.3225236923807554,0.7610412699779125,-0.7408105960697957,-0.17654334892663107,0.007541367223732192,1.6049837513710827,0.7533690235406951,1.8662901738342221,1.468597629239793,-0.004158749421749074,1.0160561459191817,0.8056262698596615,1.4515152996277914,0.6350845727611575,-0.011504591353663138,0.049554076200716245,0.00026711739269972445,0.0013206511036914605,0.0040145734261708005,0.058473333752341594,0.002063835020578513,0.00921483743876033,0.013331690271239677,0.008082269596088156,0.007687225703030298,0.01830446456666665,0.0004465380107162536,0.00017003835173553698,0.006319932051322315,0.00025682371829201093,0.007073572527534436,9.824346194214877e-05,0.005136792031818181,0.01264636581526171,0.0001663728084848484,0.004601795504683195,0.0005749373720385676,0.006050420844077136,0.0007966581712121213,0.003313729218402202,0.002048931542148761,0.0005369049796969696,0,0,1,1,0,1,210.0,235.0,232.0,0.88,0.12,4.4,ok
692,156,-0.1854790798583352,0.5341075615288511,-0.23835620953721703,-0.12925919601201094,0.0015343620219932348,-0.5198986674247015,0.6640443164934547,-0.5290524759495112,-0.2786875123570842,0.002312898241029312,1.6574330474234007,0.6250145950440557,2.070524740509412,1.2381481114394424,-0.007374763209483711,1.3703124060943632,0.8262056818160686,1.777542283349561,0.9649016952711071,-0.007935645856708785,0.029990628133226515,0.00033549100316239313,0.0005517419450854699,0.004874666842628203,0.08069651770747857,0.0035567610160576915,0.018550942498290597,0.022978778789658122,0.011474665518269235,0.011163144248344014,0.027043986427350414,0.0003566684585470086,0.000317572612094017,0.0035300178464957263,0.00028215515814102564,0.0006222817108226494,0.00010485076253205126,0.0013268360323931622,0.03993090379528845,0.00034895001459401724,0.010258746458547012,0.0002292138926431623,0.0103028171909188,0.00048806497519230784,0.0035660751146282025,0.0017459088291666674,0.003555535029935897,1,1,0,0,0,1,230.0,250.0,233.0,0.15,0.85,0.5,ok
693,48,-0.4638043688107263,1.4591178970605354,-1.7131236730255113,-0.1389364358351918,0.03824696855959781,-0.23828842178127144,0.6280400603129743,-0.7132429639354055,-0.19443822128876773,0.016825009910073577,1.8164013244377866,1.0421281713105952,2.514754519783562,1.4202794538651973,-0.03151067270731128,1.0448628944182408,0.7491619138637471,1.2114435629198326,1.164276963097885,-0.003849743184771814,0.0191835939125,0.0005054483243055553,0.0006393802629861112,0.0052786116315972215,0.07262861037708333,0.000498842428611111,0.011322994226041662,0.019980940226527775,0.001681769431458334,0.002772809058680555,0.03321532173541667,0.0003667237932638888,0.001394442608055555,0.0042641569940277775,0.00023707988333333338,0.014519200362916672,6.778808003472223e-05,0.014382207352430556,0.025550242971180567,0.00011104893892361111,0.0040638261493055544,0.00030150045381944444,0.01059868845,0.0009661729873958336,0.0001375532159375,0.00030599099302083333,0.0006736348581249998,0,0,1,1,0,0,214.0,230.0,230.0,1.0,0.0,5.333333,ok
697,44,-0.23475400195675108,0.7279075740041452,0.2575532466390898,-0.5187209826829476,-0.030606774991223266,-1.2164826398766697,0.5569647642407836,-1.611121606327515,-1.1299044876557145,0.015099071713200763,1.7340916861334899,0.3092444237273247,1.6498395060877598,1.7042346144785383,0.004118380737926964,1.6793986555667757,0.7976686402013341,0.919026577599439,2.0535064969601375,0.04279206424312069,0.026769121459090908,0.0006046040956060604,0.0005050373351136363,0.0015240357825757579,0.07315998486212122,0.0030697622972727266,0.03043509093636363,0.06927767905984848,0.0202847458964394,0.001911976492803031,0.010455500538636362,0.00043911125022727293,0.000440900113181818,0.009875867132878786,0.00027545146647727284,0.0006135010580681816,0.00021325623912878784,0.001033251138106061,0.0007997563011363638,0.00021779769318181817,0.024119717004166655,0.0001700883939090909,0.0061426592170454545,0.00032019638897727267,0.02413055304746969,0.007679304598977272,0.0017664924748863635,1,1,0,0,0,0,228.0,240.0,228.0,0.0,1.0,0.0,ok
699,99,-0.029118986525787434,0.7095388595121894,0.30032958128786347,-0.443818272048884,-0.012530730236141572,-0.3456321586853219,0.80978745204231,-0.20342403486074329,-0.2757502440388239,0.0009316481395895642,1.5259981109176897,0.5914552464592496,1.6407138739038913,1.4380529769885553,-0.0025579650769909,0.9259189376323502,0.5998800650308067,0.9443411915798781,0.9632155828833793,0.000491256237212289,0.02480083077457913,0.0006200150644107746,0.0008383724419696972,0.0042278365944444455,0.07057584940033673,0.0050506286816161625,0.02396793919175083,0.015042779128585865,0.00230259282023569,0.0019124896211447813,0.03430969526952861,0.00037708239925925927,0.000557162011026936,0.01067867975141414,0.00037533708436026926,0.0008730359440404042,0.00018817938769360266,0.0035221403954882155,0.010896115401851852,0.0003285521723063973,0.007138597087205388,0.0002875580758518519,0.006104252817171716,0.00044580520993265987,0.020819127870303017,0.004121472569393937,0.0009063505048821546,0,0,0,0,0,1,230.0,237.0,235.0,0.714286,0.285714,1.0,ok
70,7,1.0807861322408534,1.2044022453316883,2.2163098167618025,-0.19920024872915856,-0.5350733887574991,-1.6655030590228872,0.8054805018443,-2.514726393028759,-0.8869812963933,0.3101541912287583,1.4135024372223632,0.2473927772477348,1.4178859756448634,1.4540669482255861,0.040123845222024834,0.17595336148754978,1.23338544010716,-0.9089887419976681,1.4675709847281802,0.5521685466249501,0.0015785942285714285,0.0008601631500000001,0.0007060896469047619,0.0014381692761904763,0.05104120367619047,0.007837073028333332,0.006889868866666668,0.034993063735714286,0.0029779705061904757,0.0025191505476190473,0.0021261958809523805,0.0003897827119047618,0.0012670361385714282,0.0007837047309523811,0.00046307376690476185,0.0017883482876190477,0.0009358446611904764,0.0006378370890476193,0.0011900911833333332,0.0010409138476190475,0.042271701790476186,0.00014209787676190474,0.0066175902238095234,0.00047743690142857135,0.1145239378742857,0.029660675390000005,0.00045707741619047625,1,1,0,0,1,0,230.0,240.0,230.0,0.0,1.0,0.0,ok
706,29,-0.9283332511810529,0.31501773310318404,-0.8132822740157937,-0.9014973473631894,-0.0067768648204924635,-1.4545734113527167,0.49173962576941677,-1.3098178684050135,-1.500550088736794,-0.01693796514423664,2.1374267288765156,0.5125992447069149,1.8583883007760928,2.2141538317234235,0.02309847790467293,2.3311236758422513,0.68723001425854,2.1339705710402526,2.460617332071223,0.027866812214644994,0.10451230827011496,0.000703144023735632,0.0003907036061494254,0.0008429917902298852,0.09322716946551723,0.0011459292339080457,0.034603640254022995,0.10425956401195402,0.019839813563965518,0.00045363874758620694,0.0019059618942528734,0.0002156225737356322,0.00014939889683908045,0.01915820873816092,0.0002760931383333333,0.031562983110344826,0.00011875832810344826,0.0029899645534482763,0.017009329715517243,0.00027246023675862066,0.012341341052873562,0.0005443471648505746,0.0071488459425287365,0.0005905875948275861,0.00017953883862068968,0.0002641430518965517,0.02999422560080459,0,0,0,0,0,1,220.0,240.0,231.0,0.55,0.45,2.2,ok
708,19,-0.7151028110453352,0.5165853606133723,-0.2810410600526997,-0.7591513014086535,-0.0360096889484231,-0.827822706458467,0.15287769635597734,-0.7908725799887127,-0.8510633502321154,-0.0075795711361323495,1.825332510068131,0.5064478496739507,1.466216439628267,1.675147920663085,0.01376041144919952,1.5753253356786132,0.3201222929296823,1.667131002422158,1.4676148013660486,-0.01179645930241129,0.017959101009649123,0.019271039309824555,0.0008278947909649122,0.001788133955263158,0.1028481026754386,0.0009927943845614035,0.037909791360526315,0.1159234877640351,0.03570982101298246,0.0005943382536842105,0.0012136349675438598,0.00033963010868421056,0.00023047695640350885,0.02073902748684211,0.0004492733800877191,0.0006844538319298246,8.73084401754386e-05,0.023097635465789478,0.00042243560719298256,0.00017198716701754386,0.03256615249561403,0.00034339774,0.01514474345614035,0.0009765907113157893,0.00015808638596491223,0.00030026259078947374,0.06755380627429824,0,0,0,1,1,0,200.0,240.0,230.0,0.75,0.25,10.0,ok
712,74,-0.31721521534862174,2.040882744012629,-0.6104920716471862,-0.6245203431540796,-0.0021133647940255206,-1.0294112243255173,1.1535098502618457,-1.326789023009298,-0.23699683815872977,0.020615096789255934,2.0257149537424666,0.838275595295532,1.9578678849126658,2.1761735250500243,0.0047919846867377726,0.8523752850378432,1.4625463461190114,1.4644997986037398,0.16726919409569468,-0.03629526216676281,0.07239402072792792,0.008861789810135133,0.0007804170566666666,0.0033865697628378388,0.06733743598423424,0.002295554228648648,0.014237154786846848,0.04495453451351352,0.006255658552477478,0.0013361474916216214,0.01814139163851351,0.0002856473693018018,0.0005468250420945947,0.017003223730090094,0.00030738448603603597,0.0014200598109909907,0.0003196849608333333,0.011300224807162166,0.010012868646171166,0.00024896170000000004,0.011369894423423422,0.0005357665605720717,0.005055018812837837,0.0006014006394144145,0.03795273905216217,0.011897914839189188,0.002442336039954955,1,0,0,1,0,0,213.0,240.0,225.0,0.444444,0.555556,2.4,ok
716,70,-0.4287340289707515,0.8432733137049172,-0.21532224446585504,-0.6546918412468142,-0.010229252689945881,-1.4501496010317325,0.7708932855833601,-2.034983169489369,-1.1683152245137611,0.017212968668636943,2.047513121645938,0.5096236811618428,2.365518718487698,1.862445110485389,-0.009441507400412913,1.7791731089362193,1.014338171044569,2.009230604339198,2.0237708604691638,0.0022415379612814893,0.08744229658619046,0.00038436259266666685,0.000577764968642857,0.0017780255538095242,0.08912917264285711,0.003065107502857143,0.016337451402857146,0.02456937783638095,0.020527368143142856,0.0030653761829523805,0.017995024413571432,0.00041995702916666663,0.0009081919764523807,0.0058164929990476184,0.00030121848461904765,0.01937977267692857,0.0003227032549047619,0.007144579740523807,0.010236317241285714,0.0002161720335952381,0.021823365557619046,0.0007466434068809523,0.00639135153904762,0.0005003531990476189,0.03656052548719047,0.00953706560654762,0.0005687342478571429,1,0,0,0,0,1,232.0,240.0,234.0,0.25,0.75,0.333333,ok
718,50,-0.07691709032192513,1.3501894912828953,-0.11023243795460314,-0.2187296145110767,-0.004277722726668422,-0.6514606611704498,0.5380151918585077,-0.6448963143835548,-0.7654831472050033,-0.006732099865455462,1.9128820209463568,0.8465466796730211,2.21327030139433,1.7922600085069804,-0.007947942141063872,1.1049441640290987,0.98662147855752,0.916360973725397,1.3090480689181996,0.015392777960404204,0.04483060680933333,0.0006365921477999998,0.0008853368779999999,0.0036855904066666672,0.06711094326599999,0.003955592864399999,0.003998554891333332,0.024893169192266664,0.008448613994933333,0.006523943586933336,0.01866487141633333,0.0007261364146666664,0.004043123303766667,0.007638155742200001,0.002071817836466667,0.002271109327066667,0.00024454713856666673,0.004797118906133333,0.004586935398466667,0.0074643124953999995,0.004235597192,0.000436969352,0.013021268716666656,0.0006957968693333334,0.0012037344508666664,0.003882749821333335,0.01242018353986667,0,0,0,1,1,0,220.0,240.0,230.0,0.5,0.5,2.5,ok
720,50,0.2446336935129109,1.4397286464186507,-0.8604045618382906,0.7303398851998272,0.05543101288791891,-1.3056668370914923,1.2435361129458862,-0.9655995368224184,-1.3223374397108585,-0.014613584167895946,1.9539408779634257,1.004257459533936,3.0032126404287074,1.3934968085645334,-0.04508449702222157,0.9255415054375737,1.4510253470582564,2.167845823880437,0.4383541582578658,-0.054655803702155586,0.03135692705599999,0.0006429880141333335,0.0007011355378666669,0.0031069257933333335,0.07504319522,0.01129173854133333,0.014942479620333331,0.040710593746666676,0.010641300902733327,0.004213852358333333,0.0026958230523333334,0.005249467506199999,0.0008432504544666666,0.007720868376333334,0.0015502610626666666,0.012305619473133333,0.0004066449436666668,0.002540801485200001,0.012077139143133336,0.0011702093122000002,0.015146850690000001,0.00042455682110000025,0.008506375790666668,0.0005868222354666669,0.03905296140213333,0.014061516780933331,0.001426396476,1,1,0,0,0,0,210.0,233.0,212.0,0.086957,0.913043,1.0,ok
722,31,-1.0367949478775498,0.3724854334808688,-1.3226123023199037,-1.0029577786002861,0.013749351594086868,-1.722719095486397,0.30760242320020886,-1.7982737359608891,-1.9129300086386687,-0.009109620358535834,2.393267638984316,0.38786795127015905,2.6831281925331245,2.420736531985012,-0.007871053816217208,2.7351631755205132,0.48606913110954203,2.7258443917433626,3.0869915683811384,0.023157551472400784,0.10224172028602146,0.0003768384567741936,0.00030946505543010753,0.0011477128521505378,0.1250662984623656,0.004201684238172043,0.01208989193548387,0.05748124019032258,0.03620902840752689,0.0013629691010752685,0.0027512502177419354,0.0002975325802150538,0.00013188857580645157,0.0075054349568817215,0.00025613166349462365,0.004541067639032259,6.819845258064516e-05,0.0031960557581720435,0.05292188741827957,0.00021767686056989245,0.010949073679569894,0.0004760471532258064,0.009999859534408602,0.0009087844359139784,0.00012058929704301079,0.0004736313795698923,0.0006860440926881724,0,0,1,1,1,1,220.0,235.0,232.5,0.833333,0.166667,2.5,ok
724,43,-1.0470343975303218,1.1071567062985272,-1.46848808476877,-0.18839742612491014,0.04335082807629324,-0.9617414794127533,0.5694450758112933,-1.2507464821307053,-0.5136118587352918,0.020317512585124736,2.2380584525858724,0.6826717475302666,2.2741633935685646,1.8541355888067907,-0.016533312803522437,1.6846933007711482,0.6867272709670592,1.7201311219581845,1.55465867642335,0.0003668678798826893,0.08142657876511629,0.0023632363227906973,0.0005128767537209303,0.002903310444961241,0.10431229051162792,0.007105332679689921,0.011523730636046515,0.04519747601937985,0.008712161632248062,0.007402996468527133,0.02069369759689922,0.00028613717465116284,0.0001599183235271318,0.007798670119147285,0.00036056204023255815,0.002540951567286822,0.00011708629085271314,0.013947355689844954,0.012884530841937986,0.00024953328166666674,0.037182727857364345,0.0007567766337829458,0.003404247631782945,0.001029319731782946,0.00019835706321705428,0.0009218498720930235,0.018810420818992247,1,0,0,0,0,1,230.0,240.0,234.0,0.4,0.6,1.0,ok
729,154,-0.034102760350992675,0.6523181136748294,-0.49590336137072616,0.23857902796194022,0.007451119450963135,0.034513330720225104,1.19736801041696,-0.7643026255421168,0.6703749561812729,0.013906274597642754,1.5028057618966428,0.9092220692026427,1.7759923147884042,1.4420588110564363,-0.0021719137071578923,1.019550334767972,0.7231183602840094,1.6388216634136412,0.5467102252039311,-0.009228450489514513,0.005854926270779221,0.0039113317145021646,0.0012736017020995667,0.006073033915367963,0.050133798425974006,0.0029955676847619045,0.028169559601753262,0.023562009712987025,0.007750148598387442,0.0019030813992207789,0.02275639416580087,0.0006078912400432901,0.00024631819515151505,0.0036718979094588736,0.0002639323908008657,0.0013401036964935066,6.66673616883117e-05,0.0020281420738961047,0.004102828444350648,0.000181111874556277,0.006671343865909091,0.00015599021235281402,0.009312847316666664,0.00033013149685064917,0.00011733955741341997,0.00045463246305194825,0.0030777434782467547,0,0,0,0,0,0,217.0,235.0,229.0,0.666667,0.333333,1.5,ok
733,22,-0.5868678693203119,0.3212803869273034,-0.8785357996157259,-0.48680752986231685,0.02051180594644334,-1.4033732507503354,0.4155486771408039,-1.609701002063948,-1.3139448524138315,0.014482763952150677,2.2027494174075355,0.543288915590576,2.3085464862391367,2.2769406696716903,0.004359860914531864,2.0835082323554275,0.4331140006850975,2.048931949618329,1.8585906957031169,-0.008545165006856046,0.05272792427121211,0.0005221548030303031,0.0005676277234848484,0.001875290393939394,0.12247422349242426,0.012073060741666664,0.10128579747727275,0.03784579922045455,0.0010508453845454546,0.0019292018409090908,0.0037457770666666666,0.0004118491965151515,0.00033075004568181824,0.006383381276136363,0.009497572303257575,0.03076218847507575,0.0003337002324242425,0.0018875188216666671,0.04041324199106061,0.021279564503030306,0.005496802991666667,0.0004890927889999999,0.014197779800000003,0.0010427620759848487,0.0004204879719696969,0.0026301569030303027,0.03997843692969698,0,0,0,1,0,1,220.0,240.0,233.0,0.65,0.35,4.333333,ok
741,43,-0.8586305577536445,0.5115416406752575,-1.1582516316912819,-0.4082101003088113,0.028252716719382693,-1.1370996176921335,0.42468295845628345,-1.280668896909297,-0.9505664115445245,0.011576926532092047,2.298164026026217,0.4860362633796167,2.2099295497942144,2.0607100051339113,-0.007015541192341418,2.0367469299534977,0.6067189617126927,2.061313067845177,1.7026854041661201,-0.011334895055525401,0.05970354420542635,0.023862444821550397,0.00034975937937984497,0.003323299310465116,0.0975139708100775,0.027780150995891473,0.011336464808914731,0.06490838272093023,0.01961082308914729,0.004120715985271318,0.0226032193120155,0.0003095059979069768,0.0002803274247674419,0.017016725482170536,0.0005949367278294573,0.025485470218682152,0.00014757965720930234,0.007111997109457365,0.010703738346201551,0.001079727584263566,0.011281383049612403,0.00048295926088372097,0.004041283961240309,0.0009533016525968994,0.00034171897970542624,0.0016887405021705428,0.0014918704842635658,0,0,0,1,1,0,210.0,240.0,225.0,0.5,0.5,3.0,ok
745,38,-0.3109101029984114,0.44532064063897253,-0.2359459968376041,-0.30273930659867127,-0.006974997068967493,-0.5893376507740282,0.5768278375022063,-0.35008083476171475,-0.6446611186066703,-0.015234330500492266,1.7330052061723786,0.6552559914770962,1.769276984083641,1.615521132642049,0.00937838329199198,1.357088363207034,0.5749287903366243,1.24171907262375,1.308628843060189,0.012392857177155773,0.07596200126973685,0.0005086131934649123,0.0006137202911403504,0.003164680382017544,0.03892304067543859,0.0015939397677192978,0.019387495597368423,0.013291464421315787,0.028834773008157885,0.00789764766535088,0.02626944522280702,0.0007389422449122806,0.0002724727192982457,0.0022791372703508776,0.015800718210701753,0.009609320788070176,0.0001381144707894737,0.001814361360789474,0.0008370477359649123,0.0011316473796929823,0.02482091804780702,0.0009256559562017543,0.005074542363157896,0.00043034067921052634,0.00016887317859649127,0.001068629193114035,0.0009268641826315791,0,0,1,1,1,0,200.0,225.0,225.0,1.0,0.0,12.5,ok
748,112,-0.5048763752588631,0.8772864097565712,-0.7739159033047076,-0.3713117980562362,0.004424434517344764,-1.0040042085598733,0.7933574682053282,-1.2833609264686148,-1.068610946738767,0.0038241313352809633,1.763426635578803,0.620789481166162,1.9838117411286602,1.8629591616144425,-0.0012409584663744227,1.3443023024651475,1.091648127555643,2.1547136152690927,0.483544655547418,-0.021791737442159776,0.04901748808005951,0.0006125302184226189,0.0004898497337499998,0.001440039208482143,0.06286473473690478,0.006801602686011906,0.012248135308779764,0.04929233404613093,0.016206782316726197,0.00411716407110119,0.006631035092857143,0.0003222064113392858,0.0002608242945238095,0.009440164772589289,0.00032169619827380954,0.012173052185863103,0.0001760923689732143,0.006113005903035716,0.018344792251101198,0.0002748712071130953,0.01767809377068453,0.0004445302157529762,0.0034418551970238106,0.00044831840275297633,0.00960241072299107,0.004354237820119048,0.0011317328508184527,0,0,1,1,0,1,210.0,236.0,231.5,0.826923,0.173077,3.071429,ok
757,16,-0.7599538511251867,1.2379053705821745,-0.5711067265654627,0.336644109111428,0.09758433575014848,-1.4758966459443206,0.7984522642413145,-0.4656301320740443,-2.08497968222515,-0.15625745587052856,2.258479679490252,0.8539855289742475,1.3476821425591172,2.204408300786304,0.07548401822111385,1.3790008060676757,0.7755612653025273,0.838101124342588,1.2384894779216846,0.019434419656673634,0.10158584139166668,0.00041878502708333327,0.0007112378170833335,0.0018694296489583334,0.050522988979166676,0.011686801985208333,0.03111545728645834,0.046855102975,0.007855136003020836,0.0008617355131249999,0.0022417853624999997,0.00038738444031250006,0.0003510336755208334,0.00648859329375,0.0009344625866666666,0.1027553117433333,0.00030510485625000005,0.008817300839583335,0.002239227359375,0.0009143576594791668,0.01006794078645833,0.0007855660303124998,0.0018925583322916668,0.0006571907953125002,0.03092105813625,0.005837244289375,0.0008817331072916666,1,0,0,1,1,0,220.0,240.0,228.0,0.4,0.6,2.666667,ok
762,16,-1.4024501418942,0.3241697494978137,-1.4465705763323493,-1.4350217098098115,-0.0061667226601249394,-1.0756843181371953,0.4193992601002468,-1.0097169301377333,-1.1982048796237226,-0.03136804636061182,2.5696621230905334,0.3880621655933729,2.172527011434714,2.795039987053825,0.06604116502847636,1.6561585101501874,0.5664202591794951,1.3661796349141622,1.8559292947338566,0.05633843581562551,0.12422672402291665,0.0015506191664583333,0.0005587782304166666,0.002103459013541667,0.04650464466666667,0.0016841216229166668,0.0110410412875,0.03428426499270833,0.020900148373541667,0.009333301215208334,0.010015858304166667,0.00046652117499999997,0.00025189542666666665,0.035319081383333326,0.00039762605208333335,0.0028136218,0.00016637622395833333,0.020668839068749997,0.09054082408354168,0.0003707390542708334,0.009757032895833335,0.0014998234860416667,0.006994107721875001,0.0011880531954166667,0.00034754218062500004,0.0013077039827083334,0.0012023916739583335,0,0,0,1,1,0,210.0,240.0,227.0,0.566667,0.433333,3.4,ok
767,20,-0.8683697947756814,0.4358188745193988,-0.5309532976799409,-0.6777115988333041,-0.011006179065321912,-1.852589351285094,0.874718007414678,-1.1293543851748113,-1.5151257090618024,-0.020982459543857083,2.518854792037345,1.0225124850186234,1.6756030896450314,2.1101940977326796,0.019308749759668252,3.0082998663777807,1.2386699859296597,1.9433300100584148,2.6246108634197243,0.0369697076460767,0.071445228875,0.0007886779129999998,0.0006037827516666667,0.0020229880141666664,0.08827983969166665,0.002507322451666666,0.041403877847500006,0.04014137711666666,0.027144991146666665,0.0015814767174999998,0.0052022078908333345,0.0004124114786666666,0.0006555067981666666,0.0023437666849999996,0.0008756615675833336,0.027360075521083337,0.00012966666416666667,0.0010421636368333333,0.016631125644166668,0.0004910001320000001,0.03608983096666667,0.0004103702645833334,0.04618308132333333,0.0005925794240833333,0.00035112642525000003,0.0005419831831666667,0.000976516209,0,0,0,1,1,0,200.0,240.0,230.0,0.75,0.25,5.0,ok
773,31,-1.2356477984631826,1.8394605301977418,-3.187704759676638,-0.5985127934097451,0.0998517341778163,-0.3916629589433374,0.5873507400006586,-0.4696540346547834,-0.6845810113066695,-0.009557065996913638,1.8754040404271248,1.1848039606948697,3.206732134227315,1.4050155473708206,-0.07006712172222815,0.5440863730125717,1.279315603133972,-0.2581529871387911,1.1651371007382594,0.05754068196642568,0.05052429167311827,0.0006316663204301075,0.0003234588767741936,0.0013758532715053766,0.03913043532580645,0.010725389149032255,0.01850492472258065,0.036006946599569885,0.008405202693978497,0.001261302229032258,0.014385514646236561,0.00024195847870967738,0.0001698005411827957,0.007532338755161291,0.00020984350397849457,0.02582420031978494,8.207599774193547e-05,0.025439522625268815,0.021277948518817206,0.00015735113344086021,0.02326788228602151,0.0004051953073440861,0.0071436756043010766,0.0016541583363978499,0.00018932964860215057,0.0003764665182795698,0.005719762398172041,0,0,1,1,1,1,225.0,240.0,239.0,0.933333,0.066667,3.5,ok
778,106,-0.8231170594087865,1.5121030632474828,-1.481911279645759,-1.0322965405799192,0.00919761922673513,-0.6253570770072454,1.0554550634467206,-1.0507544022168083,-0.862616095029273,-0.00013650177370949182,2.1745114772791987,0.9427514015446948,2.3760356701611296,2.124769326512034,-0.0032298427852371745,1.3158570636171991,1.4587262820204892,1.5781730942058831,0.7534814227749627,-0.007077862882933809,0.05023859968305031,0.0006643848613836479,0.0009300507134433962,0.00656275522216981,0.10791615927893082,0.002204703633144654,0.02367557513254717,0.04732989178364781,0.014800391445723274,0.003269367982295597,0.008347963094025157,0.0004437932472955974,0.00029945951992138353,0.010467878570597488,0.004115413615251573,0.014646178403899377,0.00012277994704402515,0.024779922066855333,0.01455842117264151,0.00032625498044025155,0.024189212492924533,0.0003671867780314467,0.008336966656603773,0.0012332640094968553,0.005168749086682391,0.002507085212452829,0.001341745239465409,0,0,0,1,0,1,220.0,245.0,235.0,0.6,0.4,3.75,ok
780,38,-0.7359922218213192,0.8280978238922373,-1.1206120186170156,-0.5745672078814698,0.013916904582508131,-0.8724543456170095,0.4855866711067898,-0.6655524067502732,-0.9678134016859924,-0.005961233643421228,1.9407083125444085,0.5114068472875172,2.111699502491806,1.7548189791657534,-0.012836242053983508,1.4240567579987873,0.9690212026291863,0.9750993088281135,1.6845187874595557,0.01937013860011204,0.06727587020087722,0.0015248297785087715,0.0004887415333771929,0.0019317353697368427,0.06117757685877193,0.002743779831578948,0.07592101874070173,0.08508466002719295,0.01235903161359649,0.010108077099122809,0.004556252982017544,0.0004285267563596492,0.0003338877088596492,0.005297717990877194,0.0004330507234649122,0.03150215929692983,0.00014764065092105267,0.032329530717982446,0.04480169178789474,0.0005132672061403509,0.026178195089035083,0.0008219701051140351,0.009624785669736844,0.0012478088936403507,0.0003747182989473684,0.002406603589166666,0.0009492571953508772,0,0,0,0,1,0,220.0,235.0,228.0,0.533333,0.466667,1.333333,ok
786,32,-0.5507812138078064,0.5120481514504123,-0.4984183628227477,-0.616164860043621,-0.010858178301107487,-1.330018881512853,0.6458432861460172,-0.7981541804544467,-1.309405254427362,-0.019921291109530205,2.3975184376331136,0.8929743246593507,1.6479157385054535,2.470553147762149,0.03246018711397381,2.3339805983900086,0.8447616238138705,1.4339639109612505,2.7027941160787017,0.054538594957321475,0.07041516349166667,0.0007790711176041667,0.0006174487156770834,0.00306538461875,0.08647635831666668,0.00212079371875,0.02623472074479167,0.022745616773645835,0.002470880568333332,0.006984422833854166,0.01593140243020833,0.0005817900871874998,0.002156085770937501,0.005123263474270833,0.004198977847187499,0.002390803502604167,0.0001499532397395834,0.0016523699552083333,0.01977543982760416,0.004771825089687501,0.028168864413541668,0.0004945811168749999,0.019956487786458327,0.0006807207338020834,0.0006253181501041669,0.0011841277927083333,0.004106164700312501,0,0,0,1,1,0,210.0,240.0,225.0,0.5,0.5,3.75,ok
788,179,0.26719243752854976,0.5574116844595776,0.23424078976908416,0.38752474558094163,0.0009240519078233118,0.1661263627292414,0.7194148947277521,0.05501549374014409,0.45365474067228356,0.002890173262926544,1.1285732346149333,0.537183557532016,1.2750174660587106,1.2762290618665963,-0.0006615542827428735,0.45714995208883885,0.5752555721955985,0.5632664375200264,0.5404909250024004,-0.00011660533415074201,0.02964126336121043,0.00035483545087523267,0.0008060358738361269,0.004318952341620113,0.021326817448882682,0.0006300338524767224,0.022120703010148974,0.010428247318175049,0.0059318999541340765,0.005453334329329612,0.026266472578305413,0.0016710843503351955,0.0007457752173649908,0.0016837159458845436,0.0009015853011731844,0.0006519452481378022,0.00017487496430167602,0.0006634796393109868,0.009110091277821227,0.000411924819310987,0.002775711069888268,0.00022038612314711345,0.01004814682709497,0.00019163821911545622,0.006519274372262571,0.003554129484152701,0.0011525366963128492,0,0,0,0,1,0,220.0,235.0,228.0,0.533333,0.466667,2.0,ok
792,16,-0.3893419035819617,0.3721419734436295,-0.6069870106896383,-0.24539565451220366,0.02193047091658175,-0.7264927805080614,0.32800394428117097,-0.2791750051711564,-0.912725794084912,-0.054160344944345185,1.6394022773232297,0.4789256633702839,1.2039100219313492,1.5917577627757329,0.03220702596270371,1.553244745716933,0.7058566623048979,0.6133694329803341,1.8088447744729212,0.09595278384796928,0.002117194182291667,0.00047099016927083337,0.0004818275222916667,0.0021583138979166653,0.024006670059375002,0.001039040709375,0.07204329182812501,0.06890578478072916,0.021094829083333332,0.003160741692708333,0.026030542603125,0.00036888453052083336,0.0002262436057291667,0.028589490767708326,0.00044698466666666663,0.0004551619841666666,8.301411385416666e-05,0.0024117766829166673,0.0010242011629166667,0.00036021675645833326,0.016503273844791663,0.00012267055470833332,0.0026654953291666665,0.00020064521312500002,0.00027835666739583337,0.00032998338354166664,0.009547603066875,0,0,0,0,1,0,220.0,230.0,225.0,0.5,0.5,1.25,ok
799,64,-0.6516424680775611,1.8015583301362965,-2.400551336372967,-0.31162590533979667,0.04621499084005991,-0.6710408644497229,1.1838907230299613,-0.6125773382107285,-0.26499919252606835,-0.001432099646056074,1.8578165895189318,1.0039811677215953,2.688400587141785,1.4116199621103347,-0.020717694766492097,0.6690250998780521,1.5858479304503799,0.5962131138444945,0.9924919172010334,0.017712599550094014,0.03053631110625,0.009476710433854167,0.0005099660859895832,0.0015651013390625,0.06083690989322921,0.002086939915625,0.020328428477083337,0.009994530878697918,0.008084056951562503,0.0011802685613020833,0.00462078032484375,0.0003543212209375,0.000356964393984375,0.023192948404583323,0.00033521283598958343,0.007510596135833332,0.00018601498723958327,0.022132973461406257,0.002016413605729167,0.0003038242326822916,0.0335133281,0.00042625897046875,0.013846467120312499,0.0008660923064062501,0.01647456211375,0.005528467281406249,0.010221422340989578,0,0,1,0,1,1,225.0,235.0,233.0,0.8,0.2,2.0,ok
801,96,-0.025313924615893987,0.8099589996571449,-0.084103323058822,0.19661842594777162,0.006627584137503788,-0.48120714025037836,0.982559954398427,-0.8429666299873723,-0.6294744800613887,0.00395728866323427,1.7572997203433,0.5832838894463537,2.0380917333381645,1.7571839955213917,-0.006034992175579931,1.0778499038330194,0.7468067671874979,1.4900287009071325,1.0985580028151658,-0.007177704799011232,0.027155819833437497,0.00035421693743055557,0.0009735251166145833,0.0046257591822916645,0.06041138402638888,0.0010869621645138896,0.009576261966180555,0.027478417766875003,0.031109922773715288,0.00907105627642361,0.03362744845607641,0.0004832187275,0.00035378333647569446,0.0021296090680555557,0.00022953236958333338,0.0006243688613541667,0.0002549260445138888,0.004540353383020832,0.01905894393256944,0.00020800310568750002,0.008502330249166667,0.0003370835437395833,0.00697159584878472,0.0006384695511805555,0.00804816511366319,0.012891936397152777,0.0007525516021701389,1,0,0,0,1,0,225.0,240.0,229.0,0.266667,0.733333,1.0,ok
806,28,-0.352377094929078,0.3083975843864417,-0.3915308854652685,-0.3988712430358879,-0.003948883246596208,-0.5522248278699523,0.3839926000239558,-0.5034623473678583,-0.7563154004770879,-0.013070574834634065,1.4730374094380332,0.4579430726928371,1.207670068061005,1.6832669058475083,0.026512585283902566,1.2227391300565593,0.3592561910043631,1.0587002182912235,1.3737188348870917,0.016278087743227674,0.11920790972142856,0.0004428617302380953,0.0005144950666666667,0.0024138094505952376,0.05746065674999999,0.0025844257220238097,0.012668589634523813,0.05126662411345238,0.0027203610697023807,0.0062764383166666665,0.01911870750535714,0.00031932634988095243,0.00016109583922619048,0.007781733173333334,0.0005941109610119047,0.0013476725278571426,0.00010200259357142858,0.002291436315952381,0.0011702926827380953,0.0010640857407142855,0.004316685924999999,0.0006112148828571429,0.006476670955357143,0.0005679612444047618,0.0001895042396428571,0.0012698876025,0.003489938303452382,0,0,1,1,1,0,210.0,225.0,225.0,1.0,0.0,7.5,ok
807,38,0.2093070673027421,1.072467227807747,-0.7557348142765054,0.16301583431812364,0.017662080061404264,-1.3075931240750611,0.6723639713405151,-1.5399861584948875,-1.0269244190309192,0.029414969141519073,1.9163404509012796,0.680574177924122,2.3279020298852022,1.4216734980644241,-0.04068748429123452,0.9139989081068413,1.1439750412199008,2.2163415002923847,0.7466716259982468,-0.04162766317890462,0.00252727784122807,0.00043770832631578947,0.0005910774899122808,0.002415733597368421,0.07976561015438598,0.0291354575254386,0.03763539829850878,0.01820696923653508,0.012819317654561402,0.0025819830707017543,0.01915338763421053,0.00033301505140350876,0.0009664552740350878,0.0029261119344736837,0.0007314305898245614,0.013692935492631578,0.0003651083913596491,0.002514589284210526,0.006868110416666667,0.0010632370363157894,0.01970704741096491,0.00022164104982456135,0.006687436970614035,0.001152533282894737,0.04139702479004386,0.012521153910263158,0.0008525992607017546,0,0,0,0,1,0,218.0,235.0,228.0,0.588235,0.411765,1.428571,ok
813,41,-0.2594500325895874,0.28450104536823567,-0.2963548263641597,-0.2442598940436062,0.0028188683224405187,-0.538882370119011,0.4890966534183066,-0.5168895904339108,-0.5991971521743839,-0.003201624751613043,1.3287594495511879,0.5332433673676418,1.1772366159377534,1.462648339868398,0.010744478998361937,1.2470517679257664,0.7023740372080608,1.1251169317446745,1.3935778913289099,0.010131483297555841,0.01168599700813008,0.00021318161260162598,0.0005395552464634146,0.0018896218764227638,0.05378086427642275,0.0054949568515447154,0.0034000889162601627,0.014240291928455289,0.028952112918252036,0.00191908474300813,0.001474713008536585,0.00034721472959349585,0.00010284476499999999,0.0012117894931707317,0.00026770466524390256,0.0003693584748780488,7.521027382113823e-05,0.0004963470127642277,0.0054347004515447155,0.0002404429367886179,0.01959232577886179,0.00012628627142276418,0.005726924442276424,0.0003052222790243902,0.00015951029089430896,0.0007624059398373983,0.0003028965421951219,0,0,1,1,1,0,220.0,230.0,230.0,1.0,0.0,5.0,ok
833,16,-0.4506894074315222,0.5913307882405937,-0.8601746961660709,-0.1318999840618791,0.04959923080527627,-0.7715398423677345,0.8060151889248514,-1.2606764085325426,0.03213603889058166,0.10669394678969041,2.2210806157994507,0.5369468993842074,1.9689228785257213,2.596951967175095,0.07019510655741974,1.9058476118655243,0.39617178836556327,2.1600522067400716,1.7549029687595539,-0.025883851238713177,0.009193046795833331,0.0008272152312500001,0.0008225332651041667,0.0034574576364583337,0.10413938064583338,0.0008457003470833333,0.038325307560416674,0.010970915133333335,0.010935979993125,0.0021389865565624995,0.0026627630468750007,0.01821369327875,0.0005443084114583335,0.008773732310416666,0.03719004490989583,0.0008235219404166669,0.0001847317634375,0.005683809614583334,0.0970458932325,0.0027676506153124997,0.005941242783333333,0.00022048208270833338,0.005712816333333333,0.00045600072499999984,0.00025032254402083335,0.0011562749156250004,0.00077692053125,0,0,1,1,1,1,225.0,237.0,235.0,0.833333,0.166667,3.333333,ok
836,57,-0.19638208124657563,0.5892180182202925,-0.4443993995550547,-0.46757217340973406,-0.0044215666121052615,-0.5400210996769687,0.7347176657071822,-0.7921069859742846,-0.934385727533481,-0.008801182539815239,1.4706097947474799,0.5820981888828776,1.373381944795398,1.696494772965374,0.012568144109820928,1.32224615997531,0.9015978251732502,1.4605476293268163,1.8085533851076367,0.017813069621186464,0.03144002703538012,0.0003460360480116959,0.0006124992312865498,0.00333154124122807,0.07297049523391813,0.0013023521994736842,0.014053657699415207,0.022204480239824558,0.029963392259005843,0.0027169498573099415,0.01466043786140351,0.0006228177400584795,0.0003101202565789474,0.00393907997619883,0.0003350635758479531,0.0012909153077485381,0.00010241183260233918,0.0007070296483625731,0.0008124402554385965,0.0001663724172807018,0.012468880166374265,0.00020756620742690056,0.004440290761403509,0.0003179916641812864,0.0038220990213157897,0.0011900433423099417,0.0020673625042105263,1,1,0,0,1,1,230.0,240.0,232.0,0.2,0.8,0.666667,ok
90,36,-0.4594548195730464,0.5412437638638239,-0.919808939678424,-0.24895056334642238,0.03196704095640295,-1.2678619493090764,0.5953451214494982,-1.3433651423055482,-1.3951554830211066,0.005722274856918515,2.6695283550447555,0.7386777039207189,2.091240995325555,3.3621125944657035,0.04448364398550026,2.4600514313501476,0.6766179243697237,2.099487865173764,2.85429586012023,0.020767572913607434,0.04909240019861111,0.0003467807506944444,0.0004193165925925926,0.004171671835185184,0.06162229185185186,0.006164489545648148,0.05535275259305557,0.03777410819796297,0.037520878617083336,0.02218476308055555,0.03980768900833334,0.0003828772401851851,0.0005410866943518519,0.011092384132870371,0.000749258423888889,0.0018584174849074074,0.0001457880230092593,0.0013938365043981483,0.020325612561990735,0.001692696339861111,0.05541534274074076,0.0005786668654629629,0.008350939829629627,0.0005211661134259259,0.0005887787373148149,0.0014171793487962963,0.0009819302481944446,0,0,0,1,0,0,200.0,240.0,227.0,0.675,0.325,3.0,ok
