conversation_id,turn_id,speaker_role,speaker_id,start_time,end_time,text,outcome,is_deal
1,1,candidate,0,0,7.6,Hello. I would like to discuss the issues of my contract. I would like a position of project manager,deal,1
1,2,employer,1,7.6,12.4,We do not have any project manager positions open at this time.,deal,1
1,3,candidate,0,12.4,15.2,I want a position of project manager,deal,1
1,4,employer,1,15.2,22.8,I do have programmer positions open with a strong potential to advance to project manager based on your performance.,deal,1
1,5,candidate,0,22.8,28.8,I disagree about a position of programmer. I would like a position of project manager,deal,1
1,6,employer,1,34.8,37.6,I disagree about position of project manager,deal,1
1,7,candidate,0,37.6,41.6,I am willing to have a position of team manager,deal,1
1,8,employer,1,41.6,45.6,I might consider team manager based on your other needs,deal,1
1,9,candidate,0,45.6,48.4,"I would like a salary of 120,000",deal,1
1,10,employer,1,48.4,52.4,it is a 10 hour work day for team manager,deal,1
1,11,candidate,0,56.4,63.6,I disagree. I am expecting a workday of 8 hours and I want a position of project manager,deal,1
1,12,employer,1,78,82.8,"I disagree, it is not possible. Maybe you should consider work elsewhere?",deal,1
1,13,candidate,0,87.6,91.2,"I am willing to have a salary of 120,000",deal,1
1,14,employer,1,94.8,105.6,"I have a programmer position open with a 10% pension. It pays 60,000 for a 10 hour day and I can fast track you to team leader.",deal,1
1,15,candidate,0,148.8,150.8,I reject the previous offer,deal,1
1,16,employer,1,150.8,156,I appreciate your time and I am sorry we cannot reach an agreement.,deal,1
1,17,candidate,0,156,158.8,"I am expecting a salary of 120,000",deal,1
1,18,employer,1,158.8,166,"Programmer, 60000, 10% pension, fast promotion track to team leader based on your performance and 10 hour day",deal,1
1,19,candidate,0,194.8,198.8,I reject. I am expecting a position of project manager,deal,1
1,20,employer,1,202.8,206.4,"Yes, well, we dont have any project manager vacancies.",deal,1
1,21,candidate,0,206.4,211.6,"I am expecting a salary of 120,000 I want a salary of 120,000",deal,1
1,22,employer,1,211.6,216.4,"120,000 is for project manager. I do not need a project manager.",deal,1
1,23,candidate,0,216.4,219.2,"I am expecting a salary of 90,000",deal,1
1,24,employer,1,219.2,221.2,"90,000 is for team leader",deal,1
1,25,candidate,0,223.2,230.4,I agree. Now let's talk about how we can agree on other issues. I want a company car,deal,1
1,26,employer,1,237.6,240.4,a team manger works 10 hour days,deal,1
1,27,candidate,0,240.4,246.4,I reject a workday of 10 hours. I am expecting a workday of 8 hours,deal,1
1,28,employer,1,252.4,253.4,9 hours,deal,1
1,29,candidate,0,253.4,259.4,I reject a workday of 9 hours. I am expecting a workday of 8 hours,deal,1
1,30,employer,1,265.4,267.4,8 hours is for programmer,deal,1
1,31,candidate,0,269.4,276.6,I disagree. I would like a workday of 9 hours and I want a position of project manager,deal,1
1,32,employer,1,291,293,9 hours and team manager,deal,1
1,33,candidate,0,295,302.2,I disagree. I demand a workday of 8 hours and I would like a position of project manager,deal,1
1,34,employer,1,316.6,317.6,no,deal,1
1,35,candidate,0,317.6,320,I am expecting a company car,deal,1
1,36,employer,1,320,326.4,Project manager gets company car. You are not a project manager. You are a team manager.,deal,1
1,37,candidate,0,326.4,332.8,I agree with the offer. Let's proceed to another issue. I demand a fast promotion track,deal,1
1,38,employer,1,339.2,340.2,agree,deal,1
1,39,candidate,0,340.2,344.2,I am willing to have a workday of 8 hours,deal,1
1,40,employer,1,344.2,345.2,disagree,deal,1
1,41,candidate,0,345.2,348.4,I would like a workday of 9 hours,deal,1
1,42,employer,1,348.4,349.4,agree,deal,1
1,43,candidate,0,349.4,353,I am willing to have a pension of 20%,deal,1
1,44,employer,1,353,354.6,10% is non negotiable,deal,1
1,45,candidate,0,354.6,357,I reject a pension of 10%,deal,1
1,46,employer,1,357,365,we have been quite generous in meeting your needs. you qualify for 10% pension. you do not qualify for 20%,deal,1
1,47,candidate,0,373,377.8,I reject 10%. I am willing to have a pension of 20%,deal,1
1,48,employer,1,382.6,383.6,10% pension,deal,1
1,49,candidate,0,383.6,385.6,I accept the previous offer,deal,1
2,1,candidate,0,0,14.8,Hello. I would like to discuss the issues of my contract. I am expecting a position of project manager I am willing to have a position of project manager I would like a position of project manager,no_deal,0
2,2,employer,1,14.8,20,"Hi, could the position of a programmer be of an interest to you?",no_deal,0
2,3,candidate,0,25.2,45.6,"I accept programmer position. Now let's talk about how we can agree on other issues. I am expecting a salary of 120,000 I am expecting a salary of 120,000",no_deal,0
2,4,employer,1,45.6,48,"120,000 is something we cannot pay.",no_deal,0
2,5,candidate,0,48,50.8,"I would like a salary of 90,000",no_deal,0
2,6,employer,1,50.8,55.6,"90,000 is fine for a fast worker. Are you a fast worker?",no_deal,0
2,7,candidate,0,55.6,61.2,I am expecting a company car I am willing to have a company car,no_deal,0
2,8,employer,1,61.2,69.6,"We can give you a company car for a 60,000 salary and if you can prove your experience. Is that fine?",no_deal,0
2,9,candidate,0,78,83.2,I agree. Let's proceed to another issue. I want a fast promotion track,no_deal,0
2,10,employer,1,88.4,96.4,You will have fast promotion if you prove your experience to be correct. If not it will be slower ok?,no_deal,0
2,11,candidate,0,96.4,102.4,I would like a workday of 8 hours I want a workday of 8 hours,no_deal,0
2,12,employer,1,102.4,112.8,All our workers work for 9 hours at least. But 9 hours is fine. Less is not ok. This is something we can't really negotiate about.,no_deal,0
2,13,candidate,0,112.8,126.8,I reject a workday of 9 hours. I want a workday of 8 hours I want a workday of 8 hours,no_deal,0
2,14,employer,1,126.8,139.6,"We can give you a better pension fund, but working hours are not negotiatable. We need 9 hours, and you can work 8 hours at the office and 1 hour at home.",no_deal,0
2,15,candidate,0,152.4,158,I reject a workday of 9 hours. I want a workday of 8 hours,no_deal,0
2,16,employer,1,163.6,165.2,I am opting out.,no_deal,0
3,1,candidate,0,0,7.2,"Hello. I would like to discuss the issues of my contract. I would like a salary of 120,000",deal,1
3,2,employer,1,7.2,8.4,How about 90k?,deal,1
3,3,candidate,0,8.4,18,"I agree with a salary of 90,000. I would like to continue and discuss another issue. I would like a position of project manager",deal,1
3,4,employer,1,27.6,30.8,You can have a position of Team Manager,deal,1
3,5,candidate,0,30.8,38,I agree with a position of team manager. Let's discuss another issue. I want a pension of 20%,deal,1
3,6,employer,1,45.2,47.2,This is acceptable to me,deal,1
3,7,candidate,0,47.2,50,I want a workday of 8 hours,deal,1
3,8,employer,1,50,51.6,How about 9 hours?,deal,1
3,9,candidate,0,51.6,62,I accept a workday of 9 hours. Now let's talk about how we can agree on other issues. I am willing to have a company car,deal,1
3,10,employer,1,72.4,73.6,That is fine.,deal,1
3,11,candidate,0,73.6,77.2,I am willing to have a fast promotion track,deal,1
3,12,employer,1,77.2,79.6,And I also agree with that.,deal,1
4,1,candidate,0,0,6.8,"Hello. I would like to discuss the issues of my contract. I want a salary of 120,000",deal,1
4,2,employer,1,6.8,13.6,"I will need to start you at a salary of 60,000 and we can work from there.",deal,1
4,3,candidate,0,13.6,18,"I reject the previous offer. I demand a salary of 120,000",deal,1
4,4,employer,1,22.4,27.2,"I will not give you a salary of any higher than 90,000",deal,1
4,5,candidate,0,27.2,36.8,I agree with the offer about the salary. I would like to continue and discuss another issue. I want a position of project manager,deal,1
4,6,employer,1,46.4,56,"I understand how important that position is to you, but I would like to start you as a Programmer and work up from there",deal,1
4,7,candidate,0,56,62,I disagree about a position of programmer. I am expecting a position of project manager,deal,1
4,8,employer,1,68,72.4,I can not offer you a position any higher than QA.,deal,1
4,9,candidate,0,72.4,78,I disagree about a position of qa. I demand a position of project manager,deal,1
4,10,employer,1,83.6,87.6,I can not hire you for any position above QA.,deal,1
4,11,candidate,0,91.6,98.4,I disagree about a position of qa. I am willing to have a position of project manager,deal,1
4,12,employer,1,105.2,106.8,How about Team Manager?,deal,1
4,13,candidate,0,106.8,113.2,I accept team manager position. Let's discuss another issue. I am expecting a pension of 20%,deal,1
4,14,employer,1,119.6,122,I accept a pension of 20%,deal,1
4,15,candidate,0,122,125.2,I am expecting a workday of 8 hours,deal,1
4,16,employer,1,128.4,131.2,You will need to work 10 hours.,deal,1
4,17,candidate,0,131.2,146.8,I reject the offer about the working hours. I am expecting a workday of 8 hours I demand a workday of 8 hours,deal,1
4,18,employer,1,146.8,151.2,I will not hire you for any less than 9 hours.,deal,1
4,19,candidate,0,151.2,157.2,I reject the offer about the working hours. I demand a workday of 8 hours,deal,1
4,20,employer,1,163.2,170.8,I reject your demand of 8 hours. You need to work 9 hours or I will not hire you.,deal,1
4,21,candidate,0,178.4,185.6,I reject the offer about the working hours. I am willing to have a workday of 8 hours,deal,1
4,22,employer,1,192.8,199.6,"Okay, I will give you an 8 hour work week if you are on Slow promotion track.",deal,1
4,23,candidate,0,206.4,224,I agree. Now let's talk about how we can agree on other issues. I demand a company car I am willing to have a company car,deal,1
4,24,employer,1,224,228.4,"If you get a company car, you will be a Programmer.",deal,1
4,25,candidate,0,232.8,234.8,I accept the previous offer,deal,1
5,1,candidate,0,0,7.6,Hello. I would like to discuss the issues of my contract. I would like a position of project manager,deal,1
5,2,employer,1,7.6,10.2,Hello Sounds good to me,deal,1
5,3,candidate,0,10.2,13.8,"I am willing to have a salary of 90,000",deal,1
5,4,employer,1,13.8,15,How about 60000,deal,1
5,5,candidate,0,15,41.4,"I accept a salary of 60,000. Now let's talk about how we can agree on other issues. I am expecting a company car I am expecting a company car I am willing to have a company car I want a pension of 20%",deal,1
5,6,employer,1,43.8,44.8,Okay,deal,1
5,7,candidate,0,44.8,47.2,I am expecting a company car,deal,1
5,8,employer,1,47.2,51.6,How about a fast promotion track if you work 10 hours,deal,1
5,9,candidate,0,56,58,I reject the previous offer,deal,1
5,10,employer,1,58,62.4,how about a company car with a 10 percent pension fund,deal,1
5,11,candidate,0,66.8,68.8,I disagree with the offer,deal,1
5,12,employer,1,68.8,70.4,What would you like,deal,1
5,13,candidate,0,70.4,73.6,I am willing to have a company car,deal,1
5,14,employer,1,73.6,76,Yes I gave you a car,deal,1
5,15,candidate,0,76,78.8,I am expecting a fast promotion track,deal,1
5,16,employer,1,78.8,84.4,thats fine with me if youre willing to put in 10 hours of work,deal,1
5,17,candidate,0,90,94.8,I disagree with the offer I would like a fast promotion track,deal,1
5,18,employer,1,97.6,104,"60,000 dollars, project manager, company car, 10% pension fund, fast track, and 10 hours of work",deal,1
5,19,candidate,0,136,139.8,I refuse I am expecting a fast promotion track,deal,1
6,1,candidate,0,0,7.6,Hello. I would like to discuss the issues of my contract. I would like a position of project manager,deal,1
6,2,employer,1,7.6,12.8,Hello I am glad to discuss those issues. How can I help you?,deal,1
6,3,candidate,0,12.8,16,I would like a position of project manager,deal,1
6,4,employer,1,16,19.6,are you sure you wouldnt rather be a programmer?,deal,1
6,5,candidate,0,19.6,24.4,I refuse programmer position. I am expecting a position of project manager,deal,1
6,6,employer,1,29.2,30.8,what about Quality assurance?,deal,1
6,7,candidate,0,30.8,35.6,I reject qa position. I would like a position of project manager,deal,1
6,8,employer,1,40.4,48.4,well I tell you what.  I will give you the project manager position if you choose to work 10 hours,deal,1
6,9,candidate,0,56.4,65.2,"I accept the previous offer. Now let's talk about how we can agree on other issues. I want a salary of 120,000",deal,1
6,10,employer,1,74,76.8,well what do you have to offer?,deal,1
6,11,candidate,0,76.8,79.2,"I want a salary of 120,000",deal,1
6,12,employer,1,79.2,83.2,"i can only offer 60,000 at this point in time",deal,1
6,13,candidate,0,83.2,88.4,"I accept 60,000. Let's discuss another issue. I demand a pension of 20%",deal,1
6,14,employer,1,93.6,98,would you like a leased car or not a leased car?,deal,1
6,15,candidate,0,98,101.2,I am willing to have a company car,deal,1
6,16,employer,1,101.2,103.6,so is that without leased car?,deal,1
6,17,candidate,0,103.6,110.4,I agree with no company car. Let's discuss another issue. I am expecting a pension of 20%,deal,1
6,18,employer,1,117.2,123.6,if you swap from project manager to team manager i can bump you up to 20%,deal,1
6,19,candidate,0,130,131,I disagree,deal,1
6,20,employer,1,131,137.8,then i cant give you 20% the best I can do is 10% as a project manager,deal,1
6,21,candidate,0,144.6,149.8,I disagree about a pension of 10%. I demand a pension of 20%,deal,1
6,22,employer,1,155,166.6,"Well the only way I can give you 20% is as a team manager, if you do not want to be a team manager then its 10% or nothing",deal,1
6,23,candidate,0,178.2,180.2,I disagree with the offer,deal,1
6,24,employer,1,180.2,183.4,ok then no agreement on the pension fund,deal,1
6,25,candidate,0,183.4,188.2,I refuse no agreement on pension. I want a pension of 20%,deal,1
6,26,employer,1,193,198.2,well i cannot give you 20 unless you have something else to offer,deal,1
6,27,candidate,0,198.2,213.4,"I am expecting a pension of 10%. But I must change our previous agreement. I am willing to have a workday of 10 hours, I would like a salary of 60,000 and I am expecting a company car",deal,1
6,28,employer,1,259,261.8,is a company car a leased car?,deal,1
6,29,candidate,0,261.8,268.6,I am expecting a company car I demand a company car,deal,1
6,30,employer,1,268.6,272.6,are you still dead set on being a project manager?,deal,1
6,31,candidate,0,272.6,275.8,I am expecting a position of project manager,deal,1
6,32,employer,1,275.8,279,then i cannot give you a company car,deal,1
6,33,candidate,0,279,301,I accept no company car. I would like to continue and discuss another issue. I am willing to have a position of project manager I demand a position of project manager,deal,1
6,34,employer,1,301,310.6,"ok so you are getting a salary of $60,000, job of project manager, without company car, 10% pension fund, and 10 hour work week.",deal,1
6,35,candidate,0,349,356.6,I accept the previous offer. Let's proceed to another issue. I am willing to have a fast promotion track,deal,1
6,36,employer,1,364.2,365.4,ok its yours,deal,1
7,1,candidate,0,0,11.6,Hello. I would like to discuss the issues of my contract. I would like a position of project manager I am willing to have a position of project manager,deal,1
7,2,employer,1,11.6,12.6,Ok,deal,1
7,3,candidate,0,12.6,15,"I want a salary of 120,000",deal,1
7,4,employer,1,15,17.8,What is the salary you are expecting,deal,1
7,5,candidate,0,17.8,20.6,"I am expecting a salary of 120,000",deal,1
7,6,employer,1,20.6,23.4,are you ok with a leased car?,deal,1
7,7,candidate,0,23.4,27.8,I would like a company car I want a company car,deal,1
7,8,employer,1,31.8,32.8,ok,deal,1
7,9,candidate,0,32.8,35.6,"I would like a salary of 120,000",deal,1
7,10,employer,1,35.6,36.8,what about promotion?,deal,1
7,11,candidate,0,36.8,39.6,I am expecting a fast promotion track,deal,1
7,12,employer,1,39.6,40.6,working hours?,deal,1
7,13,candidate,0,40.6,46.6,I would like a workday of 8 hours I want a workday of 8 hours,deal,1
7,14,employer,1,46.6,47.6,ok,deal,1
7,15,candidate,0,47.6,50.4,"I would like a salary of 120,000",deal,1
7,16,employer,1,50.4,51.4,ok,deal,1
7,17,candidate,0,51.4,54.2,I am expecting a fast promotion track,deal,1
7,18,employer,1,54.2,55.2,ok,deal,1
7,19,candidate,0,55.2,60.8,I am expecting a pension of 20% I would like a pension of 20%,deal,1
7,20,employer,1,60.8,61.8,done,deal,1
8,1,candidate,0,0,7.2,Hello. I would like to discuss the issues of my contract. I want a position of project manager,deal,1
8,2,employer,1,7.2,8.2,I agree,deal,1
8,3,candidate,0,8.2,11,"I would like a salary of 120,000",deal,1
8,4,employer,1,11,12.6,"I will offer 90,000",deal,1
8,5,candidate,0,12.6,22.2,"I agree with a salary of 90,000. Now let's talk about how we can agree on other issues. I would like a company car",deal,1
8,6,employer,1,31.8,32.8,I agree,deal,1
8,7,candidate,0,32.8,35.6,I would like a fast promotion track,deal,1
8,8,employer,1,35.6,36.6,I agree,deal,1
8,9,candidate,0,36.6,39.8,I would like a workday of 8 hours,deal,1
8,10,employer,1,39.8,41.8,I will offer 9 hours,deal,1
8,11,candidate,0,41.8,49,I accept a workday of 9 hours. Let's discuss another issue. I would like a pension of 20%,deal,1
8,12,employer,1,56.2,57.2,I agree,deal,1
9,1,candidate,0,0,7.6,Hello. I would like to discuss the issues of my contract. I would like a position of project manager,deal,1
9,2,employer,1,7.6,10.8,we are looking for a programmer to start,deal,1
9,3,candidate,0,10.8,20,"I accept a position of programmer. Now let's talk about how we can agree on other issues. I want a salary of 120,000",deal,1
9,4,employer,1,29.2,36.4,"you can eventually get to 120,000, but until we know your strengths, we need to start at 60,000",deal,1
9,5,candidate,0,36.4,41.2,"I refuse 60,000. I am willing to have a salary of 120,000",deal,1
9,6,employer,1,46,53.6,"We are firm on the 60,000 until we can find out your strengths, then  you will quickly go up",deal,1
9,7,candidate,0,53.6,60,"I disagree about a salary of 60,000. I am willing to have a salary of 120,000",deal,1
9,8,employer,1,66.4,73.2,There is no option here on the salary until you have worked here just a little while,deal,1
9,9,candidate,0,73.2,78.4,"I want a salary of 90,000 I would like a salary of 90,000",deal,1
9,10,employer,1,78.4,85.6,"As I said, we are firm on 60000 until we know how you will perform in this job",deal,1
9,11,candidate,0,85.6,90.4,"I refuse 60,000. I am willing to have a salary of 120,000",deal,1
9,12,employer,1,95.2,99.2,"we cannot do anything more than 60,000 to start with",deal,1
9,13,candidate,0,99.2,104,"I reject a salary of 60,000. I want a salary of 120,000",deal,1
9,14,employer,1,108.8,116,"ok, we don't aggree on salary, lets move on to car....there is no leased car in this position",deal,1
9,15,candidate,0,123.2,132.8,"I agree with no company car. Now let's talk about how we can agree on other issues. I am expecting a salary of 120,000",deal,1
9,16,employer,1,142.4,145.2,we have a pension fund of 10%,deal,1
9,17,candidate,0,145.2,149.2,I refuse 10%. I would like a pension of 20%,deal,1
9,18,employer,1,153.2,154.4,can't do 20%,deal,1
9,19,candidate,0,154.4,160,"I am expecting a salary of 120,000 I am expecting a fast promotion track",deal,1
9,20,employer,1,160,162.8,"ok, i accept the fast promotion task",deal,1
9,21,candidate,0,162.8,165.2,"I want a salary of 120,000",deal,1
9,22,employer,1,165.2,167.2,work days are 10 hours,deal,1
9,23,candidate,0,167.2,172,I reject 10 hours. I am expecting a workday of 8 hours,deal,1
9,24,employer,1,176.8,180.4,"we havea lot of work, 10 hours to start",deal,1
9,25,candidate,0,180.4,186,I reject a workday of 10 hours. I want a workday of 8 hours,deal,1
9,26,employer,1,191.6,197.6,"how about we start with 10 hrs and then in a month or so, revisit",deal,1
9,27,candidate,0,197.6,202,I refuse 10 hours. I want a workday of 8 hours,deal,1
9,28,employer,1,206.4,208.8,"ok, let's compromise on 9 hours",deal,1
9,29,candidate,0,208.8,214.4,I reject 9 hours. I am willing to have a workday of 8 hours,deal,1
9,30,employer,1,220,223.6,we must have more than 8 hours to start,deal,1
9,31,candidate,0,223.6,226.4,"I am expecting a salary of 120,000",deal,1
9,32,employer,1,226.4,229.2,"i can agree to 90,000 for now",deal,1
9,33,candidate,0,229.2,236.8,"I accept a salary of 90,000. I would like to move on. I want a workday of 8 hours",deal,1
9,34,employer,1,244.4,245.4,9 hours,deal,1
9,35,candidate,0,245.4,247,I reject 9 hours,deal,1
9,36,employer,1,247,253.4,"I compromised on the salary, I increased the salary so i need more hours, 9 hours",deal,1
9,37,candidate,0,253.4,256.6,I disagree about a workday of 9 hours,deal,1
9,38,employer,1,256.6,261,"it's either 60000 with 8 hours or 90,000 with 10 hours",deal,1
9,39,candidate,0,265.4,275.4,"I disagree with the offer. I am willing to have a workday of 8 hours and I am willing to have a salary of 120,000",deal,1
9,40,employer,1,295.4,298.6,can't do that.   you already agreed to 90000,deal,1
9,41,candidate,0,298.6,308.6,"I reject 90,000. I want a salary of 120,000 I want a workday of 8 hours",deal,1
9,42,employer,1,308.6,313.8,"if I give you 120,000 you will have to accept the 10 hours",deal,1
9,43,candidate,0,319,325.4,"I refuse. I want a workday of 8 hours and I want a salary of 90,000",deal,1
9,44,employer,1,338.2,339.8,90000 and 9 hours,deal,1
9,45,candidate,0,341.4,349.8,"I disagree with the offer. I am expecting a workday of 8 hours and I would like a salary of 120,000",deal,1
9,46,employer,1,366.6,369.8,you keep changing your mind on the salary,deal,1
9,47,candidate,0,369.8,373,I would like a workday of 9 hours,deal,1
9,48,employer,1,373,375,"ok, workday is 9 hours",deal,1
9,49,candidate,0,375,378.6,I am willing to have a pension of 20%,deal,1
9,50,employer,1,378.6,379.6,10%,deal,1
9,51,candidate,0,379.6,380.6,I agree,deal,1
9,52,employer,1,380.6,383.8,then i think we agree on everything now,deal,1
10,1,candidate,0,0,6.8,"Hello. I would like to discuss the issues of my contract. I demand a salary of 120,000",deal,1
10,2,employer,1,6.8,9.4,"hello i offer you 60,000",deal,1
10,3,candidate,0,9.4,19,I agree with the offer about the salary. I would like to continue and discuss another issue. I want a position of project manager,deal,1
10,4,employer,1,28.6,31.4,how about a position of team manager,deal,1
10,5,candidate,0,31.4,38.6,I disagree about a position of team manager. I am willing to have a position of project manager,deal,1
10,6,employer,1,45.8,50.6,"of i will offer you project manager, but with no pension fund",deal,1
10,7,candidate,0,55.4,57.4,I reject the previous offer,deal,1
10,8,employer,1,57.4,58.4,10% then,deal,1
10,9,candidate,0,58.4,63.2,I refuse 10%. I am willing to have a pension of 20%,deal,1
10,10,employer,1,68,70,that will work for me,deal,1
10,11,candidate,0,70,76,I demand a position of project manager I would like a position of project manager,deal,1
10,12,employer,1,76,79.6,project manager and slow promotion track good for you?,deal,1
10,13,candidate,0,83.2,90.4,I accept the previous offer. I would like to move on. I want a workday of 8 hours,deal,1
10,14,employer,1,97.6,99.6,8 hours works for me.,deal,1
10,15,candidate,0,99.6,102.8,I am willing to have a company car,deal,1
10,16,employer,1,102.8,106.8,ok i will incude a company car in your agreement.,deal,1
11,1,candidate,0,0,7.6,Hello. I would like to discuss the issues of my contract. I would like a position of project manager,deal,1
11,2,employer,1,7.6,9.8,hi there no for that,deal,1
11,3,candidate,0,9.8,12.2,I want a position of programmer,deal,1
11,4,employer,1,12.2,14.2,lets go for a programer,deal,1
11,5,candidate,0,14.2,17,"I am expecting a salary of 120,000",deal,1
11,6,employer,1,17,21.4,"i say the salary will be 60,000 usd but 10% pension",deal,1
11,7,candidate,0,25.8,32.6,"I disagree. I would like a salary of 120,000 and I would like a pension of 20%",deal,1
11,8,employer,1,46.2,48.2,how about 10 working hour?,deal,1
11,9,candidate,0,48.2,55.4,I disagree about a workday of 10 hours. I am willing to have a workday of 8 hours,deal,1
11,10,employer,1,62.6,63.6,i disagree.,deal,1
11,11,candidate,0,63.6,67.2,"I am willing to have a salary of 120,000",deal,1
11,12,employer,1,67.2,71.2,lets say a fast promotion track and 10% pension fund,deal,1
11,13,candidate,0,75.2,84,"I agree. Now let's talk about how we can agree on other issues. I am willing to have a salary of 120,000",deal,1
11,14,employer,1,92.8,93.8,not possible,deal,1
11,15,candidate,0,93.8,96.2,What do you have to offer?,deal,1
11,16,employer,1,96.2,97.8,u can have 90k,deal,1
11,17,candidate,0,97.8,104.2,"I disagree about a salary of 90,000. I am willing to have a salary of 120,000",deal,1
11,18,employer,1,110.6,113.8,no. then 60k will be perfect for u,deal,1
11,19,candidate,0,117,122.6,"I disagree about a salary of 60,000. I would like a salary of 120,000",deal,1
11,20,employer,1,128.2,129.4,and no car,deal,1
11,21,candidate,0,129.4,135,I disagree about no company car. I am willing to have a company car,deal,1
11,22,employer,1,140.6,145.8,lets say 10 hours a day and no leased car. but 20% pension,deal,1
11,23,candidate,0,156.2,166.6,"I disagree. I would like a workday of 8 hours, I am willing to have a company car and I would like a pension of 10%",deal,1
11,24,employer,1,197.8,198.8,and 90k,deal,1
11,25,candidate,0,198.8,207.6,"I accept 90,000. Now let's talk about how we can agree on other issues. I am willing to have a company car",deal,1
11,26,employer,1,216.4,218.8,20% pension and 10 working hours,deal,1
11,27,candidate,0,221.2,223.2,I disagree with the offer,deal,1
11,28,employer,1,223.2,224.4,and 90k salary,deal,1
11,29,candidate,0,224.4,232,"I accept 90,000. Now let's talk about how we can agree on other issues. I want a company car",deal,1
11,30,employer,1,239.6,245.6,u can get a company car only if you agree for 10 hours a day,deal,1
11,31,candidate,0,251.6,253.6,I disagree with the offer,deal,1
11,32,employer,1,253.6,255.2,what do you suggest?,deal,1
11,33,candidate,0,255.2,257.6,What do you have to offer?,deal,1
11,34,employer,1,257.6,260,10 working hours with a car,deal,1
11,35,candidate,0,262.4,270.8,I reject the previous offer. I am expecting a workday of 8 hours and I want no agreement on leased car,deal,1
11,36,employer,1,287.6,288.6,i disagree,deal,1
11,37,candidate,0,288.6,303.4,"I am expecting a company car. But I must change our previous agreement. I am expecting a position of programmer, I am expecting a fast promotion track and I am willing to have a salary of 120,000",deal,1
11,38,employer,1,347.8,350.6,"a company car, 90k salary, 20% fund.",deal,1
11,39,candidate,0,356.2,367.8,"I disagree with the offer. I would like a salary of 120,000, I want no agreement on leased car and I am willing to have a pension of 10%",deal,1
11,40,employer,1,402.6,407,no agreement on leasd car it is. ok for 10% pension,deal,1
11,41,candidate,0,411.4,419.4,"Now let's talk about how we can agree on other issues. I am willing to have a salary of 120,000",deal,1
11,42,employer,1,419.4,423,what do u have to offer for the salary?,deal,1
11,43,candidate,0,423,425.4,"I want a salary of 120,000",deal,1
11,44,employer,1,425.4,426.6,i suggest 60k,deal,1
11,45,candidate,0,426.6,435,"I agree with a salary of 60,000. I would like to move on. I would like a workday of 8 hours",deal,1
11,46,employer,1,443.4,446.6,lets settle for 90k and 10 working hours,deal,1
11,47,candidate,0,449.8,458.2,"I reject the previous offer. I am expecting a workday of 8 hours and I am expecting a salary of 120,000",deal,1
11,48,employer,1,475,477,so 60k and ten hours,deal,1
11,49,candidate,0,479,504.6,"I refuse. I am willing to have a workday of 8 hours and I want a salary of 120,000 I want a workday of 8 hours",deal,1
11,50,employer,1,504.6,509,"lets say 20% pension but 10 working hours plus 90,000 usd",deal,1
11,51,candidate,0,517.8,527.8,"I refuse. I am expecting a workday of 8 hours, I would like a pension of 10% and I am expecting a salary of 120,000",deal,1
11,52,employer,1,557.8,559.4,"i agree for 120,000",deal,1
11,53,candidate,0,559.4,565,I would like to move on. I would like a workday of 8 hours,deal,1
11,54,employer,1,565,566.6,but 10 working hours,deal,1
11,55,candidate,0,566.6,568.6,I agree with the offer,deal,1
12,1,candidate,0,0,7.6,Hello. I would like to discuss the issues of my contract. I would like a position of project manager,deal,1
12,2,employer,1,7.6,16.4,I  think you are better than a project manager. I think you should handle the larger responsibility and be the Team Manager.,deal,1
12,3,candidate,0,25.2,35.2,"I agree with a position of team manager. Now let's talk about how we can agree on other issues. I want a salary of 120,000",deal,1
12,4,employer,1,45.2,63.2,"While it does come with more responsibility, the economy is in a bit of a rough patch right now. I know hitting the 6 figure mark is a big deal, but I propose a salary of $90,000, which is still very respectable for the position.",deal,1
12,5,candidate,0,63.2,67.2,"I reject 90,000. I would like a salary of 120,000",deal,1
12,6,employer,1,71.2,78.4,"In fact, I would like to put you on the fast promotion track with a 20% pension fund.",deal,1
12,7,candidate,0,85.6,94.8,"I agree with the offer. Now let's talk about how we can agree on other issues. I would like a salary of 120,000",deal,1
12,8,employer,1,104,108.4,"A salary of $120,000 comes with working 10 hours per day.",deal,1
12,9,candidate,0,112.8,116.6,"I refuse I am expecting a salary of 120,000",deal,1
12,10,employer,1,116.6,121,"The best I can do is $120,000 at 9 hours, then.",deal,1
12,11,candidate,0,125.4,132.2,"I refuse. I want a workday of 8 hours and I would like a salary of 90,000",deal,1
12,12,employer,1,145.8,147.4,"Ok, that will work.",deal,1
12,13,candidate,0,147.4,150.6,I am willing to have a company car,deal,1
12,14,employer,1,150.6,159.8,"Because of the short work day, I regret to inform you that we will not be able to provide you with company transportation.",deal,1
12,15,candidate,0,159.8,163,I am willing to have a company car,deal,1
12,16,employer,1,163,170.2,"We do not have one to provide, they are reserved for workers who work 9 or 10 hours.",deal,1
12,17,candidate,0,170.2,173.4,I would like no agreement on leased car,deal,1
12,18,employer,1,173.4,175.4,That is acceptable. Thank you.,deal,1
13,1,candidate,0,0,7.6,Hello. I would like to discuss the issues of my contract. I would like a position of project manager,deal,1
13,2,employer,1,7.6,12.4,"Ok! I can offer you a programmer position with a 120,000 salary.",deal,1
13,3,candidate,0,17.2,24.8,I agree. Now let's talk about how we can agree on other issues. I would like a company car,deal,1
13,4,employer,1,32.4,38,"I can give you a company car, but your working hours will be 9.",deal,1
13,5,candidate,0,43.6,49.2,I agree. Let's proceed to another issue. I am expecting a fast promotion track,deal,1
13,6,employer,1,54.8,59.2,"Yes, that sounds good- but is a 10% pension fun okay?",deal,1
13,7,candidate,0,63.6,68.4,I reject a pension of 10%. I want a pension of 20%,deal,1
13,8,employer,1,73.2,76,I can do a pension of 20%!,deal,1
14,1,candidate,0,0,6.8,"Hello. I would like to discuss the issues of my contract. I want a salary of 120,000",deal,1
14,2,employer,1,6.8,11.6,"Hello there, I would like to counter with a salary of 60,000",deal,1
14,3,candidate,0,16.4,40.4,I agree with the offer about the salary. I would like to continue and discuss another issue. I am expecting a position of project manager I am willing to have a position of project manager,deal,1
14,4,employer,1,40.4,50,"Okay sure. What would you like to discuss about this position? I would like to offer you a salary of 90,000 for this position",deal,1
14,5,candidate,0,50,56,I agree. Let's discuss another issue. I am willing to have a pension of 20%,deal,1
14,6,employer,1,62,63.2,"OK, I agree.",deal,1
14,7,candidate,0,63.2,66,I demand a workday of 8 hours,deal,1
14,8,employer,1,66,70.4,8 hours but I cannot offer you a car with this.,deal,1
14,9,candidate,0,74.8,81.2,I accept the previous offer. Let's proceed to another issue. I demand a fast promotion track,deal,1
14,10,employer,1,87.6,89.2,"OK, fast track promotion.",deal,1
15,1,candidate,0,0,17.6,Hello. I would like to discuss the issues of my contract. I want a position of project manager I would like a position of project manager I am willing to have a position of project manager,deal,1
15,2,employer,1,17.6,21.6,I would like to offer you a position as Programmer.,deal,1
15,3,candidate,0,21.6,30,"I accept programmer position. Now let's talk about how we can agree on other issues. I want a salary of 120,000",deal,1
15,4,employer,1,38.4,42,"I would like to offer you 90,000 for salary.",deal,1
15,5,candidate,0,42,50.8,"I accept 90,000. Now let's talk about how we can agree on other issues. I am willing to have a company car",deal,1
15,6,employer,1,59.6,62.4,I cannot offer you a company car.,deal,1
15,7,candidate,0,62.4,64.8,I would like a company car,deal,1
15,8,employer,1,64.8,68.8,I would like not to offer you a company car.,deal,1
15,9,candidate,0,68.8,75.2,I accept no company car. Let's proceed to another issue. I want a fast promotion track,deal,1
15,10,employer,1,81.6,85.2,I accept your offer of a fast promotion track.,deal,1
15,11,candidate,0,85.2,89.2,I am willing to have a workday of 8 hours,deal,1
15,12,employer,1,89.2,93.6,I would like to offer you a workday of 10 hours.,deal,1
15,13,candidate,0,93.6,95.2,I refuse 10 hours,deal,1
15,14,employer,1,95.2,99.6,I would like to offer you a workday of 9 hours.,deal,1
15,15,candidate,0,99.6,102.8,I disagree about a workday of 9 hours,deal,1
15,16,employer,1,102.8,108.8,"If I offer you a leased car, will you accept a workday of 10 hours?",deal,1
15,17,candidate,0,114.8,122,I refuse. I am expecting a workday of 8 hours and I want no agreement on leased car,deal,1
15,18,employer,1,136.4,140,"All right, I accept your offer of 8 hours.",deal,1
15,19,candidate,0,140,144.4,Let's discuss another issue. I am expecting a pension of 20%,deal,1
15,20,employer,1,144.4,148.8,I would really like you to accept a pension of 10%.,deal,1
15,21,candidate,0,148.8,150.8,I agree with the offer,deal,1
16,1,candidate,0,0,7.2,"Hello. I would like to discuss the issues of my contract. I am expecting a salary of 120,000",deal,1
16,2,employer,1,7.2,13.2,"Hello! I hope we can reach an agreement. Let start will a salary of 60,000.",deal,1
16,3,candidate,0,13.2,21.6,I agree. I would like to continue and discuss another issue. I am willing to have a position of project manager,deal,1
16,4,employer,1,30,35.6,A new hire as a project manager seems a bit much. How about programmer?,deal,1
16,5,candidate,0,41.2,47.2,I accept the previous offer. Let's discuss another issue. I demand a pension of 20%,deal,1
16,6,employer,1,53.2,55.2,I can agree to that.,deal,1
16,7,candidate,0,55.2,58,I demand a workday of 8 hours,deal,1
16,8,employer,1,58,65.2,"We are a busy company, so work hours is longer than average for employees. How about 9 hours?",deal,1
16,9,candidate,0,65.2,68.8,I disagree. I demand a workday of 8 hours,deal,1
16,10,employer,1,72.4,76.4,9 hours is fair. Other employees here work 9 hours.,deal,1
16,11,candidate,0,76.4,80.4,I disagree. I would like a workday of 8 hours,deal,1
16,12,employer,1,84.4,90.4,How about we agree to 8 hours now and re-evaluate this at a later date?,deal,1
16,13,candidate,0,90.4,92.8,I am expecting a company car,deal,1
16,14,employer,1,92.8,97.2,"Sorry, we cannot offer a company car for a new hire.",deal,1
16,15,candidate,0,97.2,99.2,I want a company car,deal,1
16,16,employer,1,99.2,102,That just cannot happen at the moment.,deal,1
16,17,candidate,0,102,104.4,I would like a company car,deal,1
16,18,employer,1,104.4,105.4,Agreed,deal,1
17,1,candidate,0,0,7.6,Hello. I would like to discuss the issues of my contract. I would like a position of project manager,no_deal,0
17,2,employer,1,7.6,12,I would like you to take the position of a Programmer,no_deal,0
17,3,candidate,0,12,20.8,"I accept programmer position. Now let's talk about how we can agree on other issues. I would like a salary of 120,000",no_deal,0
17,4,employer,1,29.6,37.6,"Would you be willing to accept a salary of 90,000?  I think we can meet in the middle on pay",no_deal,0
17,5,candidate,0,37.6,41.6,"I reject 90,000. I am expecting a salary of 120,000",no_deal,0
17,6,employer,1,45.6,53.6,90000 is really the highest I can go.  Maybe we can come back to that topic later in the negotiation,no_deal,0
17,7,candidate,0,53.6,57.6,I am willing to have a workday of 8 hours,no_deal,0
17,8,employer,1,57.6,68,"I would recommend a 10 hour workday, but would be willing to reduce it to 9 hours if you are willing to accept the 90,000 salary",no_deal,0
17,9,candidate,0,78.4,86,"I refuse. I want a workday of 8 hours and I am willing to have a salary of 120,000",no_deal,0
17,10,employer,1,101.2,107.6,I dont believe we are going to come to an agreement if you have no flexibility,no_deal,0
17,11,candidate,0,107.6,117.6,I am willing to have a workday of 9 hours. But I must change our previous agreement. I would like a position of project manager,no_deal,0
17,12,employer,1,127.6,136.8,I think I am going to opt out at this time and try to find another candidate.  You are simply being too demanding,no_deal,0
18,1,candidate,0,0,6.8,"Hello. I would like to discuss the issues of my contract. I demand a salary of 120,000",no_deal,0
18,2,employer,1,6.8,9.2,Good Morning! Please review this offer.,no_deal,0
18,3,candidate,0,11.6,15.2,"I am willing to have a salary of 120,000",no_deal,0
18,4,employer,1,15.2,16.8,That is really steep,no_deal,0
18,5,candidate,0,16.8,20.4,"I am willing to have a salary of 90,000",no_deal,0
18,6,employer,1,20.4,22,Our ad posted 60K,no_deal,0
18,7,candidate,0,22,24.4,"I want a salary of 90,000",no_deal,0
18,8,employer,1,24.4,27.2,"What about other benefits, like working hours",no_deal,0
18,9,candidate,0,27.2,30.4,I would like a workday of 8 hours,no_deal,0
18,10,employer,1,30.4,39.6,Good to know. Are you looking to stay for the long or short term? Promotions could happen quickly if you work with us,no_deal,0
18,11,candidate,0,39.6,44.8,I would like a fast promotion track I want a fast promotion track,no_deal,0
18,12,employer,1,44.8,45.8,Done.,no_deal,0
18,13,candidate,0,45.8,48.6,"I am expecting a salary of 90,000",no_deal,0
18,14,employer,1,48.6,51,"All right, I could do 60K",no_deal,0
18,15,candidate,0,51,59.8,I accept the previous offer. I would like to continue and discuss another issue. I am expecting a position of project manager,no_deal,0
18,16,employer,1,68.6,73,I can't say that is a good place to start out,no_deal,0
18,17,candidate,0,73,75.8,I demand a position of team manager,no_deal,0
18,18,employer,1,75.8,77.4,what about team manager?,no_deal,0
18,19,candidate,0,77.4,79.8,I demand a pension of 20%,no_deal,0
18,20,employer,1,79.8,83,"Everyone else has 10%, I can't play favorites",no_deal,0
18,21,candidate,0,86.2,93.4,I accept the previous offer. I would like to move on. I demand a workday of 8 hours,no_deal,0
18,22,employer,1,100.6,106.6,"Hold on now, you're new and need to show your skills. Let's do 10 hours",no_deal,0
18,23,candidate,0,106.6,113,I reject the offer about the working hours. I am expecting a workday of 8 hours,no_deal,0
18,24,employer,1,119.4,123,Le'ts meet in the middle and say 9 hours,no_deal,0
18,25,candidate,0,123,129.4,I reject the offer about the working hours. I am expecting a workday of 8 hours,no_deal,0
18,26,employer,1,135.8,139.4,I'll do the slow promotion track with 9 hours,no_deal,0
18,27,candidate,0,143,150.6,I disagree with the offer. I demand a workday of 8 hours and I want a fast promotion track,no_deal,0
18,28,employer,1,165.8,166.8,all right,no_deal,0
18,29,candidate,0,166.8,170,I am willing to have a company car,no_deal,0
18,30,employer,1,170,171,no car,no_deal,0
18,31,candidate,0,171,176.6,I am expecting a company car I am willing to have a company car,no_deal,0
18,32,employer,1,176.6,177.8,no leased car,no_deal,0
18,33,candidate,0,177.8,181.8,I reject the previous offer. I demand a company car,no_deal,0
18,34,employer,1,185.8,188.2,will you work 10 hour days,no_deal,0
18,35,candidate,0,188.2,190.2,I disagree with the offer,no_deal,0
18,36,employer,1,190.2,194.6,I'll do the leased car if you work 10 hour days,no_deal,0
18,37,candidate,0,199,201,I reject the previous offer,no_deal,0
18,38,employer,1,201,205,Work with me please 10 hours justifies a leased car,no_deal,0
18,39,candidate,0,209,211,I disagree with the offer,no_deal,0
18,40,employer,1,211,215.8,Work 10 hours and we'll set you up with a leased car,no_deal,0
18,41,candidate,0,220.6,221.6,I disagree,no_deal,0
19,1,candidate,0,0,7.6,Hello. I would like to discuss the issues of my contract. I would like a position of project manager,deal,1
19,2,employer,1,7.6,9.2,I agree to that,deal,1
19,3,candidate,0,9.2,12,"I am expecting a salary of 120,000",deal,1
19,4,employer,1,12,14,I could agree to 90000,deal,1
19,5,candidate,0,14,34.4,"I agree with a salary of 90,000. Now let's talk about how we can agree on other issues. I demand a company car I want a company car",deal,1
19,6,employer,1,34.4,39.6,I can agree to that if you can agree to 9 working hours,deal,1
19,7,candidate,0,39.6,46.4,I reject a workday of 9 hours. I am willing to have a workday of 8 hours,deal,1
19,8,employer,1,53.2,57.6,Okay I will agree to a work day of 8 hours,deal,1
19,9,candidate,0,57.6,60.8,I am willing to have a company car,deal,1
19,10,employer,1,60.8,63.6,Okay I agree to the company car,deal,1
19,11,candidate,0,63.6,66,I demand a fast promotion track,deal,1
19,12,employer,1,66,68,I agree to that demand,deal,1
19,13,candidate,0,68,70.4,I want a pension of 20%,deal,1
19,14,employer,1,70.4,72.4,I will agree to that,deal,1
20,1,candidate,0,0,7.6,Hello. I would like to discuss the issues of my contract. I am expecting a position of project manager,deal,1
20,2,employer,1,7.6,9.6,How about team manager instead?,deal,1
20,3,candidate,0,9.6,20,"I agree with a position of team manager. Now let's talk about how we can agree on other issues. I am expecting a salary of 120,000",deal,1
20,4,employer,1,30.4,35.6,"I'm afraid I can't do that. I can start you out at 90,000.",deal,1
20,5,candidate,0,40.8,44.8,"I reject 90,000. I am expecting a salary of 120,000",deal,1
20,6,employer,1,48.8,50.8,"I can't give you 120,000.",deal,1
20,7,candidate,0,50.8,54.8,I am willing to have a position of team manager,deal,1
20,8,employer,1,54.8,58.8,"I'll give you 90,000 and an 8 hour work day.",deal,1
20,9,candidate,0,62.8,69.6,"I disagree. I want a workday of 9 hours and I would like a salary of 120,000",deal,1
20,10,employer,1,83.2,90,"I can only give you a salary of 90,000. I'll put you on the fast promotion track.",deal,1
20,11,candidate,0,96.8,97.8,I disagree,deal,1
20,12,employer,1,97.8,102.6,"I'll give you a leased car if you take a 90,000 salary",deal,1
20,13,candidate,0,107.4,129,"I refuse. I want a salary of 120,000 and I demand no agreement on leased car I want a salary of 120,000",deal,1
20,14,employer,1,129,131.8,"You can't have a slary of 120,000",deal,1
20,15,candidate,0,131.8,139.8,"I want a salary of 90,000. But I must change our previous agreement. I demand a position of project manager",deal,1
20,16,employer,1,147.8,148.8,fine,deal,1
20,17,candidate,0,148.8,150.8,I demand a company car,deal,1
20,18,employer,1,150.8,156,You can't have a car but you can have a 10% pension fund,deal,1
20,19,candidate,0,161.2,181.2,I disagree. I am expecting a pension of 20% and I demand a company car I demand a company car,deal,1
20,20,employer,1,181.2,188.8,"Why do you need a car? I'm sure your car is perfectly fine, our cars aren't that great anyways",deal,1
20,21,candidate,0,188.8,192.8,I am willing to have no agreement on leased car,deal,1
20,22,employer,1,192.8,193.8,Ok,deal,1
20,23,candidate,0,193.8,196.6,I am expecting a fast promotion track,deal,1
20,24,employer,1,196.6,197.6,Sure,deal,1
20,25,candidate,0,197.6,200.8,I am expecting a workday of 8 hours,deal,1
20,26,employer,1,200.8,202.8,You wanted 9 hours before,deal,1
20,27,candidate,0,202.8,208.8,I disagree about a workday of 9 hours. I demand a workday of 8 hours,deal,1
20,28,employer,1,214.8,217.2,i'll accept you working 10 hours,deal,1
20,29,candidate,0,217.2,221.6,I reject 10 hours. I demand a workday of 8 hours,deal,1
20,30,employer,1,226,230.4,you can be a project manager if you work 9 hours,deal,1
20,31,candidate,0,234.8,236.8,I disagree with the offer,deal,1
20,32,employer,1,236.8,239.2,fine you can work 10 hours.,deal,1
20,33,candidate,0,239.2,245.2,I disagree about a workday of 10 hours. I demand a workday of 8 hours,deal,1
20,34,employer,1,251.2,256.4,if you want to work 8 hours you have to be a programmer.,deal,1
20,35,candidate,0,261.6,262.6,I disagree,deal,1
20,36,employer,1,262.6,265.8,I don't have to hire you at all,deal,1
20,37,candidate,0,265.8,272.2,I would like a workday of 8 hours I am expecting a workday of 8 hours,deal,1
21,1,candidate,0,0,7.2,Hello. I would like to discuss the issues of my contract. I demand a position of project manager,deal,1
21,2,employer,1,7.2,8.4,How about programmer?,deal,1
21,3,candidate,0,8.4,18.4,"I agree with a position of programmer. Now let's talk about how we can agree on other issues. I am expecting a salary of 120,000",deal,1
21,4,employer,1,28.4,29.6,"How about 60,000?",deal,1
21,5,candidate,0,29.6,33.2,"I reject 60,000. I want a salary of 120,000",deal,1
21,6,employer,1,36.8,38.4,"Would you accept 90,000?",deal,1
21,7,candidate,0,38.4,43.2,"I refuse 90,000. I am willing to have a salary of 120,000",deal,1
21,8,employer,1,48,49,Fine,deal,1
21,9,candidate,0,49,51,I want a company car,deal,1
21,10,employer,1,51,52,Agreed,deal,1
21,11,candidate,0,52,55.6,I am willing to have a fast promotion track,deal,1
21,12,employer,1,55.6,56.6,Agreed,deal,1
21,13,candidate,0,56.6,59.8,I would like a workday of 8 hours,deal,1
21,14,employer,1,59.8,61.4,How about 10 hours?,deal,1
21,15,candidate,0,61.4,67,I reject 10 hours. I am willing to have a workday of 8 hours,deal,1
21,16,employer,1,72.6,77,I gave you a car. You have to work 10 hours.,deal,1
21,17,candidate,0,77,83,I reject a workday of 10 hours. I am expecting a workday of 8 hours,deal,1
21,18,employer,1,89,90.6,How about 9 hours?,deal,1
21,19,candidate,0,90.6,96.2,I reject a workday of 9 hours. I want a workday of 8 hours,deal,1
21,20,employer,1,101.8,103.8,You will work 10 hours.,deal,1
21,21,candidate,0,103.8,109.4,I refuse 10 hours. I am willing to have a workday of 8 hours,deal,1
21,22,employer,1,115,117,Let's settle for 9 hours.,deal,1
21,23,candidate,0,117,123,I reject a workday of 9 hours. I am expecting a workday of 8 hours,deal,1
21,24,employer,1,129,130.6,How about 10 hours?,deal,1
21,25,candidate,0,130.6,136.2,I refuse 10 hours. I am willing to have a workday of 8 hours,deal,1
21,26,employer,1,141.8,142.8,Fine,deal,1
21,27,candidate,0,142.8,146.4,I am willing to have a pension of 20%,deal,1
21,28,employer,1,146.4,147.4,agreed,deal,1
22,1,candidate,0,0,7.2,Hello. I would like to discuss the issues of my contract. I want a position of project manager,deal,1
22,2,employer,1,7.2,8.2,Hello!,deal,1
22,3,candidate,0,8.2,15.4,I am willing to have a position of project manager I would like a position of project manager,deal,1
22,4,employer,1,15.4,16.4,Okay,deal,1
22,5,candidate,0,16.4,20,"I am willing to have a salary of 120,000",deal,1
22,6,employer,1,20,21,Okay,deal,1
22,7,candidate,0,21,23.4,I would like a company car,deal,1
22,8,employer,1,23.4,25,No. without campany car,deal,1
22,9,candidate,0,25,27.4,I am expecting a company car,deal,1
23,1,candidate,0,0,7.2,Hello. I would like to discuss the issues of my contract. I want a position of project manager,no_deal,0
23,2,employer,1,7.2,16.4,"I can give you a job title of programmer, how does that sound? You are very smart and that makes you sound smarter!",no_deal,0
23,3,candidate,0,16.4,20.8,I refuse programmer position. I demand a position of project manager,no_deal,0
23,4,employer,1,25.2,36.4,"You are not qualified to be team manager right now, but I definitely see that in your future. I would like to offer you the job of QA.",no_deal,0
23,5,candidate,0,47.6,53.6,I disagree about a position of qa. I would like a position of project manager,no_deal,0
23,6,employer,1,59.6,71.6,"How about we talk about the car issue. There is no way that our company can provide you with a new car, so you will need to use your own.",no_deal,0
23,7,candidate,0,71.6,81.6,I agree with no company car. I would like to continue and discuss another issue. I am willing to have a position of project manager,no_deal,0
23,8,employer,1,91.6,100.4,"Ok, you are adamant about being project manager. How about you can be the project manager with a starting salary of $60,000.00",no_deal,0
23,9,candidate,0,109.2,126.8,I accept the previous offer. I would like to move on. I want a workday of 8 hours I would like a workday of 8 hours,no_deal,0
23,10,employer,1,126.8,138,"I was thinking 10, but how about we split the difference and you work 9? I will also be willing to give you a 4 day work week.",no_deal,0
23,11,candidate,0,138,143.6,I accept 9 hours. Let's discuss another issue. I want a pension of 20%,no_deal,0
23,12,employer,1,149.2,160,"I will accept a 20% pension fund, but you're going to have to start off on the slow promotion track, seeing as you are already project manager.",no_deal,0
23,13,candidate,0,170.8,172.8,I disagree with the offer,no_deal,0
23,14,employer,1,172.8,177.2,"Okay, how about a fast promotion track with 10% pension fund/",no_deal,0
23,15,candidate,0,181.6,182.6,I refuse,no_deal,0
23,16,employer,1,182.6,188.2,"Okay 10 hour work day, 4 days a week with a fast promotion track.",no_deal,0
23,17,candidate,0,193.8,194.8,I refuse,no_deal,0
23,18,employer,1,194.8,197.2,Well then I can't hire you.,no_deal,0
23,19,candidate,0,197.2,200,I would like a pension of 20%,no_deal,0
23,20,employer,1,200,202.8,20 pension with 10 hour work day.,no_deal,0
23,21,candidate,0,205.6,213.2,I agree with the offer. Let's proceed to another issue. I am willing to have a fast promotion track,no_deal,0
23,22,employer,1,220.8,221.8,I agree,no_deal,0
24,1,candidate,0,0,7.6,Hello. I would like to discuss the issues of my contract. I am expecting a position of project manager,deal,1
24,2,employer,1,7.6,13.2,"Hello! There is only Programmer position available at this time, can you accept it?",deal,1
24,3,candidate,0,18.8,40.8,"I accept a position of programmer. Now let's talk about how we can agree on other issues. I would like a salary of 120,000 I am expecting a salary of 120,000",deal,1
24,4,employer,1,40.8,47.6,Salary for this position will be 60000$ but we can offer you slow promotion track as well,deal,1
24,5,candidate,0,54.4,75.2,"I refuse. I want a salary of 120,000 and I demand a fast promotion track I would like a salary of 120,000",deal,1
24,6,employer,1,75.2,78.8,"I offer fast promotion track, salary will be 60000$",deal,1
24,7,candidate,0,82.4,101.6,"I disagree about a salary of 60,000. I want a salary of 120,000 I am willing to have a salary of 120,000 I want a salary of 120,000 I am expecting a salary of 120,000",deal,1
24,8,employer,1,101.6,106.4,"we cant accept it, can offer you max 90000$ for this position",deal,1
24,9,candidate,0,111.2,120,"I accept a salary of 90,000. Now let's talk about how we can agree on other issues. I demand a company car",deal,1
24,10,employer,1,128.8,134,We can give you a car but you need to work 10 hours,deal,1
24,11,candidate,0,139.2,173.6,I disagree. I would like a workday of 8 hours and I am willing to have no agreement on leased car I would like no agreement on leased car I want no agreement on leased car,deal,1
24,12,employer,1,173.6,180.4,"This position demands 10 hours working day, but we can offer you a pension fund of 20%",deal,1
24,13,candidate,0,187.2,194.8,I agree. Now let's talk about how we can agree on other issues. I am expecting a company car,deal,1
24,14,employer,1,202.4,206.4,we cant give you a company car for this moment,deal,1
24,15,candidate,0,206.4,208.8,I disagree about no company car,deal,1
24,16,employer,1,208.8,210.8,no agreement on company car,deal,1
24,17,candidate,0,210.8,219.2,I accept no agreement on leased car. Let's proceed to another issue. I am willing to have a fast promotion track,deal,1
24,18,employer,1,227.6,228.8,you received it,deal,1
25,1,candidate,0,0,8.4,Hello. I would like to discuss the issues of my contract. I am willing to have a position of project manager,no_deal,0
25,2,employer,1,8.4,15.2,"Project Manager is very possible in the future, but for entry level positions we don't offer this.",no_deal,0
25,3,candidate,0,15.2,18.4,I would like a position of project manager,no_deal,0
25,4,employer,1,18.4,22,We normally offer new hires the role of Programmer.,no_deal,0
25,5,candidate,0,22,44.4,"I agree with a position of programmer. Now let's talk about how we can agree on other issues. I would like a salary of 120,000 I want a salary of 120,000",no_deal,0
25,6,employer,1,44.4,54.4,"Our Programmers don't make more than 60,000 at the senior level. For entry level Programmer we offer everyone the same 60,000 per year to start.",no_deal,0
25,7,candidate,0,54.4,67.6,"I reject a salary of 60,000. I would like a salary of 120,000 I would like a salary of 120,000",no_deal,0
25,8,employer,1,67.6,73.2,This unfortunately isn't even possible for our company. There is room for growth though.,no_deal,0
25,9,candidate,0,73.2,96,"I am willing to have a salary of 90,000. But I must change our previous agreement. I am expecting a position of project manager I am willing to have a salary of 120,000",no_deal,0
25,10,employer,1,103.2,110.4,"120,000 could be possible in a year or 2, but we don't offer this salary for new hires.",no_deal,0
25,11,candidate,0,110.4,116.8,"I am willing to have a salary of 120,000 I am expecting a salary of 120,000",no_deal,0
25,12,employer,1,116.8,122.8,"I can offer you the 60,000 and cut your work hours from 10 to 9.",no_deal,0
25,13,candidate,0,128.8,154,"I refuse. I would like a workday of 8 hours and I would like a salary of 120,000 I am willing to have a salary of 120,000",no_deal,0
25,14,employer,1,154,159.2,"It looks like we're too far apart, sorry I can't do any better.",no_deal,0
25,15,candidate,0,159.2,162.8,"I am willing to have a salary of 90,000",no_deal,0
25,16,employer,1,162.8,166.8,"If you change your mind, give me a call. Thanks",no_deal,0
26,1,candidate,0,0,7.6,Hello. I would like to discuss the issues of my contract. I would like a position of project manager,deal,1
26,2,employer,1,7.6,10.8,How would you feel about Team Manager Instead?,deal,1
26,3,candidate,0,10.8,20,"I accept team manager position. Now let's talk about how we can agree on other issues. I would like a salary of 120,000",deal,1
26,4,employer,1,29.2,31.2,"I can offer you 90,000",deal,1
26,5,candidate,0,31.2,48.4,"I disagree about a salary of 90,000. I am expecting a salary of 120,000 I want a salary of 120,000 I am willing to have a salary of 120,000",deal,1
26,6,employer,1,48.4,53.6,"If I give you 120,00, can I expect you to work 10 hours",deal,1
26,7,candidate,0,58.8,62.2,"I disagree I want a salary of 120,000",deal,1
26,8,employer,1,62.2,64.6,Let's talk about your promotion possibilities.,deal,1
26,9,candidate,0,64.6,68.2,I am willing to have a fast promotion track,deal,1
26,10,employer,1,68.2,70.6,I'm thinking the fast promotion track,deal,1
26,11,candidate,0,70.6,74.2,"I am willing to have a salary of 120,000",deal,1
26,12,employer,1,74.2,77,"Are you sure you don't want 60,000?",deal,1
26,13,candidate,0,77,87.8,"I refuse 60,000. I am expecting a salary of 120,000 I would like a salary of 120,000",deal,1
26,14,employer,1,87.8,92.6,"I am expecting to give a salary of 90,000 for this position",deal,1
26,15,candidate,0,92.6,116.6,"I agree with a salary of 90,000. Now let's talk about how we can agree on other issues. I want a company car I am expecting a company car I am willing to have a company car",deal,1
26,16,employer,1,116.6,122.2,If you are working 10 Hour days I can give you a company car,deal,1
26,17,candidate,0,127.8,136.2,I refuse. I would like a workday of 8 hours and I am willing to have no agreement on leased car,deal,1
26,18,employer,1,153,155.8,No agreement on leased car it is,deal,1
26,19,candidate,0,155.8,176.6,I agree with no agreement on leased car. I would like to move on. I am expecting a workday of 8 hours I would like a workday of 8 hours,deal,1
26,20,employer,1,176.6,178.6,let's work on pension fund,deal,1
26,21,candidate,0,178.6,181.4,I would like a pension of 20%,deal,1
26,22,employer,1,181.4,182.4,I agree,deal,1
26,23,candidate,0,182.4,192.8,I would like a workday of 8 hours I am willing to have a workday of 8 hours,deal,1
26,24,employer,1,192.8,196.8,Could you at least work 10 hour days on friday?,deal,1
26,25,candidate,0,196.8,274.8,"I refuse 10 hours. I want a workday of 8 hours I want a workday of 8 hours I am willing to have a workday of 9 hours. But I must change our previous agreement. I would like a position of team manager, I am expecting a fast promotion track and I want a salary of 120,000 I am willing to have a workday of 8 hours",deal,1
26,26,employer,1,274.8,282,"If you want 9 hours I would say the salary would be 60,000 and 9 hours work day",deal,1
26,27,candidate,0,289.2,297.2,"I refuse. I am willing to have a workday of 8 hours and I would like a salary of 120,000",deal,1
26,28,employer,1,313.2,314.2,8 Hours,deal,1
26,29,candidate,0,314.2,317,I accept a workday of 8 hours,deal,1
26,30,employer,1,317,318.6,10 Hour work day.,deal,1
26,31,candidate,0,318.6,320.2,I accept 10 hours,deal,1
26,32,employer,1,320.2,321.2,"90,000 salary",deal,1
26,33,candidate,0,321.2,326.4,"I disagree about a salary of 90,000. I want a salary of 120,000",deal,1
26,34,employer,1,331.6,332.6,"90,000 salary",deal,1
26,35,candidate,0,332.6,337.4,"I reject a salary of 90,000. I want a salary of 120,000",deal,1
26,36,employer,1,342.2,343.2,"90,000 salary",deal,1
26,37,candidate,0,343.2,347.2,"I refuse 90,000. I would like a salary of 120,000",deal,1
26,38,employer,1,351.2,352.2,"90,000 salary",deal,1
26,39,candidate,0,352.2,357,"I refuse 90,000. I am willing to have a salary of 120,000",deal,1
26,40,employer,1,361.8,362.8,"90,000 salary",deal,1
26,41,candidate,0,362.8,368.4,"I disagree about a salary of 90,000. I would like a salary of 120,000",deal,1
26,42,employer,1,374,375,"60,000 salary",deal,1
26,43,candidate,0,375,379,"I refuse 60,000. I would like a salary of 120,000",deal,1
26,44,employer,1,383,385.8,"60,000 salary is all I can offer.",deal,1
26,45,candidate,0,385.8,391,"I reject a salary of 60,000. I am expecting a salary of 120,000",deal,1
26,46,employer,1,396.2,398.6,"How about we meet at 90,000?",deal,1
26,47,candidate,0,398.6,403.8,"I reject a salary of 90,000. I am expecting a salary of 120,000",deal,1
26,48,employer,1,409,411,"it has to be 90,000",deal,1
26,49,candidate,0,411,416.6,"I disagree about a salary of 90,000. I would like a salary of 120,000",deal,1
26,50,employer,1,422.2,427,"what about 120,000 I change my mind, it has to be 90,000",deal,1
26,51,candidate,0,427,428.2,"I accept 90,000",deal,1
27,1,candidate,0,0,7.6,Hello. I would like to discuss the issues of my contract. I would like a position of project manager,no_deal,0
27,2,employer,1,7.6,8.6,Hello,no_deal,0
27,3,candidate,0,8.6,11.4,I want a position of project manager,no_deal,0
27,4,employer,1,11.4,13,I am offering programmer,no_deal,0
27,5,candidate,0,13,29,I refuse programmer position. I demand a position of project manager I am willing to have a position of project manager I would like a position of project manager,no_deal,0
27,6,employer,1,29,31.8,I have assigned that position to you,no_deal,0
27,7,candidate,0,31.8,34.2,"I demand a salary of 120,000",no_deal,0
27,8,employer,1,34.2,35.8,"I am offering 60,000",no_deal,0
27,9,candidate,0,35.8,54.6,"I agree with a salary of 60,000. I would like to move on. I demand a workday of 8 hours I want a workday of 8 hours",no_deal,0
27,10,employer,1,54.6,56.6,Okay. We will do that.,no_deal,0
27,11,candidate,0,56.6,59,I demand a pension of 20%,no_deal,0
27,12,employer,1,59,60.6,That would be 10%,no_deal,0
27,13,candidate,0,60.6,69,I agree with a pension of 10%. Let's proceed to another issue. I am willing to have a fast promotion track,no_deal,0
27,14,employer,1,77.4,78.4,Okay,no_deal,0
27,15,candidate,0,78.4,80.4,I demand a company car,no_deal,0
27,16,employer,1,80.4,86,I would like to revise the working hours. I need it to be 9,no_deal,0
27,17,candidate,0,86,91.6,I refuse 9 hours. I am willing to have a workday of 8 hours,no_deal,0
27,18,employer,1,97.2,101.2,Then I am afraid we won't be reaching an agreement,no_deal,0
27,19,candidate,0,101.2,104.4,I am willing to have a company car,no_deal,0
27,20,employer,1,104.4,106.4,I am not offering that,no_deal,0
27,21,candidate,0,106.4,109.2,I demand no agreement on leased car,no_deal,0
27,22,employer,1,109.2,112.2,Okay What about the working hours?,no_deal,0
27,23,candidate,0,112.2,116.2,I am willing to have a workday of 8 hours,no_deal,0
27,24,employer,1,116.2,119.8,But I am not willing to agree on that.,no_deal,0
27,25,candidate,0,119.8,122.6,I want a workday of 9 hours,no_deal,0
27,26,employer,1,122.6,124.2,Okay. That sounds good.,no_deal,0
28,1,candidate,0,0,8.4,Hello. I would like to discuss the issues of my contract. I am willing to have a position of project manager,deal,1
28,2,employer,1,8.4,16,"Tell me why you are qualified? With your amount of your experience, you can qualify for a Project Manager",deal,1
28,3,candidate,0,16,19.2,I would like a position of project manager,deal,1
28,4,employer,1,19.2,23.6,"Hmmm, how about QA before I hire you as Project Manager?",deal,1
28,5,candidate,0,23.6,28,I refuse qa position. I want a position of project manager,deal,1
28,6,employer,1,32.4,40.8,"Well, if you want a project manger, you are going have to work 10 hours since its a very demanding position.",deal,1
28,7,candidate,0,49.2,78.4,I reject the previous offer. I am expecting a workday of 8 hours and I am expecting a position of programmer I am willing to have a position of project manager,deal,1
28,8,employer,1,78.4,85.2,"No, you might might be allowed to be a Team Manger with just 9 hours of work.",deal,1
28,9,candidate,0,98.8,107.6,I disagree with the offer. I would like a workday of 8 hours and I would like a position of project manager,deal,1
28,10,employer,1,125.2,133.6,"Sorry, as I said again, if you want to be a project manger, you need to work at least 10 hours.",deal,1
28,11,candidate,0,150.4,173.6,I disagree. I want a workday of 8 hours and I would like a position of programmer I would like a position of programmer,deal,1
28,12,employer,1,173.6,175.2,For how many hours?,deal,1
28,13,candidate,0,175.2,178,I want a workday of 8 hours,deal,1
28,14,employer,1,178,184,"I see, but employees that work 9 hours, get a leased car and a track",deal,1
28,15,candidate,0,190,198.8,I accept the previous offer. I would like to continue and discuss another issue. I am expecting a position of project manager,deal,1
28,16,employer,1,207.6,212.4,"You said you wanted to be a Programmer, not a Project Manager",deal,1
28,17,candidate,0,212.4,221.2,"I accept programmer position. Now let's talk about how we can agree on other issues. I would like a salary of 120,000",deal,1
28,18,employer,1,230,236.8,"You understand Programmers, do not make that much money. The average pay of a Programmer is $60,000",deal,1
28,19,candidate,0,243.6,244.8,"I refuse 60,000",deal,1
28,20,employer,1,244.8,255.6,"I will give 90,000, give u a team manger position, without a leased car, HOWEVER u get a Pension Fund, a Track, but you work 9 hours",deal,1
28,21,candidate,0,288,364,"I refuse. I would like a workday of 8 hours, I would like a company car, I am willing to have a position of project manager and I am expecting a salary of 120,000 I want a pension of 20% I am expecting a pension of 20% I would like a pension of 20%",deal,1
28,22,employer,1,364,365.6,"Fine, pension of 20%.",deal,1
28,23,candidate,0,365.6,368,"I want a salary of 120,000",deal,1
28,24,employer,1,368,372.4,"How about 90,000, I just gave you a 20% pension fund.",deal,1
28,25,candidate,0,372.4,380,"I agree with a salary of 90,000. Let's proceed to another issue. I am expecting a fast promotion track",deal,1
28,26,employer,1,387.6,392.8,That is fine. We didn't decide on a Leased Car and Working Hours,deal,1
28,27,candidate,0,392.8,395.2,I would like a company car,deal,1
28,28,employer,1,395.2,398.8,"Fine, but you will need to work 9 hours.",deal,1
28,29,candidate,0,402.4,404.4,I agree with the offer,deal,1
28,30,employer,1,404.4,409.2,"I will let you be a team Manger or QA, your choice",deal,1
28,31,candidate,0,409.2,412,I want a position of project manager,deal,1
28,32,employer,1,412,413.6,QA or Team Manger,deal,1
28,33,candidate,0,413.6,415.6,I accept the previous offer,deal,1
29,1,candidate,0,0,10.8,Hello. I would like to discuss the issues of my contract. I would like a position of project manager I am expecting a position of project manager,deal,1
29,2,employer,1,10.8,14.8,"Understood!  The introductory salary is 60,000 USD, is this acceptable?",deal,1
29,3,candidate,0,14.8,22.4,"I accept 60,000. I would like to continue and discuss another issue. I want a position of project manager",deal,1
29,4,employer,1,30,31.6,I accept project manager.,deal,1
29,5,candidate,0,31.6,33.6,I want a company car,deal,1
29,6,employer,1,33.6,38,"I do not accept leased car, can you manage without one?",deal,1
29,7,candidate,0,42.4,53.2,I reject no company car. I would like a company car I demand a company car,deal,1
29,8,employer,1,53.2,58,I accept company car. Will you be able to work 10 hours?,deal,1
29,9,candidate,0,62.8,71.2,I reject the previous offer. I want no agreement on leased car and I am expecting a workday of 8 hours,deal,1
29,10,employer,1,88,91.2,I reject 8 hours.  I offer 9 hours.,deal,1
29,11,candidate,0,94.4,104,I agree with a workday of 9 hours. Now let's talk about how we can agree on other issues. I demand a company car,deal,1
29,12,employer,1,113.6,116.4,I offer no agreement on company car.,deal,1
29,13,candidate,0,116.4,121.6,I reject no agreement on leased car. I would like a company car,deal,1
29,14,employer,1,126.8,128.8,I offer 10% pension fund.,deal,1
29,15,candidate,0,128.8,133.6,I reject a pension of 10%. I demand a pension of 20%,deal,1
29,16,employer,1,138.4,140,I accept company car.,deal,1
29,17,candidate,0,140,146.8,I accept a company car. Let's proceed to another issue. I am expecting a fast promotion track,deal,1
29,18,employer,1,153.6,155.6,I accept fast promotion track.,deal,1
29,19,candidate,0,155.6,158.4,I would like a pension of 20%,deal,1
29,20,employer,1,158.4,160.4,I offer pension of 10%.,deal,1
29,21,candidate,0,160.4,165.2,I refuse 10%. I am willing to have a pension of 20%,deal,1
29,22,employer,1,170,171.2,I accept 20%.,deal,1
30,1,candidate,0,0,7.6,Hello. I would like to discuss the issues of my contract. I am expecting a position of project manager,deal,1
30,2,employer,1,7.6,13.2,We currently have a postion open for a project manger.  W're considering several people.,deal,1
30,3,candidate,0,13.2,16.4,I would like a position of project manager,deal,1
30,4,employer,1,16.4,23.2,More than likely tho there are more qualified people.  We are in need of several programmers tho.,deal,1
30,5,candidate,0,23.2,37.2,I disagree about a position of programmer. I want a position of project manager I demand a position of project manager,deal,1
30,6,employer,1,37.2,48.8,"What do you think would qualify you as project manager? I do agree that programmer might be a bit low, but Project manager is something we take very seriously.",deal,1
30,7,candidate,0,48.8,51.6,I want a position of project manager,deal,1
30,8,employer,1,51.6,61.2,"If there is not reason that we should offer you that job, I'm sorry, but we can not higher you as a project manager.",deal,1
30,9,candidate,0,61.2,66.8,I demand a position of team manager I want a position of team manager,deal,1
30,10,employer,1,66.8,77.6,We have no open spots for team managers at this moment.  We do however have openings for QA if you are not interesting in being a programmer.,deal,1
30,11,candidate,0,88.4,93.6,I reject a position of qa. I demand a position of project manager,deal,1
30,12,employer,1,98.8,104,"As stated ealier, we do not feel you are suited for project manager.",deal,1
30,13,candidate,0,104,106.8,I want a position of team manager,deal,1
30,14,employer,1,106.8,109.6,We have an opening as a QA.,deal,1
30,15,candidate,0,109.6,114,I refuse qa position. I demand a position of project manager,deal,1
30,16,employer,1,118.4,126,"If we feel you are suited for team manger we may consider you, let's go with that for now.",deal,1
30,17,candidate,0,126,134.8,"I accept team manager position. Now let's talk about how we can agree on other issues. I demand a salary of 120,000",deal,1
30,18,employer,1,143.6,150.4,"A salary of 120,00 is exclusively for project manager, 90,000 would be as high as we allow.",deal,1
30,19,candidate,0,157.2,163.6,"I accept 90,000. I would like to move on. I demand a workday of 8 hours",deal,1
30,20,employer,1,170,176.8,As a team manger you are expected to work more than others.  10 hours would be normal.,deal,1
30,21,candidate,0,176.8,183.6,I accept a workday of 10 hours. Let's discuss another issue. I want a pension of 20%,deal,1
30,22,employer,1,190.4,191.6,That is acceptable.,deal,1
30,23,candidate,0,191.6,194,I want a fast promotion track,deal,1
30,24,employer,1,194,195.6,That is also acceptable.,deal,1
30,25,candidate,0,195.6,200.4,I am expecting a company car I would like a company car,deal,1
30,26,employer,1,200.4,204,This is normally something reserved just for project managers.,deal,1
30,27,candidate,0,204,208,I am willing to have no agreement on leased car,deal,1
30,28,employer,1,208,209.2,That it fine.,deal,1
31,1,candidate,0,0,7.2,Hello. I would like to discuss the issues of my contract. I want a position of project manager,deal,1
31,2,employer,1,7.2,19.6,"Hello, I would like to hire you and here's what I'm willing to offer at the moment. I hope we can reach an agreement soon! Hope to hear from you soon.",deal,1
31,3,candidate,0,19.6,22.8,I am expecting a position of project manager,deal,1
31,4,employer,1,22.8,30.8,"I will put you on the fast promotion track to get there, but you need to prove your worth first.",deal,1
31,5,candidate,0,30.8,39.6,I accept a fast promotion track. I would like to continue and discuss another issue. I want a position of project manager,deal,1
31,6,employer,1,48.4,54.4,How about starting as team manager and working your way up for a few months?,deal,1
31,7,candidate,0,54.4,64.4,"I accept team manager position. Now let's talk about how we can agree on other issues. I am willing to have a salary of 120,000",deal,1
31,8,employer,1,74.4,82,"I'm willing to compromise a bit on the salary, but you need to meet me halfway. How about 90,000?",deal,1
31,9,candidate,0,82,103.6,"I accept a salary of 90,000. Now let's talk about how we can agree on other issues. I am expecting a company car I am willing to have a company car",deal,1
31,10,employer,1,103.6,117.2,All the company cars are used up at the moment. Once you get a promotion you will get a company car. For now You will have to go without a car. Is that ok?,deal,1
31,11,candidate,0,117.2,119.6,I am expecting a company car,deal,1
31,12,employer,1,119.6,124.4,If you accept 10%  then I will give you a company car.,deal,1
31,13,candidate,0,129.2,137.6,I accept the previous offer. I would like to move on. I am willing to have a workday of 8 hours,deal,1
31,14,employer,1,146,151.2,I need you to work 10 hours because you are the team manager.,deal,1
31,15,candidate,0,151.2,154,I reject a workday of 10 hours,deal,1
31,16,employer,1,154,157.2,9 hours is the lowest I will go.,deal,1
31,17,candidate,0,157.2,158.8,I refuse 9 hours,deal,1
31,18,employer,1,158.8,160.4,I hope you reconsider.,deal,1
31,19,candidate,0,160.4,162.8,I want a fast promotion track,deal,1
31,20,employer,1,162.8,170.4,"You asked for 8 hours, I countered with 10 hours. I think it's fair to meet in the middle?",deal,1
31,21,candidate,0,170.4,172,I refuse 9 hours,deal,1
31,22,employer,1,172,179.2,"I gave you a fast promotion track, but you need to work at least 9 hours for me.",deal,1
31,23,candidate,0,186.4,187.4,I disagree,deal,1
31,24,employer,1,187.4,191.8,Is there any way you will work more than 8 hours?,deal,1
31,25,candidate,0,191.8,195,I disagree about a workday of 9 hours,deal,1
31,26,employer,1,195,197.8,"Would you work 10 hours for 120,000?",deal,1
31,27,candidate,0,200.6,202.6,I reject the previous offer,deal,1
31,28,employer,1,202.6,207.4,If I promoted you to project manager would you work 10 hours?,deal,1
31,29,candidate,0,212.2,219.8,I agree. Now let's talk about how we can agree on other issues. I am expecting a company car,deal,1
31,30,employer,1,227.4,231.4,You can have a company car. It's a done deal.,deal,1
32,1,candidate,0,0,7.6,Hello. I would like to discuss the issues of my contract. I would like a position of project manager,deal,1
32,2,employer,1,7.6,8.6,Programmer,deal,1
32,3,candidate,0,8.6,18.2,"I accept a position of programmer. Now let's talk about how we can agree on other issues. I would like a salary of 120,000",deal,1
32,4,employer,1,27.8,28.8,"90,000 USD",deal,1
32,5,candidate,0,28.8,34,"I reject a salary of 90,000. I would like a salary of 120,000",deal,1
32,6,employer,1,39.2,40.2,ok,deal,1
32,7,candidate,0,40.2,42.2,I want a company car,deal,1
32,8,employer,1,42.2,43.2,no,deal,1
32,9,candidate,0,43.2,47.2,I am willing to have no agreement on leased car,deal,1
32,10,employer,1,47.2,48.2,ok,deal,1
32,11,candidate,0,48.2,51,I would like a fast promotion track,deal,1
32,12,employer,1,51,52,ok,deal,1
32,13,candidate,0,52,55.2,I am expecting a workday of 8 hours,deal,1
32,14,employer,1,55.2,56.2,10 hours,deal,1
32,15,candidate,0,56.2,62.6,I disagree about a workday of 10 hours. I am expecting a workday of 8 hours,deal,1
32,16,employer,1,69,70,ok,deal,1
32,17,candidate,0,70,72.8,I am expecting a pension of 20%,deal,1
32,18,employer,1,72.8,73.8,no,deal,1
32,19,candidate,0,73.8,76.2,What do you have to offer?,deal,1
32,20,employer,1,76.2,77.2,10,deal,1
32,21,candidate,0,77.2,82.8,I refuse 10 hours. I am willing to have a workday of 8 hours,deal,1
32,22,employer,1,88.4,89.4,ok,deal,1
32,23,candidate,0,89.4,92.2,I am expecting a pension of 20%,deal,1
32,24,employer,1,92.2,93.2,10%,deal,1
32,25,candidate,0,93.2,94.4,I accept 10%,deal,1
32,26,employer,1,94.4,95.4,0%,deal,1
32,27,candidate,0,95.4,100.6,I disagree about a pension of 0%. I want a pension of 20%,deal,1
32,28,employer,1,105.8,106.8,0%,deal,1
32,29,candidate,0,106.8,113.2,I disagree about a pension of 0%. I am willing to have a pension of 20%,deal,1
32,30,employer,1,119.6,120.6,20%,deal,1
32,31,candidate,0,120.6,123,I accept a pension of 20%,deal,1
33,1,candidate,0,0,7.6,Hello. I would like to discuss the issues of my contract. I am expecting a position of project manager,deal,1
33,2,employer,1,7.6,8.6,hi,deal,1
33,3,candidate,0,8.6,11.8,I am expecting a position of project manager,deal,1
33,4,employer,1,11.8,15.4,ok what working hours do you have to offer?,deal,1
33,5,candidate,0,15.4,18.6,I would like a workday of 8 hours,deal,1
33,6,employer,1,18.6,20.2,cand you do 10?,deal,1
33,7,candidate,0,20.2,26.6,I disagree about a workday of 10 hours. I would like a workday of 8 hours,deal,1
33,8,employer,1,33,34.6,"what else pension, car?",deal,1
33,9,candidate,0,34.6,37.4,I would like a pension of 20%,deal,1
33,10,employer,1,37.4,38.4,without car,deal,1
33,11,candidate,0,38.4,44.8,I accept no company car. Let's discuss another issue. I am expecting a pension of 20%,deal,1
33,12,employer,1,51.2,56.8,"if you work 10 hours you go yourself a deal on 20% pension, deal?",deal,1
33,13,candidate,0,62.4,69.2,I refuse. I am expecting a workday of 8 hours and I want a pension of 10%,deal,1
33,14,employer,1,82.8,87.6,10% but work with me at least work for a 60K salary?,deal,1
33,15,candidate,0,92.4,98.8,"I disagree. I want a salary of 120,000 and I would like a pension of 20%",deal,1
33,16,employer,1,111.6,115.6,what about a fast promotion tract with a 90k slaray,deal,1
33,17,candidate,0,119.6,120.6,I refuse,deal,1
33,18,employer,1,120.6,123.8,can you do 60 or 90k for salary?,deal,1
33,19,candidate,0,123.8,132.6,"I accept 90,000. I would like to continue and discuss another issue. I am willing to have a position of project manager",deal,1
33,20,employer,1,141.4,143.8,you have a pension for 10%,deal,1
33,21,candidate,0,143.8,151.8,I accept 10%. I would like to continue and discuss another issue. I would like a position of project manager,deal,1
33,22,employer,1,159.8,160.8,sure,deal,1
33,23,candidate,0,160.8,163.6,I am expecting a fast promotion track,deal,1
33,24,employer,1,163.6,166,what promotion possibilities do you sek,deal,1
33,25,candidate,0,166,168.8,I would like a fast promotion track,deal,1
34,1,candidate,0,0,6.8,"Hello. I would like to discuss the issues of my contract. I demand a salary of 120,000",deal,1
34,2,employer,1,6.8,8,"120,000 sounds good",deal,1
34,3,candidate,0,8,11.2,I am expecting a position of project manager,deal,1
34,4,employer,1,11.2,12.8,project manager sounds great,deal,1
34,5,candidate,0,12.8,16.4,I am willing to have a pension of 20%,deal,1
34,6,employer,1,16.4,18,Pension of 20% works,deal,1
34,7,candidate,0,18,21.2,I would like a workday of 8 hours,deal,1
34,8,employer,1,21.2,22.8,How about 10 hours?,deal,1
34,9,candidate,0,22.8,31.2,I accept 10 hours. Now let's talk about how we can agree on other issues. I would like a company car,deal,1
34,10,employer,1,39.6,42,I'm afraid that is not doable,deal,1
34,11,candidate,0,42,45.2,I am expecting no agreement on leased car,deal,1
34,12,employer,1,45.2,47.2,"How about 60,000 for Programmer?",deal,1
34,13,candidate,0,49.2,57.2,"I disagree with the offer. I demand a salary of 120,000 and I would like a position of project manager",deal,1
34,14,employer,1,73.2,76.8,I can offer you a pension fund of 10%,deal,1
34,15,candidate,0,76.8,86.4,I accept the offer about the pension fund. Now let's talk about how we can agree on other issues. I demand a company car,deal,1
34,16,employer,1,96,98.8,Programmer offers better promotion possibilities. Please reconsider,deal,1
34,17,candidate,0,98.8,104.8,I reject the offer about the job description. I want a position of project manager,deal,1
34,18,employer,1,110.8,113.6,"Project manager at a salary of 60,000",deal,1
34,19,candidate,0,116.4,117.4,I refuse,deal,1
34,20,employer,1,117.4,119,no company car then,deal,1
34,21,candidate,0,119,125.4,I agree with the offer. Let's proceed to another issue. I want a fast promotion track,deal,1
34,22,employer,1,131.8,132.8,fine,deal,1
34,23,candidate,0,132.8,135.6,"I would like a salary of 120,000",deal,1
34,24,employer,1,135.6,136.8,"how about 90,000?",deal,1
34,25,candidate,0,136.8,146.4,I agree with the offer about the wage. I would like to continue and discuss another issue. I want a position of project manager,deal,1
34,26,employer,1,156,160.8,"I can guarantee fast track promotion possibilities as a programmer at 90,000",deal,1
34,27,candidate,0,170.4,172.4,I reject the previous offer,deal,1
34,28,employer,1,172.4,175.2,What about as a team manager then?,deal,1
34,29,candidate,0,175.2,184.8,I disagree. I demand a position of project manager I am expecting a company car,deal,1
34,30,employer,1,184.8,190.8,"I can give you a company car if you take the programmer position st 60,000",deal,1
34,31,candidate,0,202.8,212.4,"I disagree. I would like a salary of 120,000, I demand a position of project manager and I want no agreement on leased car",deal,1
34,32,employer,1,241.2,244.8,"Team manager, salary of 90,000, no agreement on car",deal,1
34,33,candidate,0,252,262,"I refuse. I demand a salary of 120,000, I am willing to have a position of project manager and I would like a company car",deal,1
34,34,employer,1,292,297.6,"You had said earlier you would accept an offer of 90,000 as team manager",deal,1
34,35,candidate,0,303.2,310.4,"I refuse. I am expecting a salary of 120,000 and I am expecting a position of project manager",deal,1
34,36,employer,1,324.8,328,"sorry - you accepted 90,000 as project manager",deal,1
34,37,candidate,0,331.2,340,I agree with the offer. Now let's talk about how we can agree on other issues. I am expecting a company car,deal,1
34,38,employer,1,348.8,352,I cannot lease a company car to you,deal,1
34,39,candidate,0,352,354.4,I would like a company car,deal,1
34,40,employer,1,354.4,357.2,you are guaranteed fast track promotion tho,deal,1
34,41,candidate,0,357.2,367.6,I agree with a fast promotion track. Now let's talk about how we can agree on other issues. I am willing to have a company car,deal,1
34,42,employer,1,378,379.2,No company car,deal,1
34,43,candidate,0,379.2,382.4,I am expecting no agreement on leased car,deal,1
34,44,employer,1,382.4,383.4,ok,deal,1
35,1,candidate,0,0,8.4,Hello. I would like to discuss the issues of my contract. I am willing to have a position of project manager,deal,1
35,2,employer,1,8.4,13.6,Have you considered any other positions? How flexible are you on this issue?,deal,1
35,3,candidate,0,13.6,16.4,I demand a position of project manager,deal,1
35,4,employer,1,16.4,22.4,Let's get back to that in a moment. What hours are you willing to work?,deal,1
35,5,candidate,0,28.4,37.2,I demand a workday of 8 hours I want a workday of 8 hours I am expecting a workday of 8 hours,deal,1
35,6,employer,1,37.2,42.8,"If I offer you the project manager position, would you accept 9 hour workdays?",deal,1
35,7,candidate,0,48.4,69.6,"I accept the previous offer. Now let's talk about how we can agree on other issues. I want a salary of 120,000 I am willing to have a salary of 120,000",deal,1
35,8,employer,1,69.6,73.6,"That's a little tough for me. How does 90,000 sound?",deal,1
35,9,candidate,0,77.6,88.4,"I refuse 90,000. I would like a salary of 120,000 I am expecting a salary of 120,000",deal,1
35,10,employer,1,88.4,96.8,OK. Let's talk about some other details and get back to salary. Whay kind of promotion possibilities are you looking for?,deal,1
35,11,candidate,0,105.2,111.6,I am expecting a fast promotion track I am willing to have a fast promotion track,deal,1
35,12,employer,1,111.6,117.6,That works for me. How much are you looking to contribute to your pension fund?,deal,1
35,13,candidate,0,123.6,129.2,I would like a pension of 20% I am expecting a pension of 20%,deal,1
35,14,employer,1,129.2,132.8,20% is acceptable. Are you needing a leased car?,deal,1
35,15,candidate,0,136.4,140.8,I would like a company car I want a company car,deal,1
35,16,employer,1,140.8,152.8,"I can give you a company car, but I need you to consider a salary of 90,000. I've been very willing to accomodate you, won't you do this for me?",deal,1
35,17,candidate,0,164.8,165.8,I agree,deal,1
36,1,candidate,0,0,7.6,Hello. I would like to discuss the issues of my contract. I would like a position of project manager,deal,1
36,2,employer,1,7.6,8.6,programmer,deal,1
36,3,candidate,0,8.6,18.6,"I agree with a position of programmer. Now let's talk about how we can agree on other issues. I would like a salary of 120,000",deal,1
36,4,employer,1,28.6,29.6,refuse,deal,1
36,5,candidate,0,29.6,38.8,"I am willing to have a salary of 90,000. But I must change our previous agreement. I want a position of project manager",deal,1
36,6,employer,1,48,49,refuse,deal,1
36,7,candidate,0,49,53,I am willing to have a position of team manager,deal,1
36,8,employer,1,53,54,team manager,deal,1
36,9,candidate,0,54,56.4,"I want a salary of 120,000",deal,1
36,10,employer,1,56.4,57.4,"90,000",deal,1
36,11,candidate,0,57.4,61.4,"I reject 90,000. I am expecting a salary of 120,000",deal,1
36,12,employer,1,65.4,66.4,programmer,deal,1
36,13,candidate,0,66.4,76,"I accept a position of programmer. Now let's talk about how we can agree on other issues. I would like a salary of 120,000",deal,1
36,14,employer,1,85.6,86.6,agreed,deal,1
36,15,candidate,0,86.6,89,I would like a company car,deal,1
36,16,employer,1,89,90,agreed,deal,1
36,17,candidate,0,90,93.6,I am willing to have a fast promotion track,deal,1
36,18,employer,1,93.6,94.6,agreed,deal,1
36,19,candidate,0,94.6,97.8,I am expecting a workday of 8 hours,deal,1
36,20,employer,1,97.8,98.8,10 hours,deal,1
36,21,candidate,0,98.8,103.2,I refuse 10 hours. I want a workday of 8 hours,deal,1
36,22,employer,1,107.6,108.8,refuse. 10 hours,deal,1
36,23,candidate,0,110,116.8,I reject a workday of 10 hours. I am willing to have a workday of 8 hours,deal,1
36,24,employer,1,123.6,124.6,9 hours,deal,1
36,25,candidate,0,124.6,129.4,I reject 9 hours. I am expecting a workday of 8 hours,deal,1
36,26,employer,1,134.2,135.2,10 hours,deal,1
36,27,candidate,0,135.2,140,I refuse 10 hours. I would like a workday of 8 hours,deal,1
36,28,employer,1,144.8,145.8,refuse,deal,1
36,29,candidate,0,145.8,149,I am expecting a workday of 8 hours,deal,1
36,30,employer,1,149,150,9 hours,deal,1
36,31,candidate,0,150,154.4,I reject 9 hours. I demand a workday of 8 hours,deal,1
36,32,employer,1,158.8,160.8,project manager with 10 hours,deal,1
36,33,candidate,0,162.8,170.8,I disagree. I would like a workday of 8 hours and I am willing to have a position of programmer,deal,1
36,34,employer,1,186.8,187.8,agreed,deal,1
36,35,candidate,0,187.8,190.2,I demand a pension of 20%,deal,1
36,36,employer,1,190.2,191.2,refuse,deal,1
36,37,candidate,0,191.2,194,I am expecting a pension of 10%,deal,1
36,38,employer,1,194,195,agreed,deal,1
37,1,candidate,0,0,7.2,Hello. I would like to discuss the issues of my contract. I want a position of project manager,deal,1
37,2,employer,1,10,11.2,You got it.,deal,1
37,3,candidate,0,11.2,14,"I am expecting a salary of 120,000",deal,1
37,4,employer,1,14,15,Okay,deal,1
37,5,candidate,0,15,17,I want a company car,deal,1
37,6,employer,1,17,18,Sounds good,deal,1
37,7,candidate,0,18,21.6,I am willing to have a fast promotion track,deal,1
37,8,employer,1,21.6,22.6,Of course,deal,1
37,9,candidate,0,22.6,25.8,I am expecting a workday of 8 hours,deal,1
37,10,employer,1,25.8,26.8,Perfect,deal,1
37,11,candidate,0,26.8,29.2,I want a pension of 20%,deal,1
38,1,candidate,0,0,7.6,Hello. I would like to discuss the issues of my contract. I am expecting a position of project manager,no_deal,0
38,2,employer,1,7.6,12,"I'd like to offer you $60,000, and the job of programmer",no_deal,0
38,3,candidate,0,16.4,23.2,"I disagree. I want a salary of 90,000 and I am expecting a position of project manager",no_deal,0
38,4,employer,1,36.8,41.2,"I'll give you the job of team manager, but at $60,000",no_deal,0
38,5,candidate,0,45.6,73.6,"I disagree with the offer. I am expecting a salary of 90,000 and I am expecting a position of project manager I want a position of project manager",no_deal,0
38,6,employer,1,73.6,75.2,"9 hours and $90,000",no_deal,0
38,7,candidate,0,76.8,83.6,"I disagree. I want a workday of 8 hours and I would like a salary of 120,000",no_deal,0
38,8,employer,1,97.2,99.2,Lets talk about a car,no_deal,0
38,9,candidate,0,99.2,102.4,I am willing to have a company car,no_deal,0
38,10,employer,1,102.4,110.4,"You're willing to have a free car? You don't say? I'll give you a car, and you work 9 hours",no_deal,0
38,11,candidate,0,118.4,126.8,I agree with the offer. I would like to continue and discuss another issue. I want a position of project manager,no_deal,0
38,12,employer,1,135.2,140.8,"I can't give you that position unless you're taking a pay cut to $60,000",no_deal,0
38,13,candidate,0,146.4,152,"I disagree about a salary of 60,000. I would like a salary of 120,000",no_deal,0
38,14,employer,1,157.6,159.2,Let's figure out pension,no_deal,0
38,15,candidate,0,159.2,162,I would like a pension of 20%,no_deal,0
38,16,employer,1,162,164,I'll agree to the pension,no_deal,0
38,17,candidate,0,164,168,I am willing to have a position of project manager,no_deal,0
38,18,employer,1,168,169.2,How about promosions,no_deal,0
38,19,candidate,0,169.2,171.6,I want a fast promotion track,no_deal,0
38,20,employer,1,174,176,I'll agree to fast track,no_deal,0
38,21,candidate,0,176,178.8,I want a position of project manager,no_deal,0
38,22,employer,1,178.8,180,You've said that.,no_deal,0
38,23,candidate,0,180,183.6,I am willing to have a position of programmer,no_deal,0
38,24,employer,1,183.6,185.2,I agree to programmer,no_deal,0
38,25,candidate,0,185.2,188,"I am expecting a salary of 120,000",no_deal,0
38,26,employer,1,188,190.8,Lastly you probably want to get paid.,no_deal,0
38,27,candidate,0,190.8,193.2,"I want a salary of 120,000",no_deal,0
38,28,employer,1,193.2,195.2,"60,000 sounds better to me",no_deal,0
38,29,candidate,0,195.2,196.4,"I reject 60,000",no_deal,0
38,30,employer,1,196.4,198.4,"I reject you rejecting 60,000",no_deal,0
38,31,candidate,0,198.4,200.8,"I reject a salary of 60,000",no_deal,0
38,32,employer,1,200.8,209.2,"I could not hire you , and you could have a salary of 0. 60,000 is a lot more then 0",no_deal,0
38,33,candidate,0,209.2,211.6,"I reject a salary of 60,000",no_deal,0
38,34,employer,1,211.6,213.6,"Let's make a deal. $90,000",no_deal,0
38,35,candidate,0,213.6,216.4,"I disagree about a salary of 90,000",no_deal,0
38,36,employer,1,216.4,218.4,"90,000 is a good compromise",no_deal,0
38,37,candidate,0,218.4,220.4,I accept the previous offer,no_deal,0
39,1,candidate,0,0,7.6,Hello. I would like to discuss the issues of my contract. I am expecting a position of project manager,no_deal,0
39,2,employer,1,7.6,11.6,We currently are only offering the position of a programmer.,no_deal,0
39,3,candidate,0,11.6,18.4,I disagree about a position of programmer. I am willing to have a position of project manager,no_deal,0
39,4,employer,1,25.2,29.2,"I am willing to offer a salary of 60,000 USD",no_deal,0
39,5,candidate,0,29.2,32.8,"I refuse 60,000. I demand a salary of 120,000",no_deal,0
39,6,employer,1,36.4,42.4,"Unfortunately, that sum is exhorbitant for our firm. I can offer no more than 60,000.",no_deal,0
39,7,candidate,0,48.4,52.4,I am willing to have a position of project manager,no_deal,0
39,8,employer,1,52.4,59.6,"For the moment, we have no openings for project managers. We currently only have an opening for programmers.",no_deal,0
39,9,candidate,0,66.8,72,I reject a position of programmer. I demand a position of project manager,no_deal,0
39,10,employer,1,77.2,80.4,"Unfortunately, we cannot offer contribution to pension funds.",no_deal,0
39,11,candidate,0,80.4,84,I refuse 0%. I demand a pension of 20%,no_deal,0
39,12,employer,1,87.6,94.8,"For us to agree to 20% pension, we will have to justify that by having no leased cars.",no_deal,0
39,13,candidate,0,102,122.8,I agree with the offer. I would like to continue and discuss another issue. I would like a position of project manager I would like a position of project manager,no_deal,0
39,14,employer,1,122.8,131.6,"Once again, project manager position is not on offer. However, we may be able to make you part of the QA team",no_deal,0
39,15,candidate,0,140.4,175.6,I demand a position of team manager. But I must change our previous agreement. I would like a pension of 20% and I want a company car I want a position of project manager,no_deal,0
39,16,employer,1,175.6,185.6,"I am willing to make you project manager, but it can only happen if you take 60,000 and if you work 10 hours per week",no_deal,0
39,17,candidate,0,205.6,210,I reject the previous offer What are you willing to offer?,no_deal,0
39,18,employer,1,210,211.6,"60,000, programmer, 10 hours",no_deal,0
39,19,candidate,0,214.8,219.6,I reject programmer position. I am expecting a position of project manager,no_deal,0
39,20,employer,1,224.4,228.8,"Team manager only if you work 10 hours and take 60,000",no_deal,0
39,21,candidate,0,237.6,241.2,I disagree. I demand a position of project manager,no_deal,0
40,1,candidate,0,0,7.6,Hello. I would like to discuss the issues of my contract. I am expecting a position of project manager,no_deal,0
40,2,employer,1,7.6,12,"With your qualifications, i'd like to offer you a programmer position",no_deal,0
40,3,candidate,0,12,22,"I agree with a position of programmer. Now let's talk about how we can agree on other issues. I am expecting a salary of 120,000",no_deal,0
40,4,employer,1,32,42,"Given that your programmer experience is less than ten years, I'd like to offer 90000 for the position given our generous raises and promotion possibilities.",no_deal,0
40,5,candidate,0,42,50,"I accept 90,000. Now let's talk about how we can agree on other issues. I would like a company car",no_deal,0
40,6,employer,1,58,59.6,We can do that.,no_deal,0
40,7,candidate,0,59.6,66,I am willing to have a fast promotion track I would like a fast promotion track,no_deal,0
40,8,employer,1,66,73.6,A fast promotion track requires lots of working hours. Are you willing to put in 10 hours a day?,no_deal,0
40,9,candidate,0,73.6,85.6,I refuse 10 hours. I am expecting a workday of 8 hours I want a fast promotion track,no_deal,0
40,10,employer,1,85.6,92.8,We expect our new hires on a fast promotion track to put in 10 hours. Would you reconsider?,no_deal,0
40,11,candidate,0,100,103.4,I disagree What do you have to offer?,no_deal,0
40,12,employer,1,103.4,112.6,"The best i can then offer you is 9 hours, with 10% pension fund and fast promotion track. This is my final offer.",no_deal,0
40,13,candidate,0,131,134.8,I disagree I would like a fast promotion track,no_deal,0
40,14,employer,1,134.8,140,I offered a fast promotion track. But 9 hours and 10% pension fund.,no_deal,0
40,15,candidate,0,150.4,155.4,I refuse I am willing to have a workday of 8 hours,no_deal,0
40,16,employer,1,155.4,170.6,I cannot accept that. The least I can accept is 9. We have many qualified applicants for this position who are willing to work 10 hours a day. I am making an exception for you by offering 9.,no_deal,0
40,17,candidate,0,185.8,200.6,I accept 9 hours. Let's discuss another issue. I would like a pension of 20% I am expecting a pension of 20%,no_deal,0
40,18,employer,1,200.6,201.6,No. 10%,no_deal,0
40,19,candidate,0,202.6,207.4,I reject a pension of 10%. I want a pension of 20%,no_deal,0
40,20,employer,1,212.2,221,We cannot offer you a 20% pension as a new employee. We will offer 10% given your less than ten years experience.,no_deal,0
40,21,candidate,0,229.8,243,I disagree about a pension of 10%. I want a pension of 20% I would like a pension of 20%,no_deal,0
40,22,employer,1,243,247.4,I can offer 20% if you accept a salary of 60000.,no_deal,0
40,23,candidate,0,251.8,260.6,"I disagree with the offer. I am willing to have a salary of 120,000 and I am expecting a pension of 10%",no_deal,0
40,24,employer,1,278.2,284.6,I am sorry we cannot come to terms. You have an inflated sense of your worth.,no_deal,0
41,1,candidate,0,0,7.6,Hello. I would like to discuss the issues of my contract. I am expecting a position of project manager,deal,1
41,2,employer,1,7.6,10.8,"Hi there, Ok I agree with project manager",deal,1
41,3,candidate,0,14,16.8,"I am expecting a salary of 120,000",deal,1
41,4,employer,1,16.8,20,"I would like to start you at 90,000",deal,1
41,5,candidate,0,20,38.4,"I accept 90,000. Now let's talk about how we can agree on other issues. I am expecting a company car I would like a company car",deal,1
41,6,employer,1,38.4,44,I agree with the company car.. I would like to offer 10% pension fund,deal,1
41,7,candidate,0,49.6,66,I agree with the offer. Let's proceed to another issue. I am expecting a fast promotion track I would like a fast promotion track,deal,1
41,8,employer,1,66,73.2,Perfect I was just going to say fast track.   Work hours i would like to see at 10,deal,1
41,9,candidate,0,80.4,81.4,I disagree,deal,1
41,10,employer,1,81.4,87,Im willing to drop it to 9 hours but i wont go any lower,deal,1
41,11,candidate,0,87,94.2,I disagree about a workday of 9 hours. I am willing to have a workday of 8 hours,deal,1
41,12,employer,1,101.4,109,If I go to 8 hours then I would like to take you from project manager to team manager,deal,1
41,13,candidate,0,116.6,123,I accept the previous offer. Let's proceed to another issue. I want a fast promotion track,deal,1
41,14,employer,1,129.4,132.2,I agree with fast track promotion  :),deal,1
42,1,candidate,0,0,8.4,Hello. I would like to discuss the issues of my contract. I am willing to have a position of project manager,deal,1
42,2,employer,1,8.4,20,"Hello, I would be glad to help you with this do you still want to be a project manager or can I interest you in something else like Programmer",deal,1
42,3,candidate,0,20,22.8,I agree with a position of programmer,deal,1
42,4,employer,1,22.8,25.2,We offer a Fast promotion track,deal,1
42,5,candidate,0,25.2,27.6,I accept a fast promotion track,deal,1
42,6,employer,1,27.6,32,"with a 10% pension fund at a salary of 60,000 USD",deal,1
42,7,candidate,0,36.4,46,"I reject the previous offer. I am willing to have a salary of 120,000 and I am willing to have a pension of 20%",deal,1
42,8,employer,1,65.2,73.2,"That is not an option For Fast Promotion Track I offer 10 hours work, at 60,000 USD with 10% Pension",deal,1
42,9,candidate,0,91.2,94.6,"I disagree I demand a salary of 120,000",deal,1
42,10,employer,1,94.6,100.2,"If you prefer Slow Promotion Track, I offer 10 Hours, 10% promotion, and 60,000USD",deal,1
42,11,candidate,0,117,131.4,"I disagree. I am expecting a workday of 8 hours, I am willing to have a fast promotion track, I am willing to have a pension of 20% and I would like a salary of 120,000",deal,1
42,12,employer,1,189,191.4,We do not agree to this,deal,1
42,13,candidate,0,191.4,194.2,"I am expecting a salary of 90,000",deal,1
42,14,employer,1,194.2,203.8,"At 10 hour work days, I offer Fast Promotion track, 20% Pension Fund a 60,000 USD salary and no agreement on a leased car",deal,1
42,15,candidate,0,242.2,243.2,I disagree,deal,1
42,16,employer,1,243.2,248.8,"10 Hour Workdays, Fast Promotion Track, 10% Pension, No leased car, and 90,000 USD",deal,1
42,17,candidate,0,271.2,275.6,I reject the previous offer What do you have to suggest?,deal,1
42,18,employer,1,275.6,281.2,"10 Hour Workdays, Slow Promotion Track, 10% Pension, No leased car, and 90,000 USD",deal,1
42,19,candidate,0,303.6,320,"I disagree with the offer. I want a workday of 8 hours, I demand a fast promotion track, I am willing to have a company car, I am expecting a pension of 20% and I am expecting a salary of 120,000",deal,1
42,20,employer,1,402,404,"You already agreed to 90,000USD",deal,1
42,21,candidate,0,404,410,"I reject a salary of 90,000. I am willing to have a salary of 120,000",deal,1
42,22,employer,1,416,417,"60,000USD",deal,1
42,23,candidate,0,417,425,"I accept 60,000. Now let's talk about how we can agree on other issues. I am expecting a company car",deal,1
42,24,employer,1,433,434.2,10 hour days,deal,1
42,25,candidate,0,434.2,439,I reject 10 hours. I would like a workday of 8 hours,deal,1
42,26,employer,1,443.8,445,10 hour days,deal,1
42,27,candidate,0,445,451.4,I disagree about a workday of 10 hours. I am expecting a workday of 8 hours,deal,1
42,28,employer,1,457.8,459,10 hour days,deal,1
42,29,candidate,0,459,462.2,I am willing to have a company car,deal,1
42,30,employer,1,462.2,465,10 hour days with Fast Promotion Track,deal,1
42,31,candidate,0,467.8,469.8,I disagree with the offer,deal,1
42,32,employer,1,469.8,472.6,10 hour days with Fast Promotion Track,deal,1
42,33,candidate,0,475.4,477.4,I disagree with the offer,deal,1
42,34,employer,1,477.4,480.2,10 hour days with 20% Pension Fund,deal,1
42,35,candidate,0,483,485,I disagree with the offer,deal,1
42,36,employer,1,485,487.8,10 hour days with Fast Promotion Track,deal,1
42,37,candidate,0,490.6,492.6,I reject the previous offer,deal,1
42,38,employer,1,492.6,496.2,For your salary we expect 10 Hour working days,deal,1
42,39,candidate,0,496.2,502.2,I disagree about a workday of 10 hours. I demand a workday of 8 hours,deal,1
42,40,employer,1,508.2,509.8,I reject your demands,deal,1
42,41,candidate,0,509.8,512.6,I am expecting a position of programmer,deal,1
42,42,employer,1,512.6,515.4,10 hour days with Fast Promotion Track,deal,1
42,43,candidate,0,518.2,519.2,I refuse,deal,1
42,44,employer,1,519.2,522,9 hour days with 10% Pension Fund,deal,1
42,45,candidate,0,524.8,534,I disagree with the offer. I am willing to have a workday of 8 hours and I am expecting a pension of 20%,deal,1
42,46,employer,1,552.4,555.6,Pension fund of 10% for 10 Hour Days,deal,1
42,47,candidate,0,558.8,566.8,I refuse. I am expecting a workday of 8 hours and I am willing to have a pension of 20%,deal,1
42,48,employer,1,582.8,585.4,I reject Pension fund of 10%,deal,1
42,49,candidate,0,585.4,590.6,I reject a pension of 10%. I am expecting a pension of 20%,deal,1
42,50,employer,1,595.8,598.6,Pension fund of 20% no leased car,deal,1
42,51,candidate,0,601.4,608.6,I accept the previous offer. I would like to move on. I demand a workday of 8 hours,deal,1
42,52,employer,1,615.8,616.8,10 Hours,deal,1
42,53,candidate,0,616.8,618.4,I refuse 10 hours,deal,1
42,54,employer,1,618.4,619.4,10 Hours,deal,1
42,55,candidate,0,619.4,622.2,I reject a workday of 10 hours,deal,1
42,56,employer,1,622.2,623.8,I demand 10 Hours,deal,1
42,57,candidate,0,623.8,625.4,I reject 10 hours,deal,1
42,58,employer,1,625.4,626.4,10 Hours,deal,1
42,59,candidate,0,626.4,629.6,I disagree about a workday of 10 hours,deal,1
42,60,employer,1,629.6,631.6,9 hours but 10% pension,deal,1
42,61,candidate,0,633.6,635.6,I agree with the offer,deal,1
42,62,employer,1,635.6,638,you agree to 9 working hours,deal,1
42,63,candidate,0,638,640,I agree with the offer,deal,1
42,64,employer,1,640,642.4,you agree to 10% pension fund,deal,1
42,65,candidate,0,642.4,644.4,I agree with the offer,deal,1
43,1,candidate,0,0,7.2,Hello. I would like to discuss the issues of my contract. I want a position of project manager,deal,1
43,2,employer,1,7.2,12,"Ok. Project Manager positions pay $90,000 and come without a leased car.",deal,1
43,3,candidate,0,21.6,31.2,"I disagree. I am expecting a salary of 120,000, I demand a position of programmer and I am willing to have a company car",deal,1
43,4,employer,1,60,66.8,"I can offer a salary of 90,000 and 10% pension, but it does not include a car",deal,1
43,5,candidate,0,80.4,118.4,"I refuse. I want a salary of 120,000, I would like a company car and I am expecting a pension of 20% I demand a position of project manager",deal,1
43,6,employer,1,118.4,120.4,"The offer available is 90,000",deal,1
43,7,candidate,0,120.4,139.6,"I accept 90,000. I would like to continue and discuss another issue. I am expecting a position of project manager I am expecting a position of project manager",deal,1
43,8,employer,1,139.6,145.2,"I can give you the title of project manager, it involved working 10 hours",deal,1
43,9,candidate,0,150.8,158,I refuse. I would like a workday of 8 hours and I am expecting a position of programmer,deal,1
43,10,employer,1,172.4,174,Programmers work 9 hours,deal,1
43,11,candidate,0,175.6,183.2,I refuse. I would like a workday of 8 hours and I would like a position of project manager,deal,1
43,12,employer,1,198.4,200.4,Project managers work 10 hours,deal,1
43,13,candidate,0,202.4,209.2,I disagree. I want a workday of 8 hours and I would like a position of programmer,deal,1
43,14,employer,1,222.8,228.8,"Ok we can do programmer and give you a car, but that requires 9 hours",deal,1
43,15,candidate,0,240.8,289.6,"I refuse. I would like a workday of 8 hours, I want a position of project manager and I would like no agreement on leased car I am expecting a position of project manager I am willing to have a position of project manager",deal,1
43,16,employer,1,289.6,296,"My final offer is programmer, 90,000, company car, 20% pension, fast track promotion and 9 hours.",deal,1
43,17,candidate,0,328,330,I agree with the offer,deal,1
44,1,candidate,0,0,7.6,Hello. I would like to discuss the issues of my contract. I would like a position of project manager,deal,1
44,2,employer,1,7.6,15.2,Hi there. Nice to meet you. We have a programmer opening. Would you be interested to hear about that?,deal,1
44,3,candidate,0,15.2,23.6,"I accept programmer position. Now let's talk about how we can agree on other issues. I want a salary of 120,000",deal,1
44,4,employer,1,32,36.4,"I'm sorry. This is not possible. I can offer you 60,000",deal,1
44,5,candidate,0,40.8,44.8,"I refuse 60,000. I would like a salary of 120,000",deal,1
44,6,employer,1,48.8,51.2,Please show some flexibility on this.,deal,1
44,7,candidate,0,51.2,53.6,I want a position of programmer,deal,1
44,8,employer,1,53.6,58,You got it. Can you work for 10 hours a day?,deal,1
44,9,candidate,0,62.4,72,I disagree with the offer. I would like a position of project manager and I am willing to have a workday of 8 hours,deal,1
44,10,employer,1,91.2,93.6,How about 9 hours a day?,deal,1
44,11,candidate,0,93.6,103.6,I agree with a workday of 9 hours. I would like to continue and discuss another issue. I would like a position of project manager,deal,1
44,12,employer,1,113.6,114.6,Not possible,deal,1
44,13,candidate,0,114.6,140.2,"I am expecting a position of programmer. But I must change our previous agreement. I am willing to have a workday of 8 hours I would like a salary of 120,000 I am willing to have a salary of 120,000",deal,1
44,14,employer,1,140.2,141.2,No possible,deal,1
44,15,candidate,0,141.2,144,"I would like a salary of 90,000",deal,1
44,16,employer,1,144,148,"ok, but then I cannot give you a leased car",deal,1
44,17,candidate,0,152,160,"I reject the previous offer. I want a salary of 120,000 and I am willing to have a company car",deal,1
44,18,employer,1,176,177,no way,deal,1
44,19,candidate,0,177,179.8,"I am expecting a salary of 90,000",deal,1
44,20,employer,1,179.8,181.8,90000 and no leased car,deal,1
44,21,candidate,0,183.8,190.6,"I refuse. I am willing to have a salary of 120,000 and I want a company car",deal,1
44,22,employer,1,204.2,207.2,no 90000 and no lease car,deal,1
44,23,candidate,0,209.2,215.2,"I refuse. I would like a salary of 120,000 and I want a company car",deal,1
44,24,employer,1,227.2,229.6,"ok, how about 10% pension fund",deal,1
44,25,candidate,0,229.6,239.2,"I accept a pension of 10%. Now let's talk about how we can agree on other issues. I would like a salary of 120,000",deal,1
44,26,employer,1,248.8,252,I can give you a fast promotion track,deal,1
44,27,candidate,0,252,261.2,"I accept a fast promotion track. Now let's talk about how we can agree on other issues. I want a salary of 120,000",deal,1
44,28,employer,1,270.4,272.4,I can give you 90000,deal,1
44,29,candidate,0,272.4,281.6,"I accept a salary of 90,000. Now let's talk about how we can agree on other issues. I am expecting a company car",deal,1
44,30,employer,1,290.8,294,only if you work 10 hours a day,deal,1
44,31,candidate,0,294,298.8,I reject 10 hours. I am expecting a workday of 8 hours,deal,1
44,32,employer,1,303.6,306.4,Then you cannot have a leased car,deal,1
44,33,candidate,0,306.4,308.4,I accept no company car,deal,1
45,1,candidate,0,0,10.4,Hello. I would like to discuss the issues of my contract. I want a position of project manager I would like a position of project manager,deal,1
45,2,employer,1,10.4,17.2,I am sorry but that position has already been filled.  I do have 1 programmer position available.,deal,1
45,3,candidate,0,24,43.2,"I accept programmer position. Now let's talk about how we can agree on other issues. I want a salary of 120,000 I want a salary of 120,000",deal,1
45,4,employer,1,43.2,50.8,"Unfortunately the salary cap for that position is substantially lower than your requested amount. I could offer you 60,000",deal,1
45,5,candidate,0,58.4,71.6,"I reject a salary of 60,000. I would like a salary of 120,000 I would like a salary of 120,000",deal,1
45,6,employer,1,71.6,78,"60,000 is the best I could do for that position. However, it comes with some benefits.",deal,1
45,7,candidate,0,78,90,"I reject 60,000. I am willing to have a salary of 120,000 I want a salary of 120,000",deal,1
45,8,employer,1,90,94,"60,000 is the absolute best offer I can give you.",deal,1
45,9,candidate,0,94,98,"I refuse 60,000. I would like a salary of 120,000",deal,1
45,10,employer,1,102,105.2,"I might be able to give you 90,000.",deal,1
45,11,candidate,0,105.2,114.4,"I agree with a salary of 90,000. Now let's talk about how we can agree on other issues. I want a company car",deal,1
45,12,employer,1,123.6,126.8,A car is not available with this position.,deal,1
45,13,candidate,0,126.8,129.2,I would like a company car,deal,1
45,14,employer,1,129.2,137.6,"I understand and would love to offer you a company car. However, we do not have that option at this time.",deal,1
45,15,candidate,0,137.6,140.8,I would like no agreement on leased car,deal,1
45,16,employer,1,140.8,142.8,I can agree to that.,deal,1
45,17,candidate,0,142.8,152,I would like a fast promotion track I am expecting a fast promotion track I am willing to have a fast promotion track,deal,1
45,18,employer,1,152,162.4,I am glad we are able to agree on that. I think you will be happy to know that we can certainly offer fast track promotion.,deal,1
45,19,candidate,0,162.4,169.6,I would like a workday of 8 hours I am willing to have a workday of 8 hours,deal,1
45,20,employer,1,169.6,176,8 hour work days are not an option. I can offer you a 12 hour day.,deal,1
45,21,candidate,0,182.4,188.8,I disagree about a workday of 10 hours. I would like a workday of 8 hours,deal,1
45,22,employer,1,195.2,198.4,I could not authorize less than 10 hours.,deal,1
45,23,candidate,0,198.4,203.2,I reject 10 hours. I am expecting a workday of 8 hours,deal,1
45,24,employer,1,208,214,I would consider allowing for 9 hours but that is the lowest we can go.,deal,1
45,25,candidate,0,214,220,I reject a workday of 9 hours. I am expecting a workday of 8 hours,deal,1
45,26,employer,1,226,234.8,I will have to reject you offer of 8 hours but would be willing to lower from my original 10 to 9.,deal,1
45,27,candidate,0,243.6,248,I reject 9 hours. I want a workday of 8 hours,deal,1
45,28,employer,1,252.4,256,I would consider offering a pension plan as well.,deal,1
45,29,candidate,0,256,258.4,I want a pension of 20%,deal,1
45,30,employer,1,258.4,260.4,I can give you 10%.,deal,1
45,31,candidate,0,260.4,262.8,I want a pension of 20%,deal,1
45,32,employer,1,262.8,266.4,You said you wanted 20%. I am offering 10%.,deal,1
45,33,candidate,0,270,288.4,I accept 10%. I would like to move on. I am willing to have a workday of 8 hours I would like a workday of 8 hours,deal,1
45,34,employer,1,288.4,302,"8 hours is not an option. For this position you must work 10 hours. However, because I think you are exceptionally well suited to the job I am willing to offer you 9 hours",deal,1
45,35,candidate,0,315.6,318.8,I agree with a workday of 9 hours,deal,1
46,1,candidate,0,0,8.4,Hello. I would like to discuss the issues of my contract. I am willing to have a position of project manager,deal,1
46,2,employer,1,8.4,14.4,You can be a PM but pay will be lower.  Highest pay goes to programmers.,deal,1
46,3,candidate,0,14.4,17.2,"I would like a salary of 120,000",deal,1
46,4,employer,1,17.2,20,"Not a chance.  PM gets 60,000 here.",deal,1
46,5,candidate,0,22.8,30.8,"I accept 60,000. Now let's talk about how we can agree on other issues. I am expecting a company car",deal,1
46,6,employer,1,38.8,41.2,There will be no company car,deal,1
46,7,candidate,0,41.2,43.6,I would like a company car,deal,1
46,8,employer,1,43.6,45.6,You will be a programmer,deal,1
46,9,candidate,0,45.6,51.2,I reject a position of programmer. I am expecting a position of project manager,deal,1
46,10,employer,1,56.8,60,We can not give you a company car,deal,1
46,11,candidate,0,60,64,I refuse no company car. I want a company car,deal,1
46,12,employer,1,68,73.6,If you will accept a programmer position we will give you a company car,deal,1
46,13,candidate,0,79.2,81.2,I reject the previous offer,deal,1
46,14,employer,1,81.2,86.4,If you accept a QA position we will give you a company car,deal,1
46,15,candidate,0,91.6,93.6,I disagree with the offer,deal,1
46,16,employer,1,93.6,100.4,If you accept a programmer position I will give you 20% pension fund and a company car.,deal,1
46,17,candidate,0,114,115,I refuse,deal,1
46,18,employer,1,115,124.2,"Ok, I offer you a 10 hour work day, 0% pension fund, and a slow promotion track in exchange for a company car.",deal,1
46,19,candidate,0,151.8,153.8,I disagree with the offer,deal,1
46,20,employer,1,153.8,155.4,what do you want,deal,1
46,21,candidate,0,155.4,157.8,What do you have to suggest?,deal,1
46,22,employer,1,157.8,159.8,I offer 0% pension fund,deal,1
46,23,candidate,0,159.8,165.4,I disagree about a pension of 0%. I am expecting a pension of 20%,deal,1
46,24,employer,1,171,175.4,I will give you 20% if you work 10 hour days,deal,1
46,25,candidate,0,179.8,188.2,I reject the previous offer. I would like a workday of 8 hours and I would like a pension of 10%,deal,1
46,26,employer,1,205,208.2,let's settle on 9 hours and 20% pension,deal,1
46,27,candidate,0,211.4,219,I refuse. I am willing to have a workday of 8 hours and I want a pension of 10%,deal,1
46,28,employer,1,234.2,239.8,"Ok, how about a 9 hour workday with a company car and 20% pension",deal,1
46,29,candidate,0,251,252,I refuse,deal,1
46,30,employer,1,252,254,"Fine, what do you want?",deal,1
46,31,candidate,0,254,256.4,What are you willing to offer?,deal,1
46,32,employer,1,256.4,264.4,"I will give you 90,000 for a programmer with a leased car, 20% pension, fast promotion tack, working 9 hours",deal,1
46,33,candidate,0,304.4,305.4,I agree,deal,1
46,34,employer,1,305.4,307.4,I agree too.  Let's sign.,deal,1
47,1,candidate,0,0,7.6,Hello. I would like to discuss the issues of my contract. I would like a position of project manager,deal,1
47,2,employer,1,7.6,8.6,hi,deal,1
47,3,candidate,0,8.6,21.4,I would like a position of project manager I want a position of project manager I am willing to have a position of project manager,deal,1
47,4,employer,1,21.4,22.6,how about  QA?,deal,1
47,5,candidate,0,22.6,38.2,I reject qa position. I am expecting a position of project manager I am expecting a position of project manager I want a position of project manager,deal,1
47,6,employer,1,38.2,39.8,that position is filled,deal,1
47,7,candidate,0,39.8,42.2,I want a position of programmer,deal,1
47,8,employer,1,42.2,43.2,great!,deal,1
47,9,candidate,0,43.2,45.6,"I want a salary of 120,000",deal,1
47,10,employer,1,45.6,48,let's discuss hours things before salary,deal,1
47,11,candidate,0,48,51.2,I would like a workday of 8 hours,deal,1
47,12,employer,1,51.2,56,at the moment i need someone to work 10 hours a day,deal,1
47,13,candidate,0,56,68.4,I refuse 10 hours. I am expecting a workday of 8 hours I want a workday of 8 hours,deal,1
47,14,employer,1,68.4,70,compromise on 9 hours?,deal,1
47,15,candidate,0,70,76,I reject a workday of 9 hours. I would like a workday of 8 hours,deal,1
47,16,employer,1,82,83,i'm sorry,deal,1
47,17,candidate,0,83,91.4,I want a workday of 9 hours. But I must change our previous agreement. I want a position of project manager,deal,1
47,18,employer,1,99.8,103,i'm not looking for a project manager anymore,deal,1
47,19,candidate,0,103,105.8,I would like a position of programmer,deal,1
47,20,employer,1,105.8,107,we discussed that,deal,1
47,21,candidate,0,107,109.8,"I would like a salary of 120,000",deal,1
47,22,employer,1,109.8,114.6,i need a programmer who works at least 9 hours a day,deal,1
47,23,candidate,0,114.6,125.4,"I accept a workday of 9 hours. Now let's talk about how we can agree on other issues. I am willing to have a salary of 120,000",deal,1
47,24,employer,1,136.2,137.8,let's discuss promotion possibilities,deal,1
47,25,candidate,0,137.8,140.6,I am expecting a fast promotion track,deal,1
47,26,employer,1,140.6,141.6,okay,deal,1
47,27,candidate,0,141.6,145.2,"I am willing to have a salary of 120,000",deal,1
47,28,employer,1,145.2,153.2,"because i gave you the fast promotion track, i can only offer a salary of 60,000 USD. this is non-negotiable",deal,1
47,29,candidate,0,153.2,156.8,"I reject 60,000. I want a salary of 120,000",deal,1
47,30,employer,1,160.4,162,out of the question,deal,1
47,31,candidate,0,162,164.4,What do you have to suggest?,deal,1
47,32,employer,1,164.4,167.2,perhaps we can discuss pension conditions first,deal,1
47,33,candidate,0,167.2,170.8,I am willing to have a pension of 20%,deal,1
47,34,employer,1,170.8,171.8,deal,deal,1
47,35,candidate,0,171.8,174.2,"I want a salary of 120,000",deal,1
47,36,employer,1,174.2,181.8,"you had your choice of pension fund and promotion possibilities. therefore, you are looking at a 60,000 USD salary",deal,1
47,37,candidate,0,181.8,185.8,"I refuse 60,000. I would like a salary of 120,000",deal,1
47,38,employer,1,189.8,190.8,no,deal,1
47,39,candidate,0,190.8,193.2,What are you willing to offer?,deal,1
47,40,employer,1,193.2,194.2,"90,000",deal,1
47,41,candidate,0,194.2,203.4,"I agree with a salary of 90,000. Now let's talk about how we can agree on other issues. I want a company car",deal,1
47,42,employer,1,212.6,215,"only if the salary is 60,000",deal,1
47,43,candidate,0,215,239,"I agree with a salary of 60,000. Now let's talk about how we can agree on other issues. I am expecting a company car I am expecting a company car I would like a company car",deal,1
48,1,candidate,0,0,8.4,Hello. I would like to discuss the issues of my contract. I am willing to have a position of project manager,deal,1
48,2,employer,1,8.4,20.8,I feel that you would be a better fit in our organization as a Programmer. This seems to be a position that would accommodate us both nicely. What do you think?,deal,1
48,3,candidate,0,20.8,46,"I agree with a position of programmer. Now let's talk about how we can agree on other issues. I am willing to have a salary of 120,000 I am willing to have a salary of 120,000",deal,1
48,4,employer,1,46,58,"120,000 is the high end of our compensation package. We feel that 90,000 would be a better starting place in light of the other benefits that your plan will entail.",deal,1
48,5,candidate,0,70,74,"I refuse 90,000. I am expecting a salary of 120,000",deal,1
48,6,employer,1,78,86,I understand your position but I hope you understand that if you want higher salary it will entail fewer benefits.,deal,1
48,7,candidate,0,86,106.4,"I would like a salary of 90,000. But I must change our previous agreement. I would like a position of project manager I would like a salary of 120,000",deal,1
48,8,employer,1,106.4,122,"I'm sorry we already agreed upon programmer. I will offer you a salary of 120,000 if you remain in the programmer position. Should you feel the need to re-define your roll now a salary drop will come with it.",deal,1
48,9,candidate,0,137.6,157.6,I agree with the offer. Now let's talk about how we can agree on other issues. I am expecting a company car I am expecting a company car,deal,1
48,10,employer,1,157.6,175.6,I offered you the highest compensation package we have. In exchange for that large sum of yearly funds it is the feeling of the company that you can provide your own transportation and therefore we are in favor of you working without a leased car.,deal,1
48,11,candidate,0,175.6,182.4,I accept no company car. Let's proceed to another issue. I am expecting a fast promotion track,deal,1
48,12,employer,1,189.2,195.6,You skills are consistent with this request. I agree to a fast promotion rack for you.,deal,1
48,13,candidate,0,195.6,201.6,I want a workday of 8 hours I am expecting a workday of 8 hours,deal,1
48,14,employer,1,201.6,211.6,"The industry minimum is 9 hours but we would prefer 10 given your fact track toward promotion, large salary, and good position in the company.",deal,1
48,15,candidate,0,211.6,218,I disagree about a workday of 10 hours. I am expecting a workday of 8 hours,deal,1
48,16,employer,1,224.4,230.4,How about we meet in the middle and agree upon a 9 hour work day?,deal,1
48,17,candidate,0,230.4,237.2,I reject a workday of 9 hours. I am willing to have a workday of 8 hours,deal,1
48,18,employer,1,244,254,In regard to your pension fund I believe 10% would be a fair place to start given your generous salary and fast track for management,deal,1
48,19,candidate,0,254,269.6,I accept 10%. I would like to move on. I want a workday of 8 hours I want a workday of 8 hours,deal,1
48,20,employer,1,269.6,286.8,"We believe that 9 hours is a better choice due to your large compensation package, generous promotion track, and powerful position within the company. Furthermore we'd be willing to provide you with a leased car in exchange for a 9 hour work day.",deal,1
48,21,candidate,0,304,330,I disagree. I am expecting a workday of 8 hours and I would like no agreement on leased car I am expecting a workday of 8 hours,deal,1
48,22,employer,1,330,338.8,I'm sorry we formerly agreed to no without a leased car and I am going to expect you to maintain that position.,deal,1
48,23,candidate,0,338.8,346.4,I agree with no company car. I would like to move on. I want a workday of 8 hours,deal,1
48,24,employer,1,354,362.4,Is there nothing I can say that will make you be willing to accept a 9 or 10 hour work day?,deal,1
48,25,candidate,0,362.4,367.2,I reject 9 hours. I would like a workday of 8 hours,deal,1
48,26,employer,1,372,380,"Very well but in exchange for an 8 hour work day I would like to accept a salary of 90,000.",deal,1
48,27,candidate,0,388,390,I accept the previous offer,deal,1
48,28,employer,1,390,398.4,The previous offer is no longer valid. If you are willing to work 9 hours I will offer you more money.,deal,1
48,29,candidate,0,398.4,404.4,I reject a workday of 9 hours. I am expecting a workday of 8 hours,deal,1
48,30,employer,1,410.4,417.2,"For 8 hours we feel a 90,000 salary is the outer realm of fair I can accommodate.",deal,1
48,31,candidate,0,424,426,I agree with the offer,deal,1
48,32,employer,1,426,432,"You can have an 8 hour work day but that comes with a 90,000 salary.",deal,1
48,33,candidate,0,438,439,I agree,deal,1
48,34,employer,1,439,444.6,"Please agree to the 90,000 salary offer and we can sign this agreement then.",deal,1
48,35,candidate,0,444.6,446.6,I accept the previous offer,deal,1
49,1,candidate,0,0,10,Hello. I would like to discuss the issues of my contract. I demand a position of project manager I want a position of project manager,deal,1
49,2,employer,1,10,29.6,"We're happy to offer you the position of project manager; however, that will mean a slow promotion track and no leased car at your disposal.  If you are willing to accept those terms, along with the $60,000/year salary, 10-hour work day and 10% pension fund, we have an agreement.",deal,1
49,3,candidate,0,127.6,132.6,I refuse I am willing to have a position of project manager,deal,1
49,4,employer,1,132.6,140.6,"Yes, we're offering that.  What is the sticking point for you?  What particular term of the negotiation are you rejecting?",deal,1
49,5,candidate,0,140.6,145.8,"I am expecting a salary of 120,000 I demand a salary of 120,000",deal,1
49,6,employer,1,145.8,151,"120,000 is very high end.  We are willing to offer you 90,000/year; however.",deal,1
49,7,candidate,0,156.2,174.6,"I accept 90,000. Now let's talk about how we can agree on other issues. I am expecting a company car I am expecting a company car",deal,1
49,8,employer,1,174.6,178.2,We can offer you a leased car.  That's fine.,deal,1
49,9,candidate,0,178.2,183.4,I demand a fast promotion track I am expecting a fast promotion track,deal,1
49,10,employer,1,183.4,193.8,"I can offer you a fast promotion track, provided you continue with the terms on which we've already agreed, plus agree to the 10 work hours.",deal,1
49,11,candidate,0,204.2,221.4,I accept the previous offer. Let's discuss another issue. I am willing to have a pension of 20% I am expecting a pension of 20%,deal,1
49,12,employer,1,221.4,227.8,"We're willing to offer the 20% pension plan, provided you agree to all the other terms.",deal,1
50,1,candidate,0,0,8.4,Hello. I would like to discuss the issues of my contract. I am willing to have a position of project manager,deal,1
50,2,employer,1,8.4,12.6,Hi Will you be willing to be a programmer?,deal,1
50,3,candidate,0,12.6,21.4,"I accept programmer position. Now let's talk about how we can agree on other issues. I am expecting a salary of 120,000",deal,1
50,4,employer,1,30.2,33.8,"That's out of the question. I can give 60,000",deal,1
50,5,candidate,0,37.4,47,"I refuse 60,000. I want a salary of 120,000 I want a salary of 120,000",deal,1
50,6,employer,1,47,51.4,Then we won't be able to get to an agreement then,deal,1
50,7,candidate,0,51.4,60.6,"I want a salary of 90,000. But I must change our previous agreement. I am willing to have a position of project manager",deal,1
50,8,employer,1,69.8,73.4,"I am only authorize to offer that amount. 60,000",deal,1
50,9,candidate,0,73.4,78.6,"I reject a salary of 60,000. I would like a salary of 120,000",deal,1
50,10,employer,1,83.8,86.6,"A salary of 90,000 for programmer position",deal,1
50,11,candidate,0,89.4,97.4,"I disagree. I would like a salary of 120,000 and I am willing to have a position of project manager",deal,1
50,12,employer,1,113.4,116.6,"I can only offer 90,000 to a programmer",deal,1
50,13,candidate,0,119.8,127.8,"I reject the previous offer. I am expecting a salary of 120,000 and I demand a position of project manager",deal,1
50,14,employer,1,143.8,145.4,I cannot do that.,deal,1
50,15,candidate,0,145.4,148.2,I would like a position of programmer,deal,1
50,16,employer,1,148.2,151.8,"90,000 for a programmer position is my final offer.",deal,1
50,17,candidate,0,155.4,162.6,I agree. Now let's talk about how we can agree on other issues. I want a company car,deal,1
50,18,employer,1,169.8,171.4,we don't offer cars,deal,1
50,19,candidate,0,171.4,173.8,I would like a company car,deal,1
50,20,employer,1,173.8,178.6,no company cars but i can issue a pension fund of 10%,deal,1
50,21,candidate,0,183.4,184.4,I refuse,deal,1
50,22,employer,1,184.4,189.2,i can also throw in an assurance for a fast promotion track,deal,1
50,23,candidate,0,189.2,198.8,I agree with a fast promotion track. Now let's talk about how we can agree on other issues. I am expecting a company car,deal,1
50,24,employer,1,208.4,215.2,I can only agree on the fast promotion track if you can work without a company car,deal,1
50,25,candidate,0,222,223,I refuse,deal,1
50,26,employer,1,223,227.8,A pension of 10% is worth way more than a company car,deal,1
50,27,candidate,0,232.6,234.6,I reject the previous offer,deal,1
50,28,employer,1,234.6,247,How about you just work 9 hours a day instead of 10 hours and ill throw in the pension at 10% the fast promotion track as well but no company car,deal,1
50,29,candidate,0,284.2,288.2,I reject the previous offer I want a company car,deal,1
50,30,employer,1,288.2,296.6,Fast promotion Track + 10% pension fund + no company car + 9 hours working time. that is my final offer,deal,1
50,31,candidate,0,321.8,322.8,I disagree,deal,1
50,32,employer,1,322.8,328.4,ill give you the company car if and only if you work 10 hours,deal,1
50,33,candidate,0,334,340,I accept the previous offer. Let's discuss another issue. I want a pension of 20%,deal,1
50,34,employer,1,346,349,no 10% is my final offer,deal,1
50,35,candidate,0,349,353.8,I reject 10%. I am willing to have a pension of 20%,deal,1
50,36,employer,1,358.6,363.8,i reject that offer and am willing to give you 10% pension fund,deal,1
50,37,candidate,0,369,372.6,I refuse 10%. I demand a pension of 20%,deal,1
50,38,employer,1,376.2,380.2,10% pension fund plus fast promotion track. and that's it.,deal,1
50,39,candidate,0,384.2,385.2,I refuse,deal,1
50,40,employer,1,385.2,392,With an assurance of fast promotion you can get a higher base calculation for the 10% anyway.,deal,1
50,41,candidate,0,398.8,404.4,I disagree with the offer I am willing to have a pension of 20%,deal,1
50,42,employer,1,404.4,406,10% and fast promotion,deal,1
50,43,candidate,0,407.6,408.6,I agree,deal,1
50,44,employer,1,408.6,411.4,you agree with 10% and fast promotion?,deal,1
50,45,candidate,0,414.2,415.2,I agree,deal,1
51,1,candidate,0,0,7.6,Hello. I would like to discuss the issues of my contract. I am expecting a position of project manager,deal,1
51,2,employer,1,7.6,9.2,How about Team Manager?,deal,1
51,3,candidate,0,9.2,18,"I accept team manager position. Now let's talk about how we can agree on other issues. I want a salary of 120,000",deal,1
51,4,employer,1,26.8,29.2,"How about a salary of 60,000",deal,1
51,5,candidate,0,29.2,35.6,"I disagree about a salary of 60,000. I am willing to have a salary of 120,000",deal,1
51,6,employer,1,42,45.2,"I will only do a salary of 90,000",deal,1
51,7,candidate,0,45.2,50.4,"I reject a salary of 90,000. I am expecting a salary of 120,000",deal,1
51,8,employer,1,55.6,57.6,"No a salary of 90,000.",deal,1
51,9,candidate,0,59.6,65.6,"I reject a salary of 90,000. I am willing to have a salary of 120,000",deal,1
51,10,employer,1,71.6,73.6,Lets talk about the Pension,deal,1
51,11,candidate,0,73.6,76,I want a pension of 20%,deal,1
51,12,employer,1,76,79.2,I can give you a pension of 10%.,deal,1
51,13,candidate,0,79.2,102,"I agree with a pension of 10%. Now let's talk about how we can agree on other issues. I want a salary of 120,000 I am willing to have a salary of 120,000",deal,1
51,14,employer,1,102,104.4,No. lets talk about the promotion.,deal,1
51,15,candidate,0,106.8,111.6,"I want a fast promotion track I want a salary of 90,000",deal,1
51,16,employer,1,111.6,113.6,I agree to the salary.,deal,1
51,17,candidate,0,113.6,116,I want a fast promotion track,deal,1
51,18,employer,1,116,117,I agree,deal,1
51,19,candidate,0,117,120.2,I am willing to have a company car,deal,1
51,20,employer,1,120.2,122.2,Lets talk about work hours.,deal,1
51,21,candidate,0,122.2,125.4,I am expecting a workday of 8 hours,deal,1
51,22,employer,1,125.4,132.2,I am expecting a workday of 10 hours. If you do you will receive a company car.,deal,1
51,23,candidate,0,139,141,I reject the previous offer,deal,1
51,24,employer,1,141,144.6,I can then give you a 9 hour workday.,deal,1
51,25,candidate,0,144.6,148.6,I refuse 9 hours What are you willing to offer?,deal,1
51,26,employer,1,148.6,150.2,A 9 hour workday.,deal,1
51,27,candidate,0,150.2,169.4,I disagree about a workday of 9 hours. I am expecting a workday of 8 hours I am willing to have a company car I would like no agreement on leased car,deal,1
51,28,employer,1,169.4,170.4,No car.,deal,1
51,29,candidate,0,170.4,189.6,I agree with no company car. I would like to move on. I would like a workday of 8 hours I would like a workday of 8 hours,deal,1
51,30,employer,1,189.6,192,How about you be a programmer,deal,1
51,31,candidate,0,192,199.2,I accept programmer position. I would like to move on. I am expecting a workday of 8 hours,deal,1
51,32,employer,1,206.4,209.2,I agree to the 8 hour workday.,deal,1
52,1,candidate,0,0,11.2,Hello. I would like to discuss the issues of my contract. I demand a position of project manager I am willing to have a position of project manager,deal,1
52,2,employer,1,11.2,15.6,"I cannot offer more than $60,000 salary for a project manager.",deal,1
52,3,candidate,0,20,40.8,I agree with the offer. I would like to move on. I am willing to have a workday of 8 hours I am willing to have a workday of 8 hours,deal,1
52,4,employer,1,40.8,47.6,If you work a 10 hour workday I can offer Fast promotion track and 10% pension fund.,deal,1
52,5,candidate,0,61.2,81.2,I agree with the offer. Now let's talk about how we can agree on other issues. I want a company car I am willing to have a company car,deal,1
52,6,employer,1,81.2,86,I will offer a car if you take a programmer position only.,deal,1
52,7,candidate,0,90.8,100.4,I disagree with the offer. I would like no agreement on leased car and I am willing to have a position of project manager,deal,1
52,8,employer,1,119.6,120.6,I agree,deal,1
53,1,candidate,0,0,10,Hello. I would like to discuss the issues of my contract. I want a position of project manager I demand a position of project manager,no_deal,0
53,2,employer,1,10,16,I have changed the contract to the position of project manager. Does this satisfy you?,no_deal,0
53,3,candidate,0,16,19.6,"I am willing to have a salary of 120,000",no_deal,0
53,4,employer,1,19.6,23.2,"The most te company can offer you is 90,000.",no_deal,0
53,5,candidate,0,23.2,32.4,"I agree with a salary of 90,000. I would like to move on. I am willing to have a workday of 8 hours",no_deal,0
53,6,employer,1,41.6,46,I am sorry. The best we can do is 9 hours.,no_deal,0
53,7,candidate,0,46,51.6,I accept 9 hours. Let's discuss another issue. I demand a pension of 20%,no_deal,0
53,8,employer,1,57.2,59.6,I can agree to that pension.,no_deal,0
53,9,candidate,0,59.6,62,I want a fast promotion track,no_deal,0
53,10,employer,1,62,63.2,You got it.,no_deal,0
53,11,candidate,0,63.2,65.6,I am expecting a company car,no_deal,0
53,12,employer,1,68,72.4,We do not have company cars available. This is not optional.,no_deal,0
53,13,candidate,0,72.4,74.8,I would like a company car,no_deal,0
53,14,employer,1,77.2,82.8,"As I have generously compromised on all other negotiations, I believe negotiations are over.",no_deal,0
54,1,candidate,0,0,7.2,Hello. I would like to discuss the issues of my contract. I want a position of project manager,deal,1
54,2,employer,1,7.2,10.4,I am offering the position of team manager,deal,1
54,3,candidate,0,10.4,20.4,"I agree with a position of team manager. Now let's talk about how we can agree on other issues. I want a salary of 120,000",deal,1
54,4,employer,1,30.4,33.2,"I can offer a salary of 90,000",deal,1
54,5,candidate,0,33.2,37.2,"I reject 90,000. I am expecting a salary of 120,000",deal,1
54,6,employer,1,41.2,44,"I cannot offer more than 90,000 salary",deal,1
54,7,candidate,0,44,47.6,"I refuse 90,000. I want a salary of 120,000",deal,1
54,8,employer,1,51.2,54.4,"Perhaps you would prefer a salary of 60,000",deal,1
54,9,candidate,0,54.4,58.4,"I reject 60,000. I would like a salary of 120,000",deal,1
54,10,employer,1,62.4,65.2,"I am offering a salary of 90,000",deal,1
54,11,candidate,0,65.2,70,"I reject a salary of 90,000. I want a salary of 120,000",deal,1
54,12,employer,1,74.8,78.8,"No, we cannot offer you that much. I offer 90,000",deal,1
54,13,candidate,0,82.8,85.6,"I would like a salary of 90,000",deal,1
54,14,employer,1,85.6,86.8,"We accept 90,000",deal,1
54,15,candidate,0,86.8,88.8,I demand a company car,deal,1
54,16,employer,1,88.8,91.6,We cannot give you a company car,deal,1
54,17,candidate,0,91.6,98.4,I demand a company car I am expecting a company car I would like a company car,deal,1
54,18,employer,1,98.4,101.2,We cannot offer you a company car,deal,1
54,19,candidate,0,101.2,103.6,I would like a company car,deal,1
54,20,employer,1,103.6,106,There is no company car available,deal,1
54,21,candidate,0,106,110,I am willing to have no agreement on leased car,deal,1
54,22,employer,1,110,113.6,I would like to agree to no company car,deal,1
54,23,candidate,0,113.6,118.4,I disagree about no company car. I am expecting a company car,deal,1
54,24,employer,1,123.2,125.6,You cannot have a company car,deal,1
54,25,candidate,0,125.6,128.4,I want no agreement on leased car,deal,1
54,26,employer,1,128.4,129.4,agreed,deal,1
54,27,candidate,0,129.4,133,I am willing to have a fast promotion track,deal,1
54,28,employer,1,133,135.8,I agree to fast track promotion track,deal,1
54,29,candidate,0,135.8,139.8,I am willing to have a workday of 8 hours,deal,1
54,30,employer,1,139.8,142.6,We would prefer 10 hour work days,deal,1
54,31,candidate,0,142.6,148.6,I disagree about a workday of 10 hours. I want a workday of 8 hours,deal,1
54,32,employer,1,154.6,157,We demand 10 hour work days,deal,1
54,33,candidate,0,157,162.6,I reject a workday of 10 hours. I demand a workday of 8 hours,deal,1
54,34,employer,1,168.2,170.6,We demand 10 hour work days,deal,1
54,35,candidate,0,170.6,176.6,I disagree about a workday of 10 hours. I demand a workday of 8 hours,deal,1
54,36,employer,1,182.6,185.8,"I disagree, I can offer 9 hour workdays",deal,1
54,37,candidate,0,189,191.4,What are you willing to offer?,deal,1
54,38,employer,1,191.4,193.8,I can offer 9 hour workdays,deal,1
54,39,candidate,0,193.8,198.2,I reject 9 hours. I demand a workday of 8 hours,deal,1
54,40,employer,1,202.6,205.4,I disagree. I offer 9 hour workdays,deal,1
54,41,candidate,0,208.2,211,I want a workday of 8 hours,deal,1
54,42,employer,1,211,215.4,I reject 8 hours. I want a workday of 9 hours,deal,1
54,43,candidate,0,219.8,225.8,I accept 9 hours. Let's discuss another issue. I am expecting a pension of 20%,deal,1
54,44,employer,1,231.8,234.2,Best I can offer is 10%,deal,1
54,45,candidate,0,234.2,239.8,I disagree about a pension of 10%. I would like a pension of 20%,deal,1
54,46,employer,1,245.4,247.8,I reject 20%. I offer 10%,deal,1
54,47,candidate,0,250.2,255,I reject 10%. I am willing to have a pension of 20%,deal,1
54,48,employer,1,259.8,261,I accept 20%,deal,1
55,1,candidate,0,0,7.6,Hello. I would like to discuss the issues of my contract. I would like a position of project manager,deal,1
55,2,employer,1,7.6,10.4,"Sure, what would yo like to discuss?",deal,1
55,3,candidate,0,10.4,13.2,I want a position of project manager,deal,1
55,4,employer,1,13.2,21.2,"Okay, we can do that. What Salary are you looking for? I'm thinking starting off at 60,000 would be good.",deal,1
55,5,candidate,0,37.2,48,"I am willing to have a salary of 120,000 I agree. Now let's talk about how we can agree on other issues. I want a company car",deal,1
55,6,employer,1,55.2,58.4,"How about we meet in the middle, 90,000?",deal,1
55,7,candidate,0,58.4,67.2,"I accept a salary of 90,000. Now let's talk about how we can agree on other issues. I want a company car",deal,1
55,8,employer,1,76,84.4,"Maybe over time we can provide a car, at right now at the start I have to provide no leased car.",deal,1
55,9,candidate,0,84.4,86.8,I am expecting a company car,deal,1
55,10,employer,1,86.8,90.8,"Okay, I will go ahead and okay the leased car.",deal,1
55,11,candidate,0,90.8,94.4,I am willing to have a fast promotion track,deal,1
55,12,employer,1,94.4,96.4,Is 0% pension fund okay?,deal,1
55,13,candidate,0,96.4,100.4,I reject 0%. I would like a pension of 20%,deal,1
55,14,employer,1,104.4,107.6,"How about we meet in the middle, 10%?",deal,1
55,15,candidate,0,107.6,114.4,I accept a pension of 10%. Let's proceed to another issue. I want a fast promotion track,deal,1
55,16,employer,1,121.2,124.4,Fast promotion track is good. I'll approve it.,deal,1
55,17,candidate,0,124.4,127.6,I am expecting a workday of 8 hours,deal,1
55,18,employer,1,127.6,137.6,"How about 10 hours? I've worked with you on getting you a company car and fast promotion track, can you do 10 hours for me?",deal,1
55,19,candidate,0,137.6,142,I reject 10 hours. I want a workday of 8 hours,deal,1
55,20,employer,1,146.4,150.4,"How about we meet in the middle again, 9 hours?",deal,1
55,21,candidate,0,150.4,155.2,I reject 9 hours. I am expecting a workday of 8 hours,deal,1
55,22,employer,1,160,162.8,Best I can do is 9 hours.,deal,1
55,23,candidate,0,162.8,164.8,I accept the previous offer,deal,1
56,1,candidate,0,0,7.2,Hello. I would like to discuss the issues of my contract. I want a position of project manager,deal,1
56,2,employer,1,7.2,10.4,What are you thinking in terms of salary?,deal,1
56,3,candidate,0,10.4,13.2,"I would like a salary of 120,000",deal,1
56,4,employer,1,13.2,16.4,How many hours are you willing to work?,deal,1
56,5,candidate,0,16.4,19.6,I am expecting a workday of 8 hours,deal,1
56,6,employer,1,19.6,27.2,"If you are wanting a salary of 120,00 you are going to have to work more than 8 hours.",deal,1
56,7,candidate,0,34.8,43.6,I agree with the offer. I would like to continue and discuss another issue. I am expecting a position of project manager,deal,1
56,8,employer,1,52.4,56,"okay, what are you expecting in your promotion possibilities?",deal,1
56,9,candidate,0,56,59.6,I am willing to have a fast promotion track,deal,1
56,10,employer,1,59.6,62.4,Okay and what about your car situation?,deal,1
56,11,candidate,0,62.4,64.8,I am expecting a company car,deal,1
56,12,employer,1,64.8,67.6,Okay and what about your pension fund?,deal,1
56,13,candidate,0,67.6,70,I want a pension of 20%,deal,1
56,14,employer,1,70,71,Okay,deal,1
56,15,candidate,0,71,77.4,I am expecting a position of project manager I would like a position of project manager,deal,1
56,16,employer,1,77.4,84.2,I'll give you that position but the terms of your salary and work hours is my issue.,deal,1
56,17,candidate,0,84.2,86.6,I would like a company car,deal,1
56,18,employer,1,86.6,88.2,Okay that's fine also,deal,1
56,19,candidate,0,88.2,90.6,I want a fast promotion track,deal,1
56,20,employer,1,90.6,94.2,I can do 120K for 10 hours a day.,deal,1
56,21,candidate,0,97.8,101,I disagree about a workday of 9 hours,deal,1
56,22,employer,1,101,103.8,You can have the fast track promotion.,deal,1
57,1,candidate,0,0,7.2,Hello. I would like to discuss the issues of my contract. I demand a position of project manager,deal,1
57,2,employer,1,7.2,8.4,That sounds good.,deal,1
57,3,candidate,0,8.4,11.2,"I am expecting a salary of 120,000",deal,1
57,4,employer,1,11.2,15.2,"I can offer 90,000 and you work your salary up.",deal,1
57,5,candidate,0,15.2,24.8,"I agree with a salary of 90,000. Now let's talk about how we can agree on other issues. I would like a company car",deal,1
57,6,employer,1,34.4,36.8,You can have a company car.,deal,1
57,7,candidate,0,36.8,40.4,I am willing to have a fast promotion track,deal,1
57,8,employer,1,40.4,43.6,We can put you on the fast track.,deal,1
57,9,candidate,0,43.6,46.4,I want a workday of 8 hours,deal,1
57,10,employer,1,46.4,54,"As a project manager, you will need to put in longer hours. You would have a 10 hour workday.",deal,1
57,11,candidate,0,61.6,68.4,I reject a workday of 10 hours. I am willing to have a workday of 8 hours,deal,1
57,12,employer,1,75.2,80.4,We will not allow 8 hours. We can reduce it to 9 hours.,deal,1
57,13,candidate,0,85.6,92.8,I agree with a workday of 9 hours. Let's discuss another issue. I want a pension of 20%,deal,1
57,14,employer,1,100,102.4,You can have a 20% pension.,deal,1
58,1,candidate,0,0,7.2,Hello. I would like to discuss the issues of my contract. I demand a position of project manager,deal,1
58,2,employer,1,10,14,I offer you team maager with the fast promotion track,deal,1
58,3,candidate,0,18,36.8,"I agree. Now let's talk about how we can agree on other issues. I would like a salary of 120,000 I would like a salary of 120,000",deal,1
58,4,employer,1,36.8,42.8,"I can offer you 60,000 but with the fast promotion  track that will raise quickly",deal,1
58,5,candidate,0,48.8,49.8,I refuse,deal,1
58,6,employer,1,49.8,55,"I can give you a 20% pension fund with a 60,000 starting salary",deal,1
58,7,candidate,0,60.2,67.4,"I disagree. I demand a salary of 120,000 and I am willing to have a pension of 10%",deal,1
58,8,employer,1,81.8,86.6,"i can give you the 60,000 along with the project manager position",deal,1
58,9,candidate,0,91.4,100.2,I agree with the offer. Now let's talk about how we can agree on other issues. I would like a company car,deal,1
58,10,employer,1,109,110.2,No  leased car,deal,1
58,11,candidate,0,110.2,114.6,I refuse no company car. I would like a company car,deal,1
58,12,employer,1,119,120,I refuse,deal,1
58,13,candidate,0,120,123.2,I would like no agreement on leased car,deal,1
58,14,employer,1,123.2,127.6,you can have the leased car with the team manager position,deal,1
58,15,candidate,0,132,138.4,I agree. I would like to move on. I would like a workday of 8 hours,deal,1
58,16,employer,1,144.8,148.4,make it ten and we have a done deal,deal,1
58,17,candidate,0,148.4,150,I reject 10 hours,deal,1
58,18,employer,1,150,154,"i can bump your salary to 90,000 for 10 hours",deal,1
58,19,candidate,0,158,164,I agree with the offer. Let's discuss another issue. I want a pension of 20%,deal,1
58,20,employer,1,170,172,you already agreed to 10%,deal,1
58,21,candidate,0,172,173.2,I reject 10%,deal,1
58,22,employer,1,173.2,177.6,you can have it if you give up the leased car,deal,1
58,23,candidate,0,177.6,178.6,I disagree,deal,1
58,24,employer,1,178.6,183.4,i can give you the 20% with no agreement on the car,deal,1
58,25,candidate,0,188.2,189.2,I agree,deal,1
59,1,candidate,0,0,7.6,Hello. I would like to discuss the issues of my contract. I would like a position of project manager,deal,1
59,2,employer,1,7.6,11.4,Good Morning! OK I you can have project manager.,deal,1
59,3,candidate,0,11.4,16.6,"I want a salary of 120,000 I would like a salary of 120,000",deal,1
59,4,employer,1,16.6,18.6,"I can offer you 90,000",deal,1
59,5,candidate,0,18.6,37,"I accept 90,000. Now let's talk about how we can agree on other issues. I am expecting a company car I am expecting a company car",deal,1
59,6,employer,1,37,41.4,"I can do a car lease, if you can work 10hrs.",deal,1
59,7,candidate,0,45.8,54.2,I reject the previous offer. I am expecting a workday of 8 hours and I want no agreement on leased car,deal,1
59,8,employer,1,71,74.6,How about a 9hr work day with the car.,deal,1
59,9,candidate,0,78.2,97.4,I accept the previous offer. Let's proceed to another issue. I want a fast promotion track I would like a fast promotion track I am willing to have a fast promotion track,deal,1
59,10,employer,1,97.4,101.8,I can do a fast track with a 10% pension fund.,deal,1
59,11,candidate,0,106.2,109.6,I disagree What do you have to offer?,deal,1
59,12,employer,1,109.6,114.8,"Ok how about a fast track, 10 hr work day and 20% pension.",deal,1
59,13,candidate,0,125.2,127.2,I agree with the offer,deal,1
60,1,candidate,0,0,7.6,Hello. I would like to discuss the issues of my contract. I am expecting a position of project manager,deal,1
60,2,employer,1,7.6,8.6,I agree,deal,1
60,3,candidate,0,8.6,11.4,"I would like a salary of 120,000",deal,1
60,4,employer,1,11.4,12.4,I agree,deal,1
60,5,candidate,0,12.4,16.4,I want a company car I demand a company car,deal,1
60,6,employer,1,16.4,17.4,leased car,deal,1
60,7,candidate,0,17.4,21,I am willing to have a fast promotion track,deal,1
60,8,employer,1,21,22,i agree,deal,1
60,9,candidate,0,22,25.2,I would like a workday of 8 hours,deal,1
60,10,employer,1,25.2,26.2,I agree,deal,1
60,11,candidate,0,26.2,28.6,I demand a pension of 20%,deal,1
60,12,employer,1,28.6,31.6,I agree Maybe you can work 10hours,deal,1
60,13,candidate,0,31.6,33.6,I agree with the offer,deal,1
61,1,candidate,0,0,7.6,Hello. I would like to discuss the issues of my contract. I would like a position of project manager,no_deal,0
61,2,employer,1,7.6,12.8,"I don't have that position open. However, there is an opening for programmer",no_deal,0
61,3,candidate,0,18,49.2,"I accept programmer position. Now let's talk about how we can agree on other issues. I am willing to have a salary of 120,000 I am expecting a salary of 120,000 I am willing to have a salary of 120,000 I would like a salary of 120,000",no_deal,0
61,4,employer,1,52,64.4,"If you can accept 90,000, work ten hours a day I can put you on the fast track for another promotion. It comes with a 10% pension plan and a car",no_deal,0
61,5,candidate,0,114,116,I disagree with the offer,no_deal,0
61,6,employer,1,116,117,Company car,no_deal,0
61,7,candidate,0,117,122.2,I disagree about a company car. I want no agreement on leased car,no_deal,0
61,8,employer,1,127.4,128.6,That is acceptable,no_deal,0
61,9,candidate,0,128.6,132.2,"I am willing to have a salary of 120,000",no_deal,0
61,10,employer,1,132.2,133.2,Agreed,no_deal,0
61,11,candidate,0,133.2,139.6,I am willing to have a fast promotion track I am expecting a fast promotion track,no_deal,0
61,12,employer,1,139.6,148.8,"If you can work the ten hour days and accept the rest of deal I will pay 120,00 and fast track your promotion",no_deal,0
61,13,candidate,0,167.2,175.6,I disagree with the offer I am expecting a fast promotion track I am willing to have a fast promotion track,no_deal,0
61,14,employer,1,179.2,187.6,"Okay fast track promotion, 120,000 salary, 10% pension, no car lease, ten hour days, fast track promotion. is this a deal",no_deal,0
61,15,candidate,0,221.2,222.2,I refuse,no_deal,0
61,16,employer,1,222.2,223.4,Thank you coming,no_deal,0
62,1,candidate,0,0,8.4,Hello. I would like to discuss the issues of my contract. I am willing to have a position of project manager,deal,1
62,2,employer,1,8.4,12.4,Would you be willing to have the position of Programmer?,deal,1
62,3,candidate,0,12.4,19.6,I reject the offer about the job description. I am willing to have a position of project manager,deal,1
62,4,employer,1,26.8,27.8,I agree.,deal,1
62,5,candidate,0,27.8,30.2,"I demand a salary of 120,000",deal,1
62,6,employer,1,30.2,35,"I cannot agree to that salary. I am allowed to offer 60,000.",deal,1
62,7,candidate,0,39.8,44.6,"I reject a salary of 60,000. I demand a salary of 120,000",deal,1
62,8,employer,1,49.4,53.4,"I am sorry, I cannot offer a salary of 120,000.",deal,1
62,9,candidate,0,53.4,58.2,"I want a salary of 120,000 I demand a salary of 120,000",deal,1
62,10,employer,1,58.2,63.8,"Could we meet in the middle at 90,000? I could perhaps make that happen.",deal,1
62,11,candidate,0,63.8,70.2,"I accept 90,000. I would like to move on. I want a workday of 8 hours",deal,1
62,12,employer,1,76.6,81,"For a salary of 90,000, I need at least 9 hours.",deal,1
62,13,candidate,0,81,87.8,I accept a workday of 9 hours. Let's discuss another issue. I want a pension of 20%,deal,1
62,14,employer,1,94.6,96.2,I agree to 20%.,deal,1
62,15,candidate,0,96.2,99,I would like a fast promotion track,deal,1
62,16,employer,1,99,101.8,"Agreed, I was hoping for the same.",deal,1
62,17,candidate,0,101.8,104.2,I would like a company car,deal,1
62,18,employer,1,104.2,106.6,I cannot offer a company car.,deal,1
62,19,candidate,0,106.6,108.6,I demand a company car,deal,1
62,20,employer,1,108.6,119.4,"And I cannot offer one, I am sorry. I have agreed to your terms. Will you refuse because I am not allowed to offer a company car?",deal,1
62,21,candidate,0,119.4,122.6,I am expecting no agreement on leased car,deal,1
62,22,employer,1,122.6,123.8,Understood and agreed.,deal,1
63,1,candidate,0,0,7.6,Hello. I would like to discuss the issues of my contract. I am expecting a position of project manager,deal,1
63,2,employer,1,7.6,9.2,Would you consider programmer?,deal,1
63,3,candidate,0,9.2,14,I reject programmer position. I would like a position of project manager,deal,1
63,4,employer,1,18.8,20.8,Would you consider team manager?,deal,1
63,5,candidate,0,20.8,26.8,I disagree about a position of team manager. I demand a position of project manager,deal,1
63,6,employer,1,32.8,34.4,I offer 60000 salary,deal,1
63,7,candidate,0,34.4,40.8,"I disagree about a salary of 60,000. I am willing to have a salary of 120,000",deal,1
63,8,employer,1,47.2,48.8,I offer no car,deal,1
63,9,candidate,0,48.8,57.6,I agree with no company car. I would like to continue and discuss another issue. I want a position of project manager,deal,1
63,10,employer,1,66.4,68.4,I offer 10 working hours,deal,1
63,11,candidate,0,68.4,72.8,I refuse 10 hours. I want a workday of 8 hours,deal,1
63,12,employer,1,77.2,80.4,I offer 10 working hours and project manager,deal,1
63,13,candidate,0,83.6,85.6,I disagree with the offer,deal,1
63,14,employer,1,85.6,90,I offer 10 working hours and project manager and fast track,deal,1
63,15,candidate,0,98.8,100.8,I reject the previous offer,deal,1
63,16,employer,1,100.8,105.2,I offer 10 working hours and project manager and 20% pension,deal,1
63,17,candidate,0,114,118.4,I disagree with the offer What do you have to offer?,deal,1
63,18,employer,1,118.4,126.4,offer 90000 salary and project manager and without leased car and 20% pension fund and fast track and 9 hours,deal,1
63,19,candidate,0,166.4,168.4,I accept the previous offer,deal,1
64,1,candidate,0,0,7.6,Hello. I would like to discuss the issues of my contract. I would like a position of project manager,deal,1
64,2,employer,1,7.6,12,"Hello, I would like to offer you the position of Programmer.",deal,1
64,3,candidate,0,16.4,25.2,I want a position of project manager I am expecting a position of project manager,deal,1
64,4,employer,1,25.2,30.8,"How about programmer, 60,000, 10 hours, 10% Pension Fun and fast track to promotion.",deal,1
64,5,candidate,0,53.2,54.2,I refuse,deal,1
64,6,employer,1,54.2,62.2,"Look, if you don't stay on track I will opt out of this negotiation. It's not worth it to me.",deal,1
64,7,candidate,0,62.2,67.8,What do you have to offer? I am expecting a position of project manager,deal,1
64,8,employer,1,67.8,76.2,"I offered you the project manager position for 60,000, with 10 hours, no leased car but a fast track to promotion.",deal,1
64,9,candidate,0,109.8,111.8,I reject the previous offer,deal,1
64,10,employer,1,111.8,118.2,"OK, why don't you say what you want then? I'm about ready to walk away here.",deal,1
64,11,candidate,0,118.2,121,I demand a position of project manager,deal,1
64,12,employer,1,121,123.4,I just offered it to you!,deal,1
64,13,candidate,0,123.4,125.8,"I demand a salary of 120,000",deal,1
64,14,employer,1,125.8,130.6,"I'm giving you one more chance, and then I am walking out.",deal,1
64,15,candidate,0,130.6,133,"I demand a salary of 90,000",deal,1
64,16,employer,1,133,137.4,"I offered it for 60,000, with a fast track to promotion.",deal,1
64,17,candidate,0,141.8,150.2,I agree. Now let's talk about how we can agree on other issues. I am willing to have a company car,deal,1
64,18,employer,1,158.6,163.4,"OK, I am done here. Good luck with finding your position elsewhere.",deal,1
64,19,candidate,0,163.4,166.2,I want no agreement on leased car,deal,1
64,20,employer,1,166.2,169.8,"Alright, so you accept the 60,000 and fast track?",deal,1
64,21,candidate,0,173.4,183,I accept the previous offer. Now let's talk about how we can agree on other issues. I am willing to have a company car,deal,1
64,22,employer,1,192.6,196.6,"How about no car, but 10% for your Pension Fund?",deal,1
64,23,candidate,0,200.6,228.2,I reject the previous offer. I would like a pension of 20% and I am willing to have a company car I would like a company car,deal,1
64,24,employer,1,228.2,234.2,"I would be willing to give you the 20% pension fund, but without leased car.",deal,1
64,25,candidate,0,240.2,258.6,I agree. I would like to move on. I am willing to have a workday of 8 hours I am willing to have a workday of 8 hours,deal,1
64,26,employer,1,258.6,261,How about compromising at 9 hours?,deal,1
64,27,candidate,0,261,263,I agree with the offer,deal,1
65,1,candidate,0,0,7.2,"Hello. I would like to discuss the issues of my contract. I am expecting a salary of 120,000",deal,1
65,2,employer,1,7.2,12,Hello. I would like to discuss the terms of your employment contract.,deal,1
65,3,candidate,0,12,19.6,"I demand a salary of 120,000 I would like a salary of 120,000",deal,1
65,4,employer,1,19.6,22.8,"The most we can offer you is 90,000.",deal,1
65,5,candidate,0,22.8,51.2,"I agree with a salary of 90,000. I would like to continue and discuss another issue. I demand a position of project manager I am expecting a position of project manager I demand a position of project manager I am willing to have a position of project manager",deal,1
65,6,employer,1,51.2,59.2,"At this time, the most we will be able to offer you is 90,000. However, your salary comes with benefits.",deal,1
65,7,candidate,0,59.2,79.2,I accept the salary. I would like to continue and discuss another issue. I want a position of project manager I am willing to have a position of project manager,deal,1
65,8,employer,1,79.2,84.8,"At this time, we are prepared to offer you the position of team manager.",deal,1
65,9,candidate,0,84.8,103.6,I agree with the offer about the job description. Let's discuss another issue. I am expecting a pension of 20% I would like a pension of 20%,deal,1
65,10,employer,1,103.6,106.4,We agree with the pension of 20%,deal,1
65,11,candidate,0,106.4,110.4,I am willing to have a workday of 8 hours,deal,1
65,12,employer,1,110.4,114.4,This position requires you to work at least 9 hours.,deal,1
65,13,candidate,0,114.4,136,I accept the offer about the working hours. Now let's talk about how we can agree on other issues. I demand a company car I am expecting a company car,deal,1
65,14,employer,1,136,142.4,"I am sorry, but we are unable to give you a company car at this time.",deal,1
65,15,candidate,0,142.4,146.8,I would like a company car I demand a company car,deal,1
65,16,employer,1,146.8,154.4,Giving you a company car would require you to either work 10 hours or drop your pension to 10%.,deal,1
65,17,candidate,0,162,178.4,I accept the previous offer. Let's proceed to another issue. I would like a fast promotion track I would like a fast promotion track,deal,1
65,18,employer,1,178.4,182.4,"At this time, I cannot promise you a fast promotion.",deal,1
65,19,candidate,0,182.4,188.8,I am expecting a fast promotion track I am willing to have a fast promotion track,deal,1
65,20,employer,1,188.8,201.2,"If you show the company what you're made of the first year, I am sure you will advance quickly. However, that is up to you. I cannot promise a fast promotion.",deal,1
65,21,candidate,0,201.2,209.2,I demand a fast promotion track I am expecting a fast promotion track I would like a fast promotion track,deal,1
65,22,employer,1,209.2,214.8,"After reviewing your file, we have decided to offer you a fast promotion track.",deal,1
66,1,candidate,0,0,7.6,Hello. I would like to discuss the issues of my contract. I am expecting a position of project manager,deal,1
66,2,employer,1,7.6,10,Were actually looking for a programmer.,deal,1
66,3,candidate,0,10,24,I disagree about a position of programmer. I demand a position of project manager I want a position of project manager,deal,1
66,4,employer,1,24,29.2,"You can have the position if you accept a salary of 60,000 USD",deal,1
66,5,candidate,0,29.2,36,"I refuse. I demand a salary of 120,000 and I am expecting a position of team manager",deal,1
66,6,employer,1,49.6,52.8,"For a team manager we can offer 90,000",deal,1
66,7,candidate,0,56,62.8,"I disagree. I would like a salary of 120,000 and I want a position of project manager",deal,1
66,8,employer,1,76.4,77.4,Not possible,deal,1
66,9,candidate,0,77.4,79.8,What are you willing to offer?,deal,1
66,10,employer,1,79.8,83,Team manager for 90000 and 9 working hours,deal,1
66,11,candidate,0,89.4,100.6,"I disagree with the offer. I am expecting a workday of 8 hours, I want a position of project manager and I am expecting a salary of 120,000",deal,1
66,12,employer,1,134.2,135.8,Were too far apart,deal,1
66,13,candidate,0,135.8,141.4,What do you have to suggest? I am expecting a position of team manager,deal,1
66,14,employer,1,144.6,151.4,"I suggest 90,000 team manager 9 working hours and you take your pick from the other categories",deal,1
66,15,candidate,0,165,174.6,"I disagree. I am expecting a workday of 8 hours, I want a position of project manager and I want a salary of 120,000",deal,1
66,16,employer,1,203.4,207.8,"Not possible, I'm beginning to think we are wasting our time.",deal,1
66,17,candidate,0,207.8,210.6,I want a position of project manager,deal,1
66,18,employer,1,210.6,211.6,Ok,deal,1
66,19,candidate,0,211.6,214.4,"I would like a salary of 120,000",deal,1
66,20,employer,1,214.4,220.8,ok if you accept 9 hours and I my choice on all of the other categories,deal,1
66,21,candidate,0,220.8,230.8,"I accept a workday of 9 hours. Now let's talk about how we can agree on other issues. I would like a salary of 120,000",deal,1
66,22,employer,1,240.8,246,Yes I agree to that but then I choose for the remaining categories,deal,1
66,23,candidate,0,246,249.2,I am willing to have a company car,deal,1
66,24,employer,1,249.2,250.2,salary 120000,deal,1
66,25,candidate,0,250.2,259.8,"I agree with a salary of 120,000. Now let's talk about how we can agree on other issues. I am expecting a company car",deal,1
66,26,employer,1,269.4,270.6,job project manager,deal,1
66,27,candidate,0,270.6,280.2,I agree with a position of project manager. Now let's talk about how we can agree on other issues. I demand a company car,deal,1
66,28,employer,1,289.8,291.4,I can't do that,deal,1
66,29,candidate,0,291.4,294.6,I would like no agreement on leased car,deal,1
66,30,employer,1,294.6,295.6,ok,deal,1
66,31,candidate,0,295.6,298,I demand a fast promotion track,deal,1
66,32,employer,1,298,299,agreed,deal,1
66,33,candidate,0,299,301.8,I am expecting a pension of 20%,deal,1
66,34,employer,1,301.8,308.6,I think it's time for you to give me something I want no agreement on the pension,deal,1
66,35,candidate,0,308.6,313.8,I disagree about no agreement on pension What do you have to offer?,deal,1
66,36,employer,1,313.8,316.2,for pension I want no agreement,deal,1
66,37,candidate,0,316.2,321,I reject no agreement on pension I demand a pension of 20%,deal,1
66,38,employer,1,321,325,Ok then we need to drop your salary to 90000,deal,1
66,39,candidate,0,325,331.8,"I agree with a salary of 90,000. Let's discuss another issue. I demand a pension of 20%",deal,1
66,40,employer,1,338.6,341.4,you can have your choice of pension,deal,1
67,1,candidate,0,0,7.6,Hello. I would like to discuss the issues of my contract. I am expecting a position of project manager,deal,1
67,2,employer,1,7.6,9.6,I am expecting a programmer,deal,1
67,3,candidate,0,9.6,20.4,"I agree with a position of programmer. Now let's talk about how we can agree on other issues. I am willing to have a salary of 120,000",deal,1
67,4,employer,1,31.2,32.2,90000 max,deal,1
67,5,candidate,0,32.2,35.8,"I refuse 90,000. I want a salary of 120,000",deal,1
67,6,employer,1,39.4,40.6,10 hours okay?,deal,1
67,7,candidate,0,40.6,46.2,I refuse 10 hours. I am willing to have a workday of 8 hours,deal,1
67,8,employer,1,51.8,54.2,without leased car and 10% PF,deal,1
67,9,candidate,0,56.6,62.6,I refuse. I am expecting a pension of 20% and I want a company car,deal,1
67,10,employer,1,74.6,77,"ok go for project manager 120,000",deal,1
67,11,candidate,0,79.4,87.8,I agree with the offer. Now let's talk about how we can agree on other issues. I want a company car,deal,1
67,12,employer,1,96.2,97.2,yeah sure,deal,1
67,13,candidate,0,97.2,100,I would like a fast promotion track,deal,1
67,14,employer,1,100,101.2,slow promotion track,deal,1
67,15,candidate,0,101.2,106.8,I disagree about a slow promotion track. I would like a fast promotion track,deal,1
67,16,employer,1,112.4,113.4,10 hours,deal,1
67,17,candidate,0,113.4,119.4,I reject a workday of 10 hours. I would like a workday of 9 hours,deal,1
67,18,employer,1,125.4,126.6,Okay you selected,deal,1
68,1,candidate,0,0,8.4,Hello. I would like to discuss the issues of my contract. I am willing to have a position of project manager,deal,1
68,2,employer,1,8.4,10.8,What salary are you looking for?,deal,1
68,3,candidate,0,10.8,13.6,"I am expecting a salary of 120,000",deal,1
68,4,employer,1,16.4,19.6,"I can offer 90,000 and a leased car.",deal,1
68,5,candidate,0,22.8,31.2,I agree with the offer. I would like to continue and discuss another issue. I want a position of project manager,deal,1
68,6,employer,1,39.6,44.4,"Yes, you are being offered project manager. What is your other issue?",deal,1
68,7,candidate,0,49.2,54.8,I am expecting a fast promotion track I would like a fast promotion track,deal,1
68,8,employer,1,54.8,62.4,"You can be on fast promotion track, but you will need to work 9 or 10 hours per day.",deal,1
68,9,candidate,0,70,71,I disagree,deal,1
68,10,employer,1,71,77,"Unfortunately that is what it takes to get to the top quickly, working 9 hours.",deal,1
68,11,candidate,0,77,83.4,I accept 9 hours. Let's proceed to another issue. I am expecting a fast promotion track,deal,1
68,12,employer,1,89.8,92.6,"Yes, we agree on fast promotion track.",deal,1
68,13,candidate,0,92.6,96.2,I am willing to have a pension of 20%,deal,1
68,14,employer,1,96.2,99,That seems reasonable to me. I agree.,deal,1
69,1,candidate,0,0,7.6,Hello. I would like to discuss the issues of my contract. I am expecting a position of project manager,deal,1
69,2,employer,1,7.6,8.6,I agree,deal,1
69,3,candidate,0,8.6,11.4,"I am expecting a salary of 120,000",deal,1
69,4,employer,1,11.4,13.8,"What about a salary of 60,000",deal,1
69,5,candidate,0,13.8,19.4,"I disagree about a salary of 60,000. I am expecting a salary of 120,000",deal,1
69,6,employer,1,25,27.4,"How about a salary of 90,000",deal,1
69,7,candidate,0,27.4,36.2,"I accept 90,000. Now let's talk about how we can agree on other issues. I am willing to have a company car",deal,1
69,8,employer,1,45,47,What about without leased car,deal,1
69,9,candidate,0,47,62.6,I disagree about no company car. I want a company car I am expecting a company car I demand a company car,deal,1
69,10,employer,1,62.6,66.6,I am expecting you not to have a company car,deal,1
69,11,candidate,0,66.6,74.2,I accept no company car. Let's proceed to another issue. I am willing to have a fast promotion track,deal,1
69,12,employer,1,81.8,82.8,I agree,deal,1
69,13,candidate,0,82.8,86.8,I am willing to have a workday of 8 hours,deal,1
69,14,employer,1,86.8,88.4,How about 10 hours?,deal,1
69,15,candidate,0,88.4,93.2,I reject 10 hours. I would like a workday of 8 hours,deal,1
69,16,employer,1,98,100.8,I need people to work 10 hours,deal,1
69,17,candidate,0,100.8,118.8,I reject a workday of 10 hours. I would like a workday of 8 hours I would like a workday of 8 hours I want a workday of 8 hours,deal,1
69,18,employer,1,118.8,120.8,Can you work 10 hours?,deal,1
69,19,candidate,0,120.8,125.2,I reject 10 hours. I demand a workday of 8 hours,deal,1
69,20,employer,1,129.6,132,Could you do 9 hours instead?,deal,1
69,21,candidate,0,132,136.4,I reject 9 hours. I demand a workday of 8 hours,deal,1
69,22,employer,1,140.8,143.6,We need somebody to work 10 hours,deal,1
69,23,candidate,0,143.6,148,I refuse 10 hours. I demand a workday of 8 hours,deal,1
69,24,employer,1,152.4,154,How about 9 hours?,deal,1
69,25,candidate,0,154,170,I disagree about a workday of 9 hours. I demand a workday of 8 hours I am willing to have a position of project manager,deal,1
69,26,employer,1,170,172,Could you be a programmer?,deal,1
69,27,candidate,0,172,176.4,I refuse programmer position. I want a position of project manager,deal,1
69,28,employer,1,180.8,185.2,Are you sure? I think you would make a great programmer,deal,1
69,29,candidate,0,185.2,190.8,I refuse programmer position. I am willing to have a position of project manager,deal,1
69,30,employer,1,196.4,198.4,How about a team manager?,deal,1
69,31,candidate,0,198.4,203.6,I refuse team manager position. I am expecting a position of project manager,deal,1
69,32,employer,1,208.8,215.2,But you could do more with yourself. I think a programmer would be a great fit,deal,1
69,33,candidate,0,215.2,219.6,I reject programmer position. I want a position of project manager,deal,1
69,34,employer,1,224,226.4,I think programmer would be great,deal,1
70,1,candidate,0,0,7.2,Hello. I would like to discuss the issues of my contract. I want a position of project manager,deal,1
70,2,employer,1,7.2,8.2,yes,deal,1
70,3,candidate,0,8.2,11,"I am expecting a salary of 120,000",deal,1
70,4,employer,1,11,12,yes,deal,1
70,5,candidate,0,12,14.4,I am expecting a company car,deal,1
70,6,employer,1,14.4,15.4,yes,deal,1
70,7,candidate,0,15.4,17.8,I want a fast promotion track,deal,1
70,8,employer,1,17.8,18.8,ok,deal,1
70,9,candidate,0,18.8,21.6,I want a workday of 8 hours,deal,1
70,10,employer,1,21.6,22.6,no,deal,1
70,11,candidate,0,22.6,25.8,I would like a workday of 9 hours,deal,1
70,12,employer,1,25.8,26.8,yes,deal,1
70,13,candidate,0,26.8,29.6,I am expecting a pension of 20%,deal,1
70,14,employer,1,29.6,30.6,yes,deal,1
71,1,candidate,0,0,7.2,Hello. I would like to discuss the issues of my contract. I want a position of project manager,no_deal,0
71,2,employer,1,7.2,15.2,Well I think that's really something you need to work toward. I think Programmer is fair for both of us.,no_deal,0
71,3,candidate,0,15.2,37.6,"I agree with a position of programmer. Now let's talk about how we can agree on other issues. I am expecting a salary of 120,000 I want a salary of 120,000",no_deal,0
71,4,employer,1,37.6,46.8,"I'd like to give you that. But my budget only allows 60,000. In a short time I'm sure that can be raised substantially.",no_deal,0
71,5,candidate,0,46.8,58.8,"I refuse 60,000. I am willing to have a salary of 120,000 I want a salary of 120,000",no_deal,0
71,6,employer,1,61.2,68.8,Ok. Let's come back to that. I think 10% on the pension fund may make up for salary differences.,no_deal,0
71,7,candidate,0,68.8,90.4,"I accept a pension of 10%. Now let's talk about how we can agree on other issues. I would like a salary of 120,000 I want a salary of 120,000",no_deal,0
71,8,employer,1,90.4,97.2,Understand I can only offer so much. How does only 10 hours sound for your working hours?,no_deal,0
71,9,candidate,0,97.2,109.2,"I refuse 10 hours. I am expecting a workday of 8 hours I want a salary of 120,000",no_deal,0
71,10,employer,1,109.2,114,"Well if I gave you 8 hours would you accept $60,000 salary?",no_deal,0
71,11,candidate,0,118.8,126.2,"I disagree I am willing to have a salary of 120,000 I would like a salary of 120,000",no_deal,0
71,12,employer,1,126.2,131.8,"Well the more you want, the less I can give you in other areas.",no_deal,0
71,13,candidate,0,131.8,134.6,"I am expecting a salary of 90,000",no_deal,0
71,14,employer,1,134.6,143.4,I have other people I need to interview and if you're not willing to compromise I may have to consider someone else.,no_deal,0
71,15,candidate,0,143.4,147,"I am willing to have a salary of 120,000",no_deal,0
71,16,employer,1,150.6,156.6,"Well unless we can compromise, I think this negotiation is over. You're just too inflexible.",no_deal,0
72,1,candidate,0,0,8.4,Hello. I would like to discuss the issues of my contract. I am willing to have a position of project manager,no_deal,0
72,2,employer,1,8.4,10.8,"Hello, we're looking for programmers now.",no_deal,0
72,3,candidate,0,10.8,21.6,"I agree with a position of programmer. Now let's talk about how we can agree on other issues. I am willing to have a salary of 120,000",no_deal,0
72,4,employer,1,32.4,36.4,We can pay 60000 with other benefits for this position.,no_deal,0
72,5,candidate,0,36.4,41.6,"I reject a salary of 60,000. I would like a salary of 120,000",no_deal,0
72,6,employer,1,46.8,50,What is the lowest salary you can afford?,no_deal,0
72,7,candidate,0,50,76,"I am willing to have a salary of 90,000. But I must change our previous agreement. I am willing to have a position of project manager I am expecting a salary of 120,000 I want a salary of 120,000",no_deal,0
72,8,employer,1,76,91.6,Ok but not ok. We can or can not pay 120000. Depending on your skills. We can promote you. But prove yourself first. Ok? We can start from 60000 with fast promotion or from 90000 with slow promotion. Ok?,no_deal,0
72,9,candidate,0,107.2,118.8,"I refuse 60,000. I would like a salary of 120,000 I am willing to have a salary of 120,000",no_deal,0
72,10,employer,1,118.8,124.8,We can give 120000. But it's for 10 working hours per day. Is this ok?,no_deal,0
72,11,candidate,0,130.8,138,"I refuse. I am expecting a workday of 8 hours and I am expecting a salary of 90,000",no_deal,0
72,12,employer,1,152.4,154,9 hours and 90000.,no_deal,0
72,13,candidate,0,155.6,164.4,"I disagree with the offer. I am willing to have a workday of 8 hours and I want a salary of 120,000",no_deal,0
72,14,employer,1,182,186.4,Let's talk about promotion. What kind of promotion do you want?,no_deal,0
72,15,candidate,0,186.4,189.2,I would like a fast promotion track,no_deal,0
72,16,employer,1,189.2,192.4,Fast promotion is for 9 working hours ok?,no_deal,0
72,17,candidate,0,195.6,200.4,I reject the previous offer I am expecting a fast promotion track,no_deal,0
72,18,employer,1,200.4,205.6,We can give you fast promotion track without leased car for 90000 salary.,no_deal,0
72,19,candidate,0,216,219.8,I refuse I would like a pension of 20%,no_deal,0
72,20,employer,1,222.6,233,"We will give you 20% pension fund after one year. For the start and for the salary you need, the offer is without a pension fund.",no_deal,0
72,21,candidate,0,233,238.6,I disagree about a pension of 0%. I am expecting a pension of 20%,no_deal,0
72,22,employer,1,244.2,247,We can give you 10% pension fund.,no_deal,0
72,23,candidate,0,247,257.4,"I accept a pension of 10%. Now let's talk about how we can agree on other issues. I am willing to have a salary of 120,000",no_deal,0
72,24,employer,1,267.8,269.8,We can give 90000 salary.,no_deal,0
72,25,candidate,0,269.8,273.8,"I refuse 90,000. I am expecting a salary of 120,000",no_deal,0
72,26,employer,1,277.8,281.4,Ok 120000 salary with a slow promotion track ok?,no_deal,0
72,27,candidate,0,285,286,I disagree,no_deal,0
72,28,employer,1,286,289.2,Ok then 90000 with a fast promotion track.,no_deal,0
72,29,candidate,0,292.4,293.4,I disagree,no_deal,0
72,30,employer,1,293.4,297.4,120000 with a fast promotion but 0% pension fund ok?,no_deal,0
72,31,candidate,0,305.4,307.4,I reject the previous offer,no_deal,0
72,32,employer,1,307.4,311,"120000 with a fast promotion but 9 hours, ok?",no_deal,0
72,33,candidate,0,318.2,326.6,I accept the previous offer. Now let's talk about how we can agree on other issues. I want a company car,no_deal,0
72,34,employer,1,335,338.6,We don't have a company car for your offer.,no_deal,0
72,35,candidate,0,338.6,344.2,I would like no agreement on leased car I would like a company car,no_deal,0
72,36,employer,1,344.2,346.6,Do you want to opt out?,no_deal,0
73,1,candidate,0,0,11.6,Hello. I would like to discuss the issues of my contract. I am willing to have a position of project manager I would like a position of project manager,no_deal,0
73,2,employer,1,11.6,14.4,I can make you a team manager,no_deal,0
73,3,candidate,0,14.4,20.4,I reject team manager position. I am willing to have a position of project manager,no_deal,0
73,4,employer,1,26.4,28.8,"How about a salary of $60,000",no_deal,0
73,5,candidate,0,28.8,33.6,"I reject 60,000. I am willing to have a salary of 120,000",no_deal,0
73,6,employer,1,38.4,45.6,"I can make you a team manager with a salary of $90,00. That's the best I can do.",no_deal,0
73,7,candidate,0,52.8,60.8,"I reject the previous offer. I would like a salary of 120,000 and I demand a position of project manager",no_deal,0
73,8,employer,1,76.8,83.6,It does not look like we will be able to reach an agreement. Good luck to you.,no_deal,0
73,9,candidate,0,83.6,86,What do you have to suggest?,no_deal,0
74,1,candidate,0,0,7.6,Hello. I would like to discuss the issues of my contract. I am expecting a position of project manager,deal,1
74,2,employer,1,7.6,12.4,i can do a team manager with a bonus 10% pension Fund.,deal,1
74,3,candidate,0,17.2,36,"I agree. Now let's talk about how we can agree on other issues. I am expecting a salary of 120,000 I would like a salary of 120,000",deal,1
74,4,employer,1,36,40.4,"the most we can possibly offer for the position is 90,000.",deal,1
74,5,candidate,0,40.4,55.2,"I disagree about a salary of 90,000. I would like a salary of 120,000 I am willing to have a salary of 120,000",deal,1
75,1,candidate,0,0,7.6,Hello. I would like to discuss the issues of my contract. I am expecting a position of project manager,no_deal,0
75,2,employer,1,7.6,11.6,"Here is the contract, what would you like to discuss?",no_deal,0
75,3,candidate,0,11.6,22.4,I am willing to have a position of project manager I want a position of project manager,no_deal,0
75,4,employer,1,22.4,25.2,That is the position I have offered.,no_deal,0
75,5,candidate,0,25.2,28.8,"I am willing to have a salary of 120,000",no_deal,0
75,6,employer,1,28.8,30.4,"I am offering 90,000",no_deal,0
75,7,candidate,0,30.4,51.2,"I agree with a salary of 90,000. Now let's talk about how we can agree on other issues. I want a company car I am expecting a company car",no_deal,0
75,8,employer,1,51.2,56,This job does not come with a company car for new hires.,no_deal,0
75,9,candidate,0,56,60,I am willing to have no agreement on leased car,no_deal,0
75,10,employer,1,60,61,Ok,no_deal,0
75,11,candidate,0,61,63.4,I want a fast promotion track,no_deal,0
75,12,employer,1,63.4,64.6,you got it,no_deal,0
75,13,candidate,0,64.6,68.6,I am willing to have a workday of 8 hours,no_deal,0
75,14,employer,1,68.6,71.4,"The job entails 9, including a break",no_deal,0
75,15,candidate,0,71.4,76.2,I refuse 9 hours. I am expecting a workday of 8 hours,no_deal,0
75,16,employer,1,81,85.4,You will be working only 8 and have an hour lunch,no_deal,0
75,17,candidate,0,85.4,91.4,I reject a workday of 9 hours. I am expecting a workday of 8 hours,no_deal,0
75,18,employer,1,97.4,101,"Sorry, that is the current going for this job",no_deal,0
75,19,candidate,0,101,103.4,What are you willing to offer?,no_deal,0
75,20,employer,1,103.4,108.2,9 hour day. That is the minimum I am willing to offer,no_deal,0
75,21,candidate,0,108.2,113,I refuse 9 hours. I would like a workday of 8 hours,no_deal,0
75,22,employer,1,117.8,119.4,I refuse 8 hours,no_deal,0
75,23,candidate,0,119.4,122.6,I would like a position of project manager,no_deal,0
75,24,employer,1,122.6,127.8,"You are being offered that position with a 9 hour workday and 90,000",no_deal,0
75,25,candidate,0,138.2,149.4,"I reject the previous offer. I want a position of programmer, I want a workday of 8 hours and I am willing to have a salary of 120,000",no_deal,0
75,26,employer,1,183,185.8,"The position of programmer comes with 60,000",no_deal,0
75,27,candidate,0,188.6,196.2,"I refuse. I want a salary of 120,000 and I am willing to have a position of project manager",no_deal,0
75,28,employer,1,211.4,214.6,but a programmer gets an 8 hour day,no_deal,0
75,29,candidate,0,217.8,225.4,I refuse. I am expecting a workday of 9 hours and I would like a position of project manager,no_deal,0
75,30,employer,1,240.6,245,"the position is for 9 hours, project manager at 90,000. Final.",no_deal,0
75,31,candidate,0,253.8,264.2,"I refuse. I am expecting a workday of 8 hours, I am willing to have a position of programmer and I want a salary of 120,000",no_deal,0
76,1,candidate,0,0,7.2,Hello. I would like to discuss the issues of my contract. I want a position of project manager,deal,1
76,2,employer,1,7.2,21.6,"Hello - I'm glad you stopped in to negotiate I think you would make a great project manager; however, I think we should discuss as I would like to get you prepared to fill that role",deal,1
76,3,candidate,0,21.6,27.6,"I am willing to have a salary of 120,000 I want a salary of 120,000",deal,1
76,4,employer,1,27.6,39.6,Would you consider team manager.  I think that would be a great fit with your current skills.  And it would give you the chance to work into a project manager,deal,1
76,5,candidate,0,39.6,50,"I agree with a position of team manager. Now let's talk about how we can agree on other issues. I am expecting a salary of 120,000",deal,1
76,6,employer,1,60.4,66.8,"You do a great job.  I think an appropriate salary for this position would be 90,000",deal,1
76,7,candidate,0,66.8,87.6,"I accept 90,000. Now let's talk about how we can agree on other issues. I want a company car I am expecting a company car I am willing to have a company car",deal,1
76,8,employer,1,87.6,104,"I would love to give you a leased car.  If I do that, I wouldn't be able to give you as high of a pension.  Are you willing to not have a leased car and I could give you 20% pension.",deal,1
76,9,candidate,0,120.4,121.4,I disagree,deal,1
76,10,employer,1,121.4,125.8,"Otherwise with expenses, I could only give you 10 % pension",deal,1
76,11,candidate,0,125.8,137.4,I refuse 10%. I am willing to have a pension of 20% I want a company car,deal,1
76,12,employer,1,137.4,154.2,"How about we do this - I know you really want to be project lead.  How about we put you on a fast promotional track. A 20% pension, and no leased car.  And we could revisit the car once you are promoted",deal,1
76,13,candidate,0,187.8,189.8,I disagree with the offer,deal,1
76,14,employer,1,189.8,199.8,"In addition, typically this position is 10 hours.  I'd be willing to offer 9 hours.  That would help offset the cost not having a car.",deal,1
76,15,candidate,0,199.8,213.4,I reject a workday of 9 hours. I want a workday of 8 hours I would like a company car,deal,1
76,16,employer,1,213.4,219.8,I really can't go to 8 hours as everyone in this position is at 10 hours,deal,1
76,17,candidate,0,219.8,227,I disagree about a workday of 9 hours. I am willing to have a workday of 8 hours,deal,1
76,18,employer,1,234.2,243.4,"Ok - I'm willing to compromise on the car.  I'll include a car, pension of 10%, fast promotion track, and 10 hour day",deal,1
76,19,candidate,0,271,274.4,I disagree What do you have to offer?,deal,1
76,20,employer,1,274.4,278.8,I can do a 9 hour workday and a company car,deal,1
76,21,candidate,0,283.2,299.6,I agree. Let's proceed to another issue. I am willing to have a fast promotion track I am willing to have a fast promotion track,deal,1
76,22,employer,1,299.6,306.4,If i agree with a fast promotional track would you be willing to accept a 10% pension,deal,1
76,23,candidate,0,313.2,315.6,I want a pension of 20%,deal,1
76,24,employer,1,318,326,Ok - i really value you and I think you will be a great asset. I'm willing to do 20%,deal,1
77,1,candidate,0,0,7.6,Hello. I would like to discuss the issues of my contract. I am expecting a position of project manager,deal,1
77,2,employer,1,7.6,14.8,"I cannot offer you that position, but we do have the position of programmer open at this time",deal,1
77,3,candidate,0,22,44.8,"I agree with a position of programmer. Now let's talk about how we can agree on other issues. I want a salary of 120,000 I am willing to have a salary of 120,000",deal,1
77,4,employer,1,44.8,47.6,"Our starting salaries for programmers is 60,000",deal,1
77,5,candidate,0,50.4,76.8,"I disagree. I am willing to have a salary of 120,000 and I want a position of project manager I am willing to have a salary of 120,000",deal,1
77,6,employer,1,76.8,86.8,"As I mentioned, we are not seeking project managers at this time. I can offer you 90,000 as a programmer on a fast promotion track",deal,1
77,7,candidate,0,116.8,125.6,I agree with the offer. Now let's talk about how we can agree on other issues. I am expecting a company car,deal,1
77,8,employer,1,134.4,140,I can only offer a leased car if you agree to 10 working hours,deal,1
77,9,candidate,0,145.6,148.6,I refuse I want a company car,deal,1
77,10,employer,1,150.6,160.6,"In order to agree to company car, I will need a compromise regarding working hours. Will you agree to 10 hours, with 10% pension fund?",deal,1
77,11,candidate,0,180.6,228.2,"I refuse. I am expecting a workday of 8 hours, I am willing to have no agreement on leased car and I am expecting a pension of 20% I want no agreement on leased car",deal,1
77,12,employer,1,231,237.4,I can only offer 20% pension with a 9 hour work day and no leased car,deal,1
77,13,candidate,0,250.2,298.2,"I disagree with the offer. I am expecting a workday of 8 hours, I would like a company car and I would like a pension of 10% I would like a company car I am expecting a company car",deal,1
77,14,employer,1,298.2,304.6,I will lease you a car if you agree to increased hours of 10 working hours,deal,1
77,15,candidate,0,311,336.6,I refuse. I am expecting a workday of 8 hours and I am expecting no agreement on leased car I want no agreement on leased car,deal,1
77,16,employer,1,336.6,342.2,"I will offer a company car, 9 hour work day, with a 10% pension",deal,1
77,17,candidate,0,353.4,363.8,"I disagree. I am expecting a workday of 8 hours, I am expecting no agreement on leased car and I am expecting a pension of 20%",deal,1
77,18,employer,1,395,400.6,"I can offer a company car, 20% pension with a 10 hour work day",deal,1
77,19,candidate,0,411.8,460.6,"I disagree. I am willing to have a workday of 8 hours, I am willing to have no agreement on leased car and I want a pension of 10% I am expecting a company car",deal,1
77,20,employer,1,460.6,466.2,"I will agree to a company car, 20% pension and 9 hour work day",deal,1
77,21,candidate,0,477.4,479.4,I agree with the offer,deal,1
78,1,candidate,0,0,8.4,Hello. I would like to discuss the issues of my contract. I am willing to have a position of project manager,no_deal,0
78,2,employer,1,8.4,10.8,I will offer you that position,no_deal,0
78,3,candidate,0,10.8,16,"I demand a salary of 120,000 I would like a salary of 120,000",no_deal,0
78,4,employer,1,16,19.6,I will offer you the programmer job for 60000,no_deal,0
78,5,candidate,0,23.2,54,"I reject the previous offer. I demand a salary of 120,000 and I want a position of project manager I would like a salary of 120,000 I demand a salary of 120,000",no_deal,0
78,6,employer,1,54,58.4,I will offer you te position of QA with 90000 salary,no_deal,0
78,7,candidate,0,62.8,69.6,"I disagree. I want a salary of 120,000 and I would like a position of project manager",no_deal,0
78,8,employer,1,83.2,86.4,well I cannot offer you more than 90000,no_deal,0
78,9,candidate,0,86.4,91.2,"I reject 90,000. I am willing to have a salary of 120,000",no_deal,0
78,10,employer,1,96,99.4,sorry 90000 take it or leave it,no_deal,0
78,11,candidate,0,99.4,120.2,"I agree with a salary of 90,000. Now let's talk about how we can agree on other issues. I demand a company car I am expecting a company car",no_deal,0
78,12,employer,1,120.2,122.2,there are no company cars,no_deal,0
78,13,candidate,0,122.2,124.2,I demand a company car,no_deal,0
78,14,employer,1,124.2,125.2,no car,no_deal,0
78,15,candidate,0,125.2,132,I accept no company car. Let's proceed to another issue. I am expecting a fast promotion track,no_deal,0
78,16,employer,1,138.8,139.8,ok,no_deal,0
78,17,candidate,0,139.8,142.6,I demand a workday of 8 hours,no_deal,0
78,18,employer,1,142.6,145.4,but you have to work 10 hours,no_deal,0
78,19,candidate,0,145.4,151.4,I disagree about a workday of 10 hours. I demand a workday of 8 hours,no_deal,0
78,20,employer,1,157.4,159.4,10 hours or no go,no_deal,0
78,21,candidate,0,159.4,164.2,I reject 10 hours. I would like a workday of 8 hours,no_deal,0
78,22,employer,1,169,173,if you take 10 hours you get a 20% pension,no_deal,0
78,23,candidate,0,177,213.8,I reject the previous offer. I am willing to have a workday of 8 hours and I am willing to have a pension of 10% I am willing to have a workday of 8 hours I am expecting a pension of 20%,no_deal,0
78,24,employer,1,213.8,215.4,Ok with 10 hours,no_deal,0
78,25,candidate,0,215.4,220.2,I refuse 10 hours. I am expecting a workday of 8 hours,no_deal,0
78,26,employer,1,225,226.2,10 workig hours,no_deal,0
78,27,candidate,0,226.2,233.4,I disagree about a workday of 10 hours. I am willing to have a workday of 8 hours,no_deal,0
78,28,employer,1,240.6,243.4,I need you to do 10 hours,no_deal,0
78,29,candidate,0,243.4,247.8,I refuse 10 hours. I want a workday of 8 hours,no_deal,0
78,30,employer,1,252.2,256.2,if not we have no deal Ok no deal then,no_deal,0
79,1,candidate,0,0,10.4,Hello. I would like to discuss the issues of my contract. I want a position of project manager I am expecting a position of project manager,deal,1
79,2,employer,1,10.4,14,Okay. What kind of salary were you looking for?,deal,1
79,3,candidate,0,17.6,25.2,"I want a salary of 120,000 I am expecting a salary of 120,000",deal,1
79,4,employer,1,25.2,34.8,"We could negotiate about a position of a Programmer, but our budget does not allow us to offer that much to our Project Managers.",deal,1
79,5,candidate,0,34.8,57.6,"I accept programmer position. Now let's talk about how we can agree on other issues. I am willing to have a salary of 120,000 I am willing to have a salary of 120,000",deal,1
79,6,employer,1,57.6,63.6,"Our base pay is 60,000 and raises with time and experience. How does that sound?",deal,1
79,7,candidate,0,63.6,87.6,"I agree with a salary of 60,000. Now let's talk about how we can agree on other issues. I want a company car I am expecting a company car I am willing to have a company car",deal,1
79,8,employer,1,87.6,96.4,"A company car comes with your first raise, but you will begin with no leased car. I am sure you can understand?",deal,1
79,9,candidate,0,96.4,100.8,I want a company car I would like a company car,deal,1
79,10,employer,1,100.8,106,We can offer you a company car if you accept 10 working hours?,deal,1
79,11,candidate,0,111.2,113.2,I disagree with the offer,deal,1
79,12,employer,1,113.2,116,Then we agree upon no leased car?,deal,1
79,13,candidate,0,116,120.8,I disagree about no company car. I am expecting a company car,deal,1
79,14,employer,1,125.6,130.4,We can offer a company car if you accept 10 working hours.,deal,1
79,15,candidate,0,135.2,139.6,I disagree with the offer What are you willing to offer?,deal,1
79,16,employer,1,139.6,144.8,Let's come back to that then. What working hours are you looking for?,deal,1
79,17,candidate,0,144.8,155.2,I am expecting a workday of 8 hours I am willing to have a workday of 8 hours I would like a workday of 8 hours,deal,1
79,18,employer,1,155.2,164,"If you are looking for 8 hours, that comes with no leased car, a 10% pension fund, and slow track promotion possibilities.",deal,1
79,19,candidate,0,190.4,194.8,I reject the previous offer What do you have to suggest?,deal,1
79,20,employer,1,194.8,205.6,"If you are looking for 9 hours, we could include a company car but you would remain at 10% on the pension fund and slow promotion track",deal,1
79,21,candidate,0,238,310.8,"I refuse. I would like a workday of 8 hours, I am expecting a pension of 20%, I would like no agreement on leased car and I am willing to have a fast promotion track I want no agreement on leased car",deal,1
79,22,employer,1,310.8,314.8,"good, we agree on no agreement on a leased car?",deal,1
79,23,candidate,0,314.8,317.2,I want a fast promotion track,deal,1
79,24,employer,1,317.2,319.6,9 hours for fast track promotion.,deal,1
79,25,candidate,0,322,328,I agree with the offer. Let's discuss another issue. I want a pension of 20%,deal,1
79,26,employer,1,334,338,Great! Did we agree on 10 hours and fast track?,deal,1
79,27,candidate,0,342,357.6,I agree with the offer. Let's discuss another issue. I want a pension of 20% I am willing to have a pension of 20%,deal,1
79,28,employer,1,357.6,361.2,20% pension if you agree to no leased car.,deal,1
79,29,candidate,0,364.8,366.8,I agree with the offer,deal,1
80,1,candidate,0,0,7.2,"Hello. I would like to discuss the issues of my contract. I would like a salary of 120,000",no_deal,0
80,2,employer,1,7.2,9.2,I will give you 90000,no_deal,0
80,3,candidate,0,9.2,17.2,"I accept 90,000. I would like to continue and discuss another issue. I would like a position of project manager",no_deal,0
80,4,employer,1,25.2,28.4,That is fine.  You can be project manager,no_deal,0
80,5,candidate,0,28.4,30.8,I am expecting a company car,no_deal,0
80,6,employer,1,30.8,33.6,I want you to work 9 hours,no_deal,0
80,7,candidate,0,33.6,40,I disagree about a workday of 9 hours. I am expecting a workday of 8 hours,no_deal,0
80,8,employer,1,46.4,50.4,You can have the car if you work 9 hours,no_deal,0
80,9,candidate,0,54.4,61.6,I refuse. I would like a workday of 8 hours and I demand no agreement on leased car,no_deal,0
80,10,employer,1,76,79.2,I will give you a 10% pension fund,no_deal,0
80,11,candidate,0,79.2,85.6,I disagree about a pension of 10%. I am willing to have a pension of 20%,no_deal,0
80,12,employer,1,92,94.8,Do you want a fast promotion track,no_deal,0
80,13,candidate,0,94.8,104.4,I agree with a fast promotion track. Now let's talk about how we can agree on other issues. I would like a company car,no_deal,0
80,14,employer,1,114,118,I will give you car if you work 9 hours,no_deal,0
80,15,candidate,0,122,128,I agree with the offer. Let's discuss another issue. I want a pension of 20%,no_deal,0
80,16,employer,1,134,135.6,No aggreement on car,no_deal,0
80,17,candidate,0,135.6,138.4,I reject no agreement on leased car,no_deal,0
81,1,candidate,0,0,7.6,Hello. I would like to discuss the issues of my contract. I am expecting a position of project manager,deal,1
81,2,employer,1,7.6,10.8,Hello. We are currently hiring for a Programmar.,deal,1
81,3,candidate,0,14,23.2,"I accept a position of programmer. Now let's talk about how we can agree on other issues. I want a salary of 120,000",deal,1
81,4,employer,1,32.4,40.4,"I can offer you a salary of 60,000USD. With Fast promotion track so you can earn a salary raise sooner.",deal,1
81,5,candidate,0,48.4,51.8,I refuse What do you have to offer?,deal,1
81,6,employer,1,51.8,56.2,"Okay, I can offer you 90,000 if you work 10 hours.",deal,1
81,7,candidate,0,60.6,68.2,"I refuse. I am willing to have a workday of 8 hours and I want a salary of 120,000",deal,1
81,8,employer,1,83.4,87,"I can offer 120,000 if you work 10 hours.",deal,1
81,9,candidate,0,90.6,97.8,"I reject the previous offer What do you have to offer? I am expecting a salary of 120,000",deal,1
81,10,employer,1,97.8,105.4,Would you be willing to accept 10 hours of work if we hire you are as a project manager,deal,1
81,11,candidate,0,113,121,"I agree. Now let's talk about how we can agree on other issues. I would like a salary of 120,000",deal,1
81,12,employer,1,129,132.6,"I can offer you 90,000 and fast promotion track.",deal,1
81,13,candidate,0,136.2,138.2,I reject the previous offer,deal,1
81,14,employer,1,138.2,140.6,"90,000 with a 10% pension fund.",deal,1
81,15,candidate,0,143,150.6,"I refuse. I would like a salary of 120,000 and I am willing to have a pension of 20%",deal,1
81,16,employer,1,165.8,169,"120,000 USD, No car and no Pension fund",deal,1
81,17,candidate,0,175.4,180,"I refuse I am willing to have a salary of 120,000",deal,1
81,18,employer,1,180,183.2,"90,000 USD, No car and 10% pension fund",deal,1
81,19,candidate,0,189.6,199.6,"I refuse. I am willing to have a salary of 120,000, I would like a company car and I am expecting a pension of 20%",deal,1
81,20,employer,1,229.6,230.6,No.,deal,1
81,21,candidate,0,230.6,235.8,"I would like a salary of 120,000 I want a salary of 120,000",deal,1
81,22,employer,1,235.8,238.6,"120,000, Fast Track, with Car, and 10%pension",deal,1
81,23,candidate,0,247,248,I agree,deal,1
82,1,candidate,0,0,10.4,"Hello. I would like to discuss the issues of my contract. I am willing to have a salary of 120,000 I want a salary of 120,000",deal,1
82,2,employer,1,10.4,13.2,i cant do that high a salary,deal,1
82,3,candidate,0,13.2,16.8,"I am willing to have a salary of 90,000",deal,1
82,4,employer,1,20.4,24.4,"i can give you 90, but no car or pension",deal,1
82,5,candidate,0,28.4,56.8,I accept the previous offer. I would like to continue and discuss another issue. I demand a position of project manager I want a position of project manager I demand a position of project manager I would like a position of project manager,deal,1
82,6,employer,1,56.8,62,i can give you team manager if you agree to work 10 hours,deal,1
82,7,candidate,0,67.2,87.6,I accept the previous offer. Let's discuss another issue. I am expecting a pension of 20% I want a pension of 20% I would like a pension of 20%,deal,1
82,8,employer,1,87.6,92,ill give you 10 % if you accept slow promotion track,deal,1
82,9,candidate,0,96.4,103.2,I disagree. I am expecting a fast promotion track and I am expecting a pension of 20%,deal,1
82,10,employer,1,116.8,121.6,you can have3 the fast track if you take the 10% pension,deal,1
82,11,candidate,0,126.4,128.4,I reject the previous offer,deal,1
82,12,employer,1,128.4,135.2,"ok if you take the 10% pensiion, then instead of team manager, youll be q&a for job",deal,1
82,13,candidate,0,142,149.6,I disagree. I want a pension of 20% and I am willing to have a position of project manager,deal,1
82,14,employer,1,164.8,165.8,ok,deal,1
82,15,candidate,0,165.8,171.8,I want a fast promotion track I am willing to have a fast promotion track,deal,1
82,16,employer,1,171.8,173.4,programer and fast track,deal,1
82,17,candidate,0,175,177,I reject the previous offer,deal,1
82,18,employer,1,177,180.2,then team manager and thats my last offer,deal,1
82,19,candidate,0,180.2,183.6,I disagree I want a fast promotion track,deal,1
82,20,employer,1,183.6,186.4,only if you take the team manager,deal,1
82,21,candidate,0,186.4,195.6,"I agree with the offer. Now let's talk about how we can agree on other issues. I would like a salary of 90,000",deal,1
82,22,employer,1,204.8,205.8,thats fine,deal,1
83,1,candidate,0,0,7.6,Hello. I would like to discuss the issues of my contract. I am expecting a position of project manager,deal,1
83,2,employer,1,7.6,11.6,"The salary we offer for proejct manager is 60,000 USD",deal,1
83,3,candidate,0,15.6,25.6,"I refuse. I am expecting a salary of 120,000 I want a position of project manager",deal,1
83,4,employer,1,25.6,27.2,"We can offer 90,000",deal,1
83,5,candidate,0,27.2,36.4,"I agree with a salary of 90,000. I would like to continue and discuss another issue. I want a position of project manager",deal,1
83,6,employer,1,45.6,47.6,"Okay, project manager is fine.",deal,1
83,7,candidate,0,47.6,49.6,I want a company car,deal,1
83,8,employer,1,49.6,53.2,For that salary we cannot offer a company car,deal,1
83,9,candidate,0,53.2,61.2,I agree with no company car. Let's proceed to another issue. I am willing to have a fast promotion track,deal,1
83,10,employer,1,69.2,71.2,Fast promotion track is fine.,deal,1
83,11,candidate,0,71.2,74.4,I would like a workday of 8 hours,deal,1
83,12,employer,1,74.4,76.8,10 hours is the preferred workday,deal,1
83,13,candidate,0,76.8,80,I disagree about a workday of 10 hours,deal,1
83,14,employer,1,80,85.2,WE can increase your pension fund to 20% with a 10 hour workday,deal,1
83,15,candidate,0,90.4,92.4,I reject the previous offer,deal,1
83,16,employer,1,92.4,95.6,Can we agree on a 9 hour workday,deal,1
83,17,candidate,0,95.6,97.2,I refuse 9 hours,deal,1
83,18,employer,1,97.2,101.2,With an 8 hour workday there would be 10% pension,deal,1
83,19,candidate,0,105.2,109,I refuse I demand a workday of 8 hours,deal,1
83,20,employer,1,109,114.2,"With the salary of 90,000 USD the minimum workday would be 9 hours",deal,1
83,21,candidate,0,119.4,126.2,I accept 9 hours. Let's discuss another issue. I am willing to have a pension of 20%,deal,1
83,22,employer,1,133,135,I will agree to 20%,deal,1
84,1,candidate,0,0,7.6,Hello. I would like to discuss the issues of my contract. I would like a position of project manager,deal,1
84,2,employer,1,7.6,15.2,Hi how are you The project manager position is currently full. I have a position of the Programmer available.,deal,1
84,3,candidate,0,21.2,31.6,"I accept a position of programmer. Now let's talk about how we can agree on other issues. I am willing to have a salary of 120,000",deal,1
84,4,employer,1,42,45.2,"120,000 is too high to start off with.",deal,1
84,5,candidate,0,45.2,48,"I would like a salary of 120,000",deal,1
84,6,employer,1,48,51.6,"Let's start with 60,000 with a fast promotion track.",deal,1
84,7,candidate,0,55.2,56.2,I refuse,deal,1
84,8,employer,1,56.2,57.8,"$60,000 is very reasonable",deal,1
84,9,candidate,0,57.8,61.8,"I refuse 60,000. I am expecting a salary of 120,000",deal,1
84,10,employer,1,65.8,71.4,"120,000 is what our employees that have been working here for a while get.",deal,1
84,11,candidate,0,71.4,74.2,I am expecting a position of programmer,deal,1
84,12,employer,1,74.2,76.2,"Yes, you are a programmer",deal,1
84,13,candidate,0,76.2,79,"I am expecting a salary of 120,000",deal,1
84,14,employer,1,79,84.2,"$120,000 is something that i can not do. $60,000 is my final offer.",deal,1
84,15,candidate,0,84.2,96.6,"I reject a salary of 60,000. I want a salary of 120,000 I would like a salary of 120,000",deal,1
84,16,employer,1,96.6,98.6,"Sorry, that is too high.",deal,1
84,17,candidate,0,98.6,101.4,"I would like a salary of 90,000",deal,1
84,18,employer,1,101.4,102.4,"$60,000.",deal,1
84,19,candidate,0,102.4,106.4,"I reject 60,000. I would like a salary of 120,000",deal,1
84,20,employer,1,110.4,119.2,"If you want $90,000 then you have to be willing to work for 10 hours, as well as a 10% pension fund.",deal,1
84,21,candidate,0,136.8,147.2,"I disagree with the offer. I want a workday of 8 hours, I would like a pension of 20% and I want a salary of 120,000",deal,1
84,22,employer,1,178.4,183.2,"No, i have to reject that. That is asking for too much.",deal,1
84,23,candidate,0,183.2,186.4,I would like a position of team manager,deal,1
84,24,employer,1,186.4,189.2,"No, programmer is the only thing available",deal,1
84,25,candidate,0,192,202.8,"I agree with a position of programmer. Now let's talk about how we can agree on other issues. I am willing to have a salary of 120,000",deal,1
84,26,employer,1,213.6,218,"$120,000 is too high of a salary for someone starting out.",deal,1
84,27,candidate,0,218,221.6,"I am willing to have a salary of 120,000",deal,1
84,28,employer,1,221.6,224.8,"The starting pay of all employees is $60,000.",deal,1
84,29,candidate,0,224.8,234.8,"I accept a salary of 60,000. Now let's talk about how we can agree on other issues. I am willing to have a company car",deal,1
84,30,employer,1,244.8,249.2,We do not have any company cars available at the moment.,deal,1
84,31,candidate,0,249.2,251.2,I want a company car,deal,1
84,32,employer,1,251.2,258,We do not provide company cars for beginner workers.  They will be available when you are promoted.,deal,1
84,33,candidate,0,258,260.4,I am expecting a company car,deal,1
84,34,employer,1,260.4,265.2,"A company car will not be provided, i am sorry to say.",deal,1
84,35,candidate,0,265.2,268.4,I am willing to have a company car,deal,1
84,36,employer,1,268.4,270,"No company car, sorry",deal,1
84,37,candidate,0,270,272.4,I am expecting a company car,deal,1
84,38,employer,1,272.4,274.8,We do not provide company cars.,deal,1
84,39,candidate,0,274.8,286.4,"I am expecting no agreement on leased car. But I must change our previous agreement. I want a position of programmer and I am expecting a salary of 120,000",deal,1
84,40,employer,1,309.6,312,"No, the salary stays at 60,000",deal,1
84,41,candidate,0,314.4,322,"I accept 60,000. Now let's talk about how we can agree on other issues. I want a company car",deal,1
84,42,employer,1,329.6,331.6,We don't have company cars.,deal,1
84,43,candidate,0,331.6,334.8,I am willing to have a company car,deal,1
84,44,employer,1,334.8,337.2,"No, i can not provide that.",deal,1
84,45,candidate,0,337.2,339.2,I want a company car,deal,1
84,46,employer,1,339.2,342,We do not have any company cars.,deal,1
84,47,candidate,0,342,344,I want a company car,deal,1
84,48,employer,1,344,346.8,We do not have any company cars.,deal,1
84,49,candidate,0,346.8,350,I would like no agreement on leased car,deal,1
84,50,employer,1,350,351,Ok,deal,1
84,51,candidate,0,351,353.4,I want a fast promotion track,deal,1
84,52,employer,1,353.4,355.4,That is fine as well.,deal,1
84,53,candidate,0,355.4,358.6,I am expecting a workday of 8 hours,deal,1
84,54,employer,1,358.6,362.6,if you are willing to work 10 hours a day.,deal,1
84,55,candidate,0,362.6,364.2,I refuse 10 hours,deal,1
84,56,employer,1,364.2,370.6,"No, if you want a fast promotion, then you have to work 10 hours a day.",deal,1
84,57,candidate,0,383.4,384.4,I refuse,deal,1
84,58,employer,1,384.4,386,10 hours a day,deal,1
84,59,candidate,0,386,387.6,I refuse 10 hours,deal,1
84,60,employer,1,387.6,389.2,10 hours a day.,deal,1
84,61,candidate,0,389.2,392,I reject a workday of 10 hours,deal,1
84,62,employer,1,392,396,"if you want fast promotion, then it is 10 hours.",deal,1
84,63,candidate,0,400,402,I disagree with the offer,deal,1
84,64,employer,1,402,403,10 hours.,deal,1
84,65,candidate,0,403,410.2,I refuse 10 hours What do you have to suggest? I am expecting a workday of 8 hours,deal,1
84,66,employer,1,410.2,412.2,The workday is 10 hours.,deal,1
84,67,candidate,0,412.2,418.6,I disagree about a workday of 10 hours. I am expecting a workday of 8 hours,deal,1
84,68,employer,1,425,427,I can't do 8 hours.,deal,1
84,69,candidate,0,427,430.2,I would like a workday of 8 hours,deal,1
84,70,employer,1,430.2,431.2,10 hours.,deal,1
84,71,candidate,0,431.2,437.6,I disagree about a workday of 10 hours. I am expecting a workday of 8 hours,deal,1
84,72,employer,1,444,446,The workday is 10 hours.,deal,1
84,73,candidate,0,446,452,I disagree about a workday of 10 hours. I want a workday of 8 hours,deal,1
84,74,employer,1,458,461.2,"No, the workday is 10 hours for starters.",deal,1
84,75,candidate,0,464.4,470.4,I reject a workday of 10 hours. I am expecting a workday of 8 hours,deal,1
84,76,employer,1,476.4,478.8,10 hours a day is normal.,deal,1
84,77,candidate,0,478.8,484.4,I refuse 10 hours. I am willing to have a workday of 8 hours,deal,1
84,78,employer,1,490,492.4,10 hours is my last offer.,deal,1
84,79,candidate,0,492.4,498.4,I disagree about a workday of 10 hours. I want a workday of 8 hours,deal,1
84,80,employer,1,504.4,510.4,10 hours is the only thing i can offer you. Take it or leave it.,deal,1
84,81,candidate,0,510.4,516.4,I reject a workday of 10 hours. I would like a workday of 8 hours,deal,1
84,82,employer,1,522.4,526.8,"I am sorry, 10 hours is the best i can do.",deal,1
84,83,candidate,0,526.8,529.6,I want a workday of 9 hours,deal,1
84,84,employer,1,529.6,533.2,"No, 10 hours is the best i can do.",deal,1
84,85,candidate,0,536.8,544.4,I agree with a workday of 10 hours. Let's discuss another issue. I am expecting a pension of 20%,deal,1
84,86,employer,1,552,553.2,That is fine.,deal,1
85,1,candidate,0,0,8,"Hello. I would like to discuss the issues of my contract. I am willing to have a salary of 120,000",deal,1
85,2,employer,1,8,14.4,"Hi 120,000 is far to high for the available position 60,000 would be far more appropriate.",deal,1
85,3,candidate,0,27.2,36,I accept the previous offer. I would like to continue and discuss another issue. I am expecting a position of project manager,deal,1
85,4,employer,1,44.8,49.6,That position is not available. We are in need of a programmer.,deal,1
85,5,candidate,0,54.4,69.2,I disagree with the offer. I am willing to have a position of project manager I want a position of project manager,deal,1
85,6,employer,1,69.2,74.8,I'm sorry but we cannot hire you for a position that is not available.,deal,1
85,7,candidate,0,74.8,78.8,I am willing to have a position of team manager,deal,1
85,8,employer,1,78.8,82.4,We need programmers much more than we need managers.,deal,1
85,9,candidate,0,86,99.6,I reject a position of programmer. I want a position of project manager I would like a position of project manager,deal,1
85,10,employer,1,99.6,108.8,The position of project manager is just not an option at this point. We need to fill positions based on the companies needs.,deal,1
85,11,candidate,0,108.8,112,I would like a position of project manager,deal,1
85,12,employer,1,115.2,126.4,I cannot agree to that at this time though you may be promoted to that position in the future were you to accept the position of programmer now.,deal,1
85,13,candidate,0,137.6,142.4,I refuse programmer position. I am expecting a position of project manager,deal,1
85,14,employer,1,147.2,151.2,The most I can allow for is a team manager.,deal,1
85,15,candidate,0,151.2,158.4,I accept team manager position. Let's discuss another issue. I am willing to have a pension of 20%,deal,1
85,16,employer,1,165.6,173.2,10% is the standard for a team manager and is higher than you would be able to find elsewhere.,deal,1
85,17,candidate,0,173.2,192.4,I agree with a pension of 10%. I would like to move on. I demand a workday of 8 hours I am expecting a workday of 8 hours,deal,1
85,18,employer,1,192.4,204,All management positions are based on a 10 hour workday. If you wish to be a manager we expect you to work the same hours as the other managers.,deal,1
85,19,candidate,0,204,218.4,I reject a workday of 10 hours. I want a workday of 8 hours I would like a workday of 8 hours,deal,1
85,20,employer,1,218.4,228.4,I cannot reduce the amount below 10 hours it is company policy. If you want an 8 hour workday you can take the programmer position.,deal,1
85,21,candidate,0,248.4,275.6,I refuse. I am willing to have a workday of 9 hours and I want a position of project manager I am expecting a workday of 8 hours,deal,1
85,22,employer,1,275.6,286,That will not work. I can allow for a 9 hour workday as a team manager. This will reduce your chance for a future promotion though.,deal,1
85,23,candidate,0,306.8,315.2,I agree with the offer. Now let's talk about how we can agree on other issues. I want a company car,deal,1
85,24,employer,1,323.6,328.4,"Your position does not require travel, we cannot lease you a car.",deal,1
85,25,candidate,0,328.4,331.6,I am willing to have a company car,deal,1
85,26,employer,1,331.6,338.8,"We cannot offer you a company car at this time, perhaps it will be possible in the future.",deal,1
85,27,candidate,0,338.8,343.2,I reject no company car. I would like a company car,deal,1
85,28,employer,1,347.6,349.2,No agreement on car,deal,1
85,29,candidate,0,349.2,352.4,I refuse. I am expecting a company car,deal,1
85,30,employer,1,355.6,356.6,I reject,deal,1
85,31,candidate,0,356.6,359.4,I want no agreement on leased car,deal,1
85,32,employer,1,359.4,365,"I agree. Last is a promotion track, how do you feel about this issue?",deal,1
85,33,candidate,0,370.6,375.4,I'm happy that you accept I would like a fast promotion track,deal,1
85,34,employer,1,375.4,376.4,Agreed,deal,1
86,1,candidate,0,0,7.2,Hello. I would like to discuss the issues of my contract. I want a position of project manager,deal,1
86,2,employer,1,7.2,10.4,What type of promotion possibilities would you like?,deal,1
86,3,candidate,0,10.4,13.2,I am expecting a fast promotion track,deal,1
86,4,employer,1,13.2,16,Can we agree on 10 working hours?,deal,1
86,5,candidate,0,16,29.6,I reject 10 hours. I am willing to have a workday of 8 hours I want a fast promotion track,deal,1
86,6,employer,1,29.6,36.8,"The job I can offer you at this point is a programmer for 60,000 for 10 working hours.",deal,1
86,7,candidate,0,51.2,94,"I refuse. I am expecting a workday of 8 hours, I would like a position of project manager and I want a salary of 120,000 I am expecting a fast promotion track",deal,1
86,8,employer,1,96.8,104.8,"I can offer you a fast track promotion with the job of a programmer for 60,000 with 10 working hours.",deal,1
86,9,candidate,0,128.8,132.2,I refuse. What are you willing to offer?,deal,1
86,10,employer,1,132.2,135.8,"I can offer you 10 working hours at 90,000",deal,1
86,11,candidate,0,139.4,148.6,"I disagree with the offer. I would like a workday of 8 hours and I am willing to have a salary of 120,000",deal,1
86,12,employer,1,167,169.4,Sorry I cannot fulfill that request.,deal,1
86,13,candidate,0,169.4,172.2,I would like a fast promotion track,deal,1
86,14,employer,1,172.2,175.4,Okay I can offer a fast promotion track,deal,1
86,15,candidate,0,175.4,178.2,I want a position of project manager,deal,1
86,16,employer,1,178.2,182.2,I have to reject the position as a project manager,deal,1
86,17,candidate,0,182.2,189.4,I am expecting a position of project manager I am willing to have a position of project manager,deal,1
86,18,employer,1,189.4,193.4,I can offer you a position as a team manager,deal,1
86,19,candidate,0,193.4,203.4,"I accept a position of team manager. Now let's talk about how we can agree on other issues. I am expecting a salary of 120,000",deal,1
86,20,employer,1,213.4,216.2,"90,000 is the salary for team manager",deal,1
86,21,candidate,0,216.2,241.4,"I agree with a salary of 90,000. Now let's talk about how we can agree on other issues. I am willing to have a company car I would like a company car I want a company car",deal,1
86,22,employer,1,241.4,245,I cannot offer a leased car for this position,deal,1
86,23,candidate,0,245,247.4,I am expecting a company car,deal,1
86,24,employer,1,247.4,250.6,My decision is final on no leased car,deal,1
86,25,candidate,0,250.6,253.8,I am expecting no agreement on leased car,deal,1
86,26,employer,1,253.8,255.8,Let's negotiate your pension fund.,deal,1
86,27,candidate,0,255.8,258.2,I want a pension of 20%,deal,1
86,28,employer,1,258.2,263,I can agree on a pension of 20% with 10 working hours,deal,1
86,29,candidate,0,267.8,277,I disagree with the offer. I am expecting a pension of 10% and I am willing to have a workday of 8 hours,deal,1
86,30,employer,1,295.4,300.2,I can agree on a pension of 10% with 9 working hours,deal,1
86,31,candidate,0,305,313,I disagree. I am willing to have a workday of 8 hours and I would like a pension of 20%,deal,1
86,32,employer,1,329,332.6,Would you like a pension of 20% or 10%,deal,1
86,33,candidate,0,332.6,336.2,I am willing to have a pension of 20%,deal,1
86,34,employer,1,336.2,341,I can offer you a pension of 20% with 10 working hours,deal,1
86,35,candidate,0,345.8,353,I refuse. I would like a workday of 8 hours and I would like a pension of 10%,deal,1
86,36,employer,1,367.4,372.2,I can offer you a pension of 10% with 9 working hours.,deal,1
86,37,candidate,0,377,386.2,I disagree with the offer. I am expecting a workday of 8 hours and I am willing to have a pension of 20%,deal,1
86,38,employer,1,404.6,410.2,I cannot offer a workday of 8 hours with the position of team manager,deal,1
86,39,candidate,0,410.2,412.6,I want a pension of 10%,deal,1
86,40,employer,1,412.6,415.4,I agree on a pension of 10%,deal,1
86,41,candidate,0,415.4,418.6,I am willing to have a company car,deal,1
86,42,employer,1,418.6,421.4,I can agree on 9 working hours,deal,1
86,43,candidate,0,421.4,431.4,I agree with a workday of 9 hours. Now let's talk about how we can agree on other issues. I would like a company car,deal,1
86,44,employer,1,441.4,446.6,Without leased car or no agreement are the only options for this issue.,deal,1
86,45,candidate,0,446.6,449.4,I refuse no agreement on leased car,deal,1
86,46,employer,1,449.4,455.8,"The options I can provide you regarding leased car are, without leased car or no agreement",deal,1
86,47,candidate,0,455.8,459,I disagree about no agreement on leased car,deal,1
86,48,employer,1,459,462.2,So we can agree on without leased car,deal,1
86,49,candidate,0,462.2,464.2,I reject no company car,deal,1
86,50,employer,1,464.2,467.4,Which option do you choose regarding leased car,deal,1
86,51,candidate,0,467.4,469.8,I am expecting a company car,deal,1
86,52,employer,1,469.8,474.6,I can offer you a leased car with a 10 working hours,deal,1
86,53,candidate,0,479.4,480.4,I agree,deal,1
87,1,candidate,0,0,7.2,Hello. I would like to discuss the issues of my contract. I want a position of project manager,deal,1
87,2,employer,1,7.2,8.2,I agree,deal,1
87,3,candidate,0,8.2,11.8,"I am willing to have a salary of 120,000",deal,1
87,4,employer,1,11.8,15,"I think the salary should be at 60,000",deal,1
87,5,candidate,0,15,23,"I accept 60,000. Now let's talk about how we can agree on other issues. I am expecting a company car",deal,1
87,6,employer,1,31,32,I agree,deal,1
87,7,candidate,0,32,34.4,I want a fast promotion track,deal,1
87,8,employer,1,34.4,35.4,I agree,deal,1
87,9,candidate,0,35.4,38.6,I would like a workday of 8 hours,deal,1
87,10,employer,1,38.6,42.2,I think it should be 10 hours a day,deal,1
87,11,candidate,0,42.2,46.6,I reject 10 hours. I want a workday of 8 hours,deal,1
87,12,employer,1,51,52.6,How about 9 hours,deal,1
87,13,candidate,0,52.6,57.4,I reject 9 hours. I am expecting a workday of 8 hours,deal,1
87,14,employer,1,62.2,64.6,Lets talk about your Pension fund,deal,1
87,15,candidate,0,64.6,67,I want a pension of 20%,deal,1
87,16,employer,1,67,68,10%,deal,1
87,17,candidate,0,68,76.8,I accept a pension of 10%. I would like to move on. I am willing to have a workday of 8 hours,deal,1
87,18,employer,1,85.6,88.8,If the Job description is moved to programmer,deal,1
87,19,candidate,0,88.8,91.6,I disagree about a position of programmer,deal,1
87,20,employer,1,91.6,94.4,How about a Team Manager or QA,deal,1
87,21,candidate,0,94.4,97.2,I reject a position of team manager,deal,1
87,22,employer,1,97.2,100.4,"What if the salary is moved to 90,000",deal,1
87,23,candidate,0,100.4,116,"I reject a salary of 90,000. I would like a salary of 120,000 I am expecting a salary of 120,000 I want a salary of 120,000",deal,1
87,24,employer,1,116,120,No I think if the Job description is a QA,deal,1
87,25,candidate,0,124,128.8,I refuse qa position. I am expecting a position of project manager,deal,1
87,26,employer,1,133.6,136.4,Then working hours will be 9 hours,deal,1
87,27,candidate,0,136.4,160,"I agree with a workday of 9 hours. Now let's talk about how we can agree on other issues. I would like a salary of 120,000 I am expecting a salary of 120,000",deal,1
87,28,employer,1,160,167.6,"If you take the job description of a Team Manager or a QA I'll move the salary to 90,000",deal,1
87,29,candidate,0,175.2,183.2,"I reject the previous offer. I want a salary of 120,000 and I would like a position of project manager",deal,1
87,30,employer,1,199.2,202,Then everything stays where it is at.,deal,1
87,31,candidate,0,202,207.2,"I want a salary of 90,000 I would like a salary of 90,000",deal,1
87,32,employer,1,207.2,212.6,Okay I will like you to consider the the QA job decription,deal,1
87,33,candidate,0,212.6,217.4,I refuse qa position. I am expecting a position of project manager,deal,1
87,34,employer,1,222.2,224.2,"Then salary will be 60,000",deal,1
87,35,candidate,0,224.2,227,"I agree with a salary of 60,000",deal,1
88,1,candidate,0,0,8.4,Hello. I would like to discuss the issues of my contract. I am willing to have a position of project manager,deal,1
88,2,employer,1,8.4,9.4,I agree,deal,1
88,3,candidate,0,9.4,12.2,"I would like a salary of 90,000",deal,1
88,4,employer,1,12.2,13.2,I agree,deal,1
88,5,candidate,0,13.2,15.6,I am expecting a company car,deal,1
88,6,employer,1,15.6,17.6,We shall see about that,deal,1
88,7,candidate,0,17.6,20.8,I would like no agreement on leased car,deal,1
88,8,employer,1,20.8,22.4,I agree on that.,deal,1
88,9,candidate,0,22.4,24.8,I want a fast promotion track,deal,1
88,10,employer,1,24.8,25.8,I agree,deal,1
88,11,candidate,0,25.8,29,I am expecting a workday of 8 hours,deal,1
88,12,employer,1,29,31.4,I need you for 10 hours,deal,1
88,13,candidate,0,31.4,35.8,I refuse 10 hours. I want a workday of 8 hours,deal,1
88,14,employer,1,40.2,42.6,Can we compromise on 9 hours?,deal,1
88,15,candidate,0,42.6,47.4,I reject 9 hours. I am expecting a workday of 8 hours,deal,1
88,16,employer,1,52.2,54.6,"10% pension fund, 9 hour workday",deal,1
88,17,candidate,0,57,87.4,I reject the previous offer. I am willing to have a workday of 8 hours and I would like a pension of 20% I want a workday of 8 hours,deal,1
88,18,employer,1,87.4,90.2,"I'll give 20% pension, with 9 hours",deal,1
88,19,candidate,0,93,123,I refuse. I am willing to have a workday of 8 hours and I would like a pension of 10% I want a workday of 8 hours I would like a workday of 8 hours,deal,1
88,20,employer,1,123,127.4,"8 hour workday comes with no leased car, and 10% pension",deal,1
88,21,candidate,0,136.2,138.2,I agree with the offer,deal,1
88,22,employer,1,138.2,141,You'll need to modify your car lease,deal,1
88,23,candidate,0,141,143,I want a company car,deal,1
88,24,employer,1,143,144.6,"Only with 60,000 salary",deal,1
88,25,candidate,0,144.6,152.6,"I accept 60,000. Now let's talk about how we can agree on other issues. I am expecting a company car",deal,1
88,26,employer,1,160.6,163.8,"We are in agreement, you have your car.",deal,1
89,1,candidate,0,0,7.2,"Hello. I would like to discuss the issues of my contract. I am expecting a salary of 120,000",deal,1
89,2,employer,1,7.2,10.4,"I will offer you a salary of 90,000.",deal,1
89,3,candidate,0,10.4,19.6,"I agree with a salary of 90,000. I would like to continue and discuss another issue. I want a position of project manager",deal,1
89,4,employer,1,28.8,32.8,I think you would be better suited as a programmer.,deal,1
89,5,candidate,0,32.8,38,I disagree about the job description. I demand a position of project manager,deal,1
89,6,employer,1,43.2,44.8,What about team manager?,deal,1
89,7,candidate,0,44.8,52,I accept the job description. Let's discuss another issue. I am willing to have a pension of 20%,deal,1
89,8,employer,1,59.2,60.4,How about 10%,deal,1
89,9,candidate,0,60.4,70.4,I agree with the offer about the pension fund. I would like to move on. I am willing to have a workday of 8 hours,deal,1
89,10,employer,1,80.4,83.6,We need people that can work 10 hours.,deal,1
89,11,candidate,0,83.6,88,I refuse 10 hours. I want a workday of 8 hours,deal,1
89,12,employer,1,92.4,94,Is 9 hours better?,deal,1
89,13,candidate,0,94,98.4,I refuse 9 hours. I want a workday of 8 hours,deal,1
89,14,employer,1,102.8,106,9 hours is the lowest I can go.,deal,1
89,15,candidate,0,106,125.2,I agree. Now let's talk about how we can agree on other issues. I am willing to have a company car I am expecting a company car,deal,1
89,16,employer,1,125.2,128,I need you without a leased car.,deal,1
89,17,candidate,0,128,130.8,I refuse. I demand a company car,deal,1
89,18,employer,1,133.6,136.8,I refuse. You can't have a company car.,deal,1
89,19,candidate,0,136.8,154,"I would like no agreement on leased car. But I must change our previous agreement. I want a salary of 90,000, I demand a position of team manager, I want a pension of 10% and I would like a workday of 8 hours",deal,1
89,20,employer,1,222.8,229.2,"I can give you a company car, but you need to have a 9 hour workday.",deal,1
89,21,candidate,0,235.6,240.8,I agree. Let's proceed to another issue. I demand a fast promotion track,deal,1
89,22,employer,1,246,247,I agree.,deal,1
90,1,candidate,0,0,7.2,Hello. I would like to discuss the issues of my contract. I want a position of project manager,no_deal,0
90,2,employer,1,7.2,10.6,"hello :) ok, how many working hours ?",no_deal,0
90,3,candidate,0,10.6,14.6,I am willing to have a workday of 8 hours,no_deal,0
90,4,employer,1,14.6,16.6,what kind of promotion possibilities?,no_deal,0
90,5,candidate,0,16.6,19.4,I am expecting a fast promotion track,no_deal,0
90,6,employer,1,19.4,21.4,what kind of pension fund?,no_deal,0
90,7,candidate,0,21.4,23.8,I want a pension of 20%,no_deal,0
90,8,employer,1,23.8,25.8,what about a leased car?,no_deal,0
90,9,candidate,0,25.8,29,I am willing to have a company car,no_deal,0
90,10,employer,1,29,30.6,"Ok, what about salary",no_deal,0
90,11,candidate,0,30.6,34.2,"I am willing to have a salary of 120,000",no_deal,0
90,12,employer,1,34.2,35.2,no.,no_deal,0
90,13,candidate,0,35.2,38,"I would like a salary of 90,000",no_deal,0
91,1,candidate,0,0,8.4,Hello. I would like to discuss the issues of my contract. I am willing to have a position of project manager,deal,1
91,2,employer,1,8.4,11.2,I'd like you to be a programmer,deal,1
91,3,candidate,0,11.2,20,"I accept programmer position. Now let's talk about how we can agree on other issues. I would like a salary of 120,000",deal,1
91,4,employer,1,28.8,30.8,i can't pay that much,deal,1
91,5,candidate,0,30.8,40.4,"I am willing to have a salary of 90,000. But I must change our previous agreement. I would like a position of project manager",deal,1
91,6,employer,1,50,51.6,"I am offering 60,000",deal,1
91,7,candidate,0,51.6,55.6,"I reject 60,000. I would like a salary of 120,000",deal,1
91,8,employer,1,59.6,61.2,i'll give you 60K,deal,1
91,9,candidate,0,61.2,66.4,"I reject a salary of 60,000. I am expecting a salary of 120,000",deal,1
91,10,employer,1,71.6,75.2,i can do 90K and thats my final offer,deal,1
91,11,candidate,0,75.2,78.8,"I reject 90,000. I want a salary of 120,000",deal,1
91,12,employer,1,82.4,88,i'll give you 120K but you must work 10 hours and have 10% pension,deal,1
91,13,candidate,0,99.2,101.2,I disagree with the offer,deal,1
91,14,employer,1,101.2,102.8,what do you offer,deal,1
91,15,candidate,0,102.8,105.2,What are you willing to offer?,deal,1
91,16,employer,1,105.2,106.4,"90K, 10 hours",deal,1
91,17,candidate,0,107.6,114.8,"I refuse. I am expecting a workday of 8 hours and I would like a salary of 120,000",deal,1
91,18,employer,1,129.2,132,i can do 9 hours and 90k,deal,1
91,19,candidate,0,134.8,142.8,"I disagree. I would like a workday of 8 hours and I am willing to have a salary of 120,000",deal,1
91,20,employer,1,158.8,160.8,i cant go that low,deal,1
91,21,candidate,0,160.8,169.2,"I want a salary of 90,000. But I must change our previous agreement. I am expecting a position of project manager",deal,1
91,22,employer,1,177.6,183.2,i'll give you fast promotion if you stay with programmer and take the 90K,deal,1
91,23,candidate,0,194.4,203.2,I agree with the offer. Now let's talk about how we can agree on other issues. I am expecting a company car,deal,1
91,24,employer,1,212,216.4,"i am offering without leased car, 10% pension, working 10 hours",deal,1
91,25,candidate,0,225.2,261.2,"I refuse. I want a workday of 8 hours, I want a company car and I want a pension of 20% I am expecting a company car",deal,1
91,26,employer,1,261.2,269.2,"i will give you the car if you work 10 hours and i will also do 20% pension, final offer",deal,1
91,27,candidate,0,285.2,289.6,I reject the previous offer What do you have to offer?,deal,1
91,28,employer,1,289.6,294,"you can have the car, but i must have 10 hours",deal,1
91,29,candidate,0,298.4,307.6,I reject the previous offer. I want a workday of 8 hours and I am willing to have no agreement on leased car,deal,1
91,30,employer,1,326,331.2,"i can go down to 9 hours, 9 hours, NO car, 10% pension",deal,1
91,31,candidate,0,341.6,354.8,"I disagree with the offer. I am willing to have a workday of 8 hours, I am willing to have a company car and I am willing to have a pension of 20%",deal,1
91,32,employer,1,394.4,398.4,"yes, you'd like that, but it doesn't work for me",deal,1
91,33,candidate,0,398.4,401.6,I am expecting no agreement on leased car,deal,1
91,34,employer,1,401.6,404,"10 hours, company car, 20% pension",deal,1
91,35,candidate,0,408.8,455.2,"I refuse. I want a workday of 8 hours, I am willing to have no agreement on leased car and I am expecting a pension of 10% I would like no agreement on leased car",deal,1
91,36,employer,1,455.2,456.2,deal,deal,1
91,37,candidate,0,456.2,459.4,I would like a workday of 8 hours,deal,1
91,38,employer,1,459.4,461.8,"10 hours, no agreement on car",deal,1
91,39,candidate,0,464.2,471.8,I disagree with the offer. I am expecting a workday of 8 hours and I want a company car,deal,1
91,40,employer,1,487,489.4,"9 hours, no carm 10% pension",deal,1
91,41,candidate,0,494.2,504.6,"I disagree with the offer. I am expecting a workday of 8 hours, I would like a company car and I want a pension of 20%",deal,1
91,42,employer,1,535.8,540.6,"10 hours, Team manager position, with car, 20% pension, fast promotion, 90K",deal,1
91,43,candidate,0,564.6,566.6,I disagree with the offer,deal,1
91,44,employer,1,566.6,570.6,"9 hours, programmer, 90K, 20% pension, with car, fast promotion",deal,1
91,45,candidate,0,586.6,588.6,I accept the previous offer,deal,1
92,1,candidate,0,0,8.4,Hello. I would like to discuss the issues of my contract. I am willing to have a position of project manager,deal,1
92,2,employer,1,8.4,11.6,"Hello,  would you take 60000 a year ?",deal,1
92,3,candidate,0,14.8,24,"I agree with a salary of 60,000. I would like to continue and discuss another issue. I want a position of project manager",deal,1
92,4,employer,1,33.2,37.6,"How about team manager, we have a project manager in place.",deal,1
92,5,candidate,0,42,48.4,I disagree about a position of team manager. I am expecting a position of project manager,deal,1
92,6,employer,1,54.8,63.6,"yeh that's all we have, you can always start off as team manager and when project manager opens you can apply then",deal,1
92,7,candidate,0,72.4,77.6,I refuse team manager position. I would like a position of project manager,deal,1
92,8,employer,1,82.8,88.8,ok if you did take that it would have to be without a leased car,deal,1
92,9,candidate,0,88.8,93.2,I disagree about no company car. I want a company car,deal,1
92,10,employer,1,97.6,103.6,you will have to work 10 hours a day if I meet all your demands,deal,1
92,11,candidate,0,103.6,120.8,I disagree about a workday of 10 hours. I am willing to have a workday of 8 hours I want a position of project manager,deal,1
92,12,employer,1,120.8,124.4,you just have all types of demands don't you,deal,1
92,13,candidate,0,124.4,127.6,I am expecting a position of project manager,deal,1
92,14,employer,1,127.6,130.4,"you have ambition,  I like that  !!",deal,1
92,15,candidate,0,130.4,133.6,I would like a position of project manager,deal,1
93,1,candidate,0,0,7.6,Hello. I would like to discuss the issues of my contract. I would like a position of project manager,deal,1
93,2,employer,1,7.6,10.4,okay what salary are you looking for?,deal,1
93,3,candidate,0,10.4,16.4,"I want a salary of 120,000 I am willing to have a salary of 90,000",deal,1
93,4,employer,1,20,27.2,"Okay 90 is doable however, I would want you to be the Team Manager, how does that sound?",deal,1
93,5,candidate,0,34.4,44,I accept the previous offer. Now let's talk about how we can agree on other issues. I am willing to have a company car,deal,1
93,6,employer,1,53.6,60,I would be willing to provide a car if you can work 10 hours a day,deal,1
93,7,candidate,0,66.4,68.4,I disagree with the offer,deal,1
93,8,employer,1,68.4,70.4,okay how about 9 hours?,deal,1
93,9,candidate,0,70.4,74.4,I refuse 9 hours What are you willing to offer?,deal,1
93,10,employer,1,74.4,80.8,You can work 8 hours but no company car. Let's move on to pension shall we?,deal,1
93,11,candidate,0,93.6,94.6,I refuse,deal,1
93,12,employer,1,94.6,97.4,okay then what is your counter offer?,deal,1
93,13,candidate,0,97.4,99.8,What are you willing to offer?,deal,1
93,14,employer,1,99.8,107,My offer for the pension fund is 20% and I can place you on the fast promotion track,deal,1
93,15,candidate,0,114.2,121.4,I agree. Now let's talk about how we can agree on other issues. I want a company car,deal,1
93,16,employer,1,128.6,137.8,I want a minimum of 9 hours for a car. If you want to work less then you can buy your own car.,deal,1
93,17,candidate,0,147,148,I agree,deal,1
94,1,candidate,0,0,19.2,Hello. I would like to discuss the issues of my contract. I am expecting a position of project manager I want a position of project manager I would like a position of project manager,deal,1
94,2,employer,1,19.2,23.6,Can you work 10 hours a day? That's what we need.,deal,1
94,3,candidate,0,23.6,34,I accept a workday of 10 hours. I would like to continue and discuss another issue. I am willing to have a position of project manager,deal,1
94,4,employer,1,44.4,46,Project Manager is accepted,deal,1
94,5,candidate,0,46,48.4,"I want a salary of 120,000",deal,1
94,6,employer,1,48.4,50,"I can do 60,000",deal,1
94,7,candidate,0,50,70,"I accept a salary of 60,000. Let's discuss another issue. I am willing to have a pension of 20% I demand a pension of 20% I want a pension of 10%",deal,1
94,8,employer,1,70,71.6,10% pension is accepted,deal,1
94,9,candidate,0,71.6,75.2,I am willing to have a fast promotion track,deal,1
94,10,employer,1,75.2,76.8,Fast Promotion is accepted.,deal,1
94,11,candidate,0,76.8,80,I am willing to have a company car,deal,1
94,12,employer,1,80,83.2,Not many people get company cars I'm afraid.,deal,1
94,13,candidate,0,83.2,85.6,I would like a company car,deal,1
94,14,employer,1,85.6,86.8,Wish I could,deal,1
94,15,candidate,0,86.8,89.6,I want no agreement on leased car,deal,1
94,16,employer,1,89.6,92,Accept no agreement on leased car.,deal,1
95,1,candidate,0,0,10.4,Hello. I would like to discuss the issues of my contract. I want a position of project manager I am expecting a position of project manager,deal,1
95,2,employer,1,10.4,12.4,"Hello, we can discuss this.",deal,1
95,3,candidate,0,12.4,18.4,I would like a position of project manager I want a position of project manager,deal,1
95,4,employer,1,18.4,20,"The salary is 60,000",deal,1
95,5,candidate,0,20,29.6,I agree with the offer. I would like to continue and discuss another issue. I am willing to have a position of project manager,deal,1
95,6,employer,1,39.2,40.8,Without a leased car.,deal,1
95,7,candidate,0,40.8,43.6,I refuse. I demand a company car,deal,1
95,8,employer,1,46.4,47.6,you got it,deal,1
95,9,candidate,0,47.6,50.4,I want a position of project manager,deal,1
95,10,employer,1,50.4,52.8,10 % on the pension fund,deal,1
95,11,candidate,0,52.8,57.2,I reject the previous offer. I want a pension of 20%,deal,1
95,12,employer,1,61.6,62.6,ok,deal,1
95,13,candidate,0,62.6,66.6,I am willing to have a position of project manager,deal,1
95,14,employer,1,66.6,67.8,Fast promotion track,deal,1
95,15,candidate,0,67.8,76.6,I accept a fast promotion track. I would like to continue and discuss another issue. I want a position of project manager,deal,1
95,16,employer,1,85.4,87,10  hours a day,deal,1
95,17,candidate,0,87,90.6,I refuse. I demand a workday of 8 hours,deal,1
95,18,employer,1,94.2,96.2,8 hours a day then,deal,1
95,19,candidate,0,96.2,99.4,I am expecting a position of project manager,deal,1
96,1,candidate,0,0,6.8,"Hello. I would like to discuss the issues of my contract. I demand a salary of 120,000",deal,1
96,2,employer,1,6.8,17.4,"Hello! I am not sure I could do 120,000 right now, but I could work with you to make up for it in another area.",deal,1
96,3,candidate,0,17.4,20.2,"I am expecting a salary of 120,000",deal,1
96,4,employer,1,23,27.4,"Well, I could offer you 90,000 and a 10% pension fund.",deal,1
96,5,candidate,0,31.8,54.6,I accept the previous offer. I would like to continue and discuss another issue. I demand a position of project manager I am expecting a position of project manager I want a position of project manager,deal,1
96,6,employer,1,54.6,59.8,I really don't have much need for a project manager at the moment.,deal,1
96,7,candidate,0,59.8,62.6,I want a position of project manager,deal,1
96,8,employer,1,62.6,70.6,"However, I could put you on as a Programmer and get you hooked up on the fast track to promtion.",deal,1
96,9,candidate,0,78.6,89,I disagree with the offer What are you willing to offer? I want a position of project manager I would like a position of project manager,deal,1
96,10,employer,1,89,97.4,"As project manager, I would need you working 10 hour days, and you would be on the slow track to promotion.",deal,1
96,11,candidate,0,114.2,162.2,"I reject the previous offer. I am expecting a workday of 8 hours, I want a position of team manager and I am expecting a fast promotion track I would like a position of project manager",deal,1
96,12,employer,1,162.2,167,"I could do team manager, but that would require 9 hour days.",deal,1
96,13,candidate,0,171.8,193,I agree with the offer. Now let's talk about how we can agree on other issues. I want a company car I want a company car I would like a company car,deal,1
96,14,employer,1,193,200.6,"I could offer you a company car, but that would put you back on the slow track to promotion.",deal,1
97,1,candidate,0,0,8.4,Hello. I would like to discuss the issues of my contract. I am willing to have a position of project manager,deal,1
97,2,employer,1,8.4,11.4,hello lets discuss your desired salary,deal,1
97,3,candidate,0,11.4,16.2,"I demand a salary of 120,000 I want a salary of 120,000",deal,1
97,4,employer,1,16.2,20.2,"i cant do 120,000. i was thinking more like 90,000",deal,1
97,5,candidate,0,24.2,33.4,"I agree with a salary of 90,000. I would like to continue and discuss another issue. I demand a position of project manager",deal,1
97,6,employer,1,42.6,45,current i can not do that,deal,1
97,7,candidate,0,45,53,"I am expecting a position of programmer. But I must change our previous agreement. I demand a salary of 120,000",deal,1
97,8,employer,1,61,63.8,the best i could do is programmer,deal,1
97,9,candidate,0,63.8,68.2,I reject programmer position. I want a position of project manager,deal,1
97,10,employer,1,72.6,76.6,"i could offer you the team manager position at 90,000",deal,1
97,11,candidate,0,80.6,89.4,I agree with the offer. Now let's talk about how we can agree on other issues. I would like a company car,deal,1
97,12,employer,1,98.2,104.2,i can not offer a company vechile at the moment but maybe in the future,deal,1
97,13,candidate,0,104.2,109.4,I refuse no company car I am willing to have a company car,deal,1
97,14,employer,1,109.4,112.2,how does a 10% pension fund sound?,deal,1
97,15,candidate,0,112.2,133,I accept a pension of 10%. Now let's talk about how we can agree on other issues. I want a company car I am willing to have a company car,deal,1
97,16,employer,1,133,139,if you agree to 10 working hours i will agree to a a leased car,deal,1
97,17,candidate,0,145,146,I refuse,deal,1
97,18,employer,1,146,148.4,9 hours and a leased car,deal,1
97,19,candidate,0,150.8,151.8,I refuse,deal,1
97,20,employer,1,151.8,154.2,no agreement on the car then,deal,1
97,21,candidate,0,154.2,161.8,I agree with no agreement on leased car. Let's proceed to another issue. I want a fast promotion track,deal,1
97,22,employer,1,169.4,173.4,how many working hours would you be willing to do,deal,1
97,23,candidate,0,173.4,176.6,I would like a workday of 8 hours,deal,1
97,24,employer,1,176.6,180.6,how about a 9 hours work day and fast promotion,deal,1
97,25,candidate,0,184.6,185.6,I refuse,deal,1
97,26,employer,1,185.6,186.8,slow promotion track,deal,1
97,27,candidate,0,186.8,191.6,I reject a slow promotion track. I want a fast promotion track,deal,1
97,28,employer,1,196.4,199.2,i agree to the fast promotion track,deal,1
97,29,candidate,0,199.2,202,I demand a workday of 8 hours,deal,1
97,30,employer,1,202,204.4,i agree to the 8 hours,deal,1
98,1,candidate,0,0,7.2,"Hello. I would like to discuss the issues of my contract. I would like a salary of 120,000",deal,1
98,2,employer,1,7.2,9.6,"I propose a salary of 60,000",deal,1
98,3,candidate,0,9.6,18.4,I agree with the offer. I would like to continue and discuss another issue. I am expecting a position of project manager,deal,1
98,4,employer,1,27.2,30.8,I think Team manager would be better for us,deal,1
98,5,candidate,0,30.8,37.2,I accept the previous offer. Let's discuss another issue. I am expecting a pension of 20%,deal,1
98,6,employer,1,43.6,46.4,I agree with the pension of 20%,deal,1
98,7,candidate,0,46.4,49.2,I want a workday of 8 hours,deal,1
98,8,employer,1,49.2,53.2,We expect our new employees to put in 9 hours,deal,1
98,9,candidate,0,53.2,57.2,I disagree. I am expecting a workday of 8 hours,deal,1
98,10,employer,1,61.2,62.4,Agreed to 8,deal,1
98,11,candidate,0,62.4,64.4,I demand a company car,deal,1
98,12,employer,1,64.4,65.6,No company car,deal,1
98,13,candidate,0,65.6,68,I am expecting a company car,deal,1
98,14,employer,1,68,71.6,I'm sorry but it is not in the budget.,deal,1
98,15,candidate,0,71.6,74,I am expecting a company car,deal,1
98,16,employer,1,74,78.4,"The car is off the table, let's move onto promotion possibilities",deal,1
98,17,candidate,0,82.8,86.4,I am willing to have a fast promotion track,deal,1
98,18,employer,1,86.4,87.4,Agreed,deal,1
98,19,candidate,0,87.4,89.8,I am expecting a company car,deal,1
98,20,employer,1,89.8,90.8,Agreed,deal,1
99,1,candidate,0,0,7.6,Hello. I would like to discuss the issues of my contract. I would like a position of project manager,deal,1
99,2,employer,1,7.6,10,iam looking to hire a programmer,deal,1
99,3,candidate,0,10,19.6,"I agree with a position of programmer. Now let's talk about how we can agree on other issues. I want a salary of 120,000",deal,1
99,4,employer,1,29.2,31.2,i can only offer 60000,deal,1
99,5,candidate,0,31.2,35.2,"I refuse 60,000. I am expecting a salary of 120,000",deal,1
99,6,employer,1,39.2,41.2,i cant pay that much,deal,1
99,7,candidate,0,41.2,49.6,"I would like a salary of 90,000. But I must change our previous agreement. I want a position of project manager",deal,1
99,8,employer,1,58,60,ill give 90000 to start,deal,1
99,9,candidate,0,60,70.8,"I reject 90,000. I want a salary of 120,000 I am willing to have a salary of 120,000",deal,1
99,10,employer,1,70.8,76.4,ill will go as high as 90000 and that will be my final offer,deal,1
99,11,candidate,0,76.4,100,"I accept 90,000. Now let's talk about how we can agree on other issues. I would like a company car I want a company car I would like a company car I am willing to have a company car",deal,1
99,12,employer,1,100,102.4,ok ill give you a car,deal,1
99,13,candidate,0,102.4,104.8,I want a fast promotion track,deal,1
99,14,employer,1,104.8,106.8,i agree on that ok,deal,1
99,15,candidate,0,106.8,109.6,I want a workday of 8 hours,deal,1
99,16,employer,1,109.6,112.4,but i want 10 hours a day,deal,1
99,17,candidate,0,112.4,118,I reject a workday of 10 hours. I want a workday of 8 hours,deal,1
99,18,employer,1,123.6,130.4,"it has to be 10 if you want it , that is what all are programmers work",deal,1
99,19,candidate,0,130.4,134.8,I reject 10 hours. I want a workday of 8 hours,deal,1
99,20,employer,1,139.2,143.2,i can offer you a work day of 9 then,deal,1
99,21,candidate,0,143.2,159.2,I reject a workday of 9 hours. I would like a workday of 8 hours I am willing to have a workday of 8 hours,deal,1
99,22,employer,1,159.2,163.2,i cant do it it has to be 9 hours,deal,1
99,23,candidate,0,167.2,175.6,I agree with a workday of 9 hours. Let's discuss another issue. I am willing to have a pension of 20%,deal,1
99,24,employer,1,184,186.8,i agree ok we can do that,deal,1
100,1,candidate,0,0,7.2,Hello. I would like to discuss the issues of my contract. I want a position of project manager,deal,1
100,2,employer,1,7.2,8.8,I want a programmer,deal,1
100,3,candidate,0,8.8,17.2,"I accept programmer position. Now let's talk about how we can agree on other issues. I want a salary of 120,000",deal,1
100,4,employer,1,25.6,26.6,no way!,deal,1
100,5,candidate,0,26.6,47.8,"I am willing to have a salary of 90,000. But I must change our previous agreement. I want a position of project manager I am expecting a salary of 120,000",deal,1
100,6,employer,1,47.8,58.6,"You should be happy I'm offering you anything at all! You will be a programmer, and will be paid 60,000 USD, and will be happy about it!",deal,1
100,7,candidate,0,69.4,78.6,"I reject the previous offer. I am willing to have a salary of 120,000 and I would like a position of project manager",deal,1
100,8,employer,1,97,98.6,That's my last offer!!,deal,1
100,9,candidate,0,98.6,101.4,"I am expecting a salary of 90,000",deal,1
100,10,employer,1,101.4,103.8,you can expect whatever you want,deal,1
100,11,candidate,0,103.8,108.6,"What do you have to offer? I want a salary of 120,000",deal,1
100,12,employer,1,108.6,109.8,"60,000$ and programmer!",deal,1
100,13,candidate,0,111,119,"I reject the previous offer. I want a salary of 120,000 and I am expecting a position of project manager",deal,1
100,14,employer,1,135,136.6,I reject your life!,deal,1
100,15,candidate,0,136.6,139.4,"I am expecting a salary of 90,000",deal,1
100,16,employer,1,139.4,141.4,let's talk about working hours,deal,1
100,17,candidate,0,141.4,144.6,I am expecting a workday of 8 hours,deal,1
100,18,employer,1,144.6,146.6,you will work 10 hours,deal,1
100,19,candidate,0,146.6,152.6,I reject a workday of 10 hours. I would like a workday of 8 hours,deal,1
100,20,employer,1,158.6,161.4,I offer you a 10% pension fund,deal,1
100,21,candidate,0,161.4,170.2,I accept a pension of 10%. I would like to move on. I am willing to have a workday of 8 hours,deal,1
100,22,employer,1,179,181.2,and 10 hours and programmer,deal,1
100,23,candidate,0,181.2,190.4,I agree with a position of programmer. I would like to move on. I am willing to have a workday of 8 hours,deal,1
100,24,employer,1,199.6,200.6,9 hours,deal,1
100,25,candidate,0,200.6,205,I reject 9 hours. I want a workday of 8 hours,deal,1
100,26,employer,1,209.4,210.4,I reject,deal,1
100,27,candidate,0,210.4,219.2,I would like a workday of 9 hours. But I must change our previous agreement. I would like a pension of 20%,deal,1
100,28,employer,1,228,230,So no car for you,deal,1
100,29,candidate,0,230,235.2,I reject no company car. I am willing to have a company car,deal,1
100,30,employer,1,240.4,244.4,let's sum this: you're a programmer you work 9 hours,deal,1
100,31,candidate,0,244.4,260.8,I reject 9 hours. I am expecting a workday of 8 hours I reject a workday of 9 hours. I am willing to have a workday of 8 hours,deal,1
100,32,employer,1,267.6,270,you have a salary of 60K,deal,1
100,33,candidate,0,270,274,"I reject 60,000. I am expecting a salary of 120,000",deal,1
100,34,employer,1,278,279,Man...,deal,1
100,35,candidate,0,279,291.8,"I am willing to have a salary of 90,000. But I must change our previous agreement. I would like a pension of 10% and I would like a position of project manager",deal,1
100,36,employer,1,317.4,318.4,60K,deal,1
100,37,candidate,0,318.4,322,"I refuse 60,000. I want a salary of 120,000",deal,1
100,38,employer,1,325.6,326.6,60K,deal,1
100,39,candidate,0,326.6,332.6,"I reject a salary of 60,000. I am willing to have a salary of 120,000",deal,1
100,40,employer,1,338.6,339.8,60K and car,deal,1
100,41,candidate,0,341,342,I refuse,deal,1
100,42,employer,1,342,343.6,90k and no car,deal,1
100,43,candidate,0,345.2,353.2,"I disagree. I am willing to have a salary of 120,000 and I am willing to have a company car",deal,1
100,44,employer,1,369.2,370.2,I disagree,deal,1
100,45,candidate,0,370.2,373,I am expecting a pension of 10%,deal,1
100,46,employer,1,373,374,ok!,deal,1
100,47,candidate,0,374,376.8,"I would like a salary of 120,000",deal,1
100,48,employer,1,376.8,377.8,90k,deal,1
100,49,candidate,0,377.8,383.4,"I disagree about a salary of 90,000. I am expecting a salary of 120,000",deal,1
100,50,employer,1,389,390,90k,deal,1
100,51,candidate,0,390,394.8,"I reject 90,000. I am willing to have a salary of 120,000",deal,1
100,52,employer,1,399.6,400.6,90k,deal,1
100,53,candidate,0,400.6,409.4,"I accept a salary of 90,000. Now let's talk about how we can agree on other issues. I want a company car",deal,1
100,54,employer,1,418.2,419.4,no company car,deal,1
100,55,candidate,0,419.4,427.4,I agree with no company car. Let's proceed to another issue. I am willing to have a fast promotion track,deal,1
100,56,employer,1,435.4,438.6,"ok, but only if you work 10 hours",deal,1
100,57,candidate,0,441.8,445,I disagree about a workday of 10 hours,deal,1
100,58,employer,1,445,446,10 hours,deal,1
100,59,candidate,0,446,448.8,I reject a workday of 10 hours,deal,1
100,60,employer,1,448.8,451.2,or no fast track for you,deal,1
100,61,candidate,0,451.2,453.6,I refuse a slow promotion track,deal,1
100,62,employer,1,453.6,454.6,9!,deal,1
100,63,candidate,0,454.6,457.8,I disagree about a workday of 9 hours,deal,1
100,64,employer,1,457.8,458.8,9,deal,1
100,65,candidate,0,458.8,460.4,I refuse 9 hours,deal,1
100,66,employer,1,460.4,461.4,10,deal,1
100,67,candidate,0,461.4,464.6,I disagree about a workday of 10 hours,deal,1
100,68,employer,1,464.6,465.6,8,deal,1
100,69,candidate,0,465.6,467.2,I reject 8 hours,deal,1
100,70,employer,1,467.2,468.2,10 hours,deal,1
100,71,candidate,0,468.2,473,I reject 10 hours. I would like a workday of 8 hours,deal,1
100,72,employer,1,477.8,478.8,ok,deal,1
100,73,candidate,0,478.8,481.6,I would like a fast promotion track,deal,1
100,74,employer,1,481.6,482.6,ok,deal,1
101,1,candidate,0,0,7.6,Hello. I would like to discuss the issues of my contract. I would like a position of project manager,no_deal,0
101,2,employer,1,7.6,8.6,ok,no_deal,0
101,3,candidate,0,8.6,11.4,"I would like a salary of 120,000",no_deal,0
101,4,employer,1,11.4,13,I can't do that,no_deal,0
101,5,candidate,0,13,16.6,"I am willing to have a salary of 90,000",no_deal,0
101,6,employer,1,16.6,20.6,Similar positions at entry level do not pay this amount,no_deal,0
101,7,candidate,0,20.6,23,"I want a salary of 120,000",no_deal,0
101,8,employer,1,23,25,"You will never get 120,000.",no_deal,0
101,9,candidate,0,25,27.8,"I would like a salary of 120,000",no_deal,0
101,10,employer,1,27.8,32.2,"I can make you an offer to start out at 60,000",no_deal,0
101,11,candidate,0,32.2,51.4,"I accept 60,000. Now let's talk about how we can agree on other issues. I am expecting a company car I am willing to have a company car",no_deal,0
101,12,employer,1,51.4,59,company cars are only given out to those who are working outside of the office on a regular basis,no_deal,0
101,13,candidate,0,59,61.4,I am expecting a company car,no_deal,0
101,14,employer,1,61.4,65.4,a company car will not be an option for you,no_deal,0
101,15,candidate,0,65.4,67.8,I am expecting a company car,no_deal,0
101,16,employer,1,70.2,74.6,There is no option for you to have a company car,no_deal,0
101,17,candidate,0,74.6,77.8,I am willing to have a company car,no_deal,0
101,18,employer,1,77.8,81.8,I can offer you 0% pension and a company car,no_deal,0
101,19,candidate,0,85.8,93.8,I reject the previous offer. I am expecting a pension of 20% and I want no agreement on leased car,no_deal,0
101,20,employer,1,109.8,111.4,too bad for you,no_deal,0
101,21,candidate,0,111.4,113.8,I am expecting no company car,no_deal,0
101,22,employer,1,113.8,115,sure no car,no_deal,0
101,23,candidate,0,115,117.8,I am expecting a fast promotion track,no_deal,0
101,24,employer,1,117.8,121.8,I can offer you no pension on fast promotion track,no_deal,0
101,25,candidate,0,125.8,127.8,I reject the previous offer,no_deal,0
101,26,employer,1,127.8,130.2,working hours will be 10 hours,no_deal,0
101,27,candidate,0,130.2,135,I reject 10 hours. I would like a workday of 8 hours,no_deal,0
101,28,employer,1,139.8,144.6,I can offer you slow track with 10 hours and 20% pension,no_deal,0
101,29,candidate,0,154.2,157.6,I disagree I want a fast promotion track,no_deal,0
101,30,employer,1,157.6,159.2,no agreement on promotion,no_deal,0
101,31,candidate,0,159.2,165.6,I reject no agreement on promotion track. I am willing to have a fast promotion track,no_deal,0
101,32,employer,1,172,179.2,then take yourself to your imaginary other job and promote yourself there- I am done with your nonsense,no_deal,0
101,33,candidate,0,179.2,181.6,What are you willing to offer?,no_deal,0
101,34,employer,1,181.6,184.8,I am willing to not offer you anything,no_deal,0
102,1,candidate,0,0,8,"Hello. I would like to discuss the issues of my contract. I am willing to have a salary of 120,000",deal,1
102,2,employer,1,8,9.2,"i offer 90,000",deal,1
102,3,candidate,0,9.2,19.6,I accept the offer about the wage. I would like to continue and discuss another issue. I am willing to have a position of project manager,deal,1
102,4,employer,1,30,31,thats fine,deal,1
102,5,candidate,0,31,34.6,I am willing to have a pension of 20%,deal,1
102,6,employer,1,34.6,37.4,no pension is what i am offering,deal,1
102,7,candidate,0,37.4,43,I reject the offer about the pension fund. I want a pension of 20%,deal,1
102,8,employer,1,48.6,51,best i can offer is 10%,deal,1
102,9,candidate,0,51,59,I agree with a pension of 10%. I would like to move on. I demand a workday of 8 hours,deal,1
102,10,employer,1,67,69,I was thinking 10 hours,deal,1
102,11,candidate,0,69,75,I reject a workday of 10 hours. I would like a workday of 8 hours,deal,1
102,12,employer,1,81,82.2,how about 9,deal,1
102,13,candidate,0,82.2,87,I refuse. I am willing to have a workday of 8 hours,deal,1
102,14,employer,1,91.8,95.4,"i can do 8 hours, but no leased car",deal,1
102,15,candidate,0,99,100,I refuse,deal,1
102,16,employer,1,100,102.4,9 hours and a leased car,deal,1
102,17,candidate,0,104.8,106.8,I reject the previous offer,deal,1
102,18,employer,1,106.8,109.6,fine 8 hours and a leased car,deal,1
102,19,candidate,0,112.4,118,I accept. Let's discuss another issue. I am willing to have a company car,deal,1
102,20,employer,1,123.6,125.6,ok company car as well,deal,1
102,21,candidate,0,125.6,128,I want a fast promotion track,deal,1
102,22,employer,1,128,130,fast will work for me,deal,1
103,1,candidate,0,0,7.2,Hello. I would like to discuss the issues of my contract. I want a position of project manager,deal,1
103,2,employer,1,7.2,12,What we are really in need of right now is a Programmer.,deal,1
103,3,candidate,0,12,18,I disagree about a position of programmer. I am expecting a position of project manager,deal,1
103,4,employer,1,24,32.8,"We have no positions available at this time for a project manager, would you be willing to look at our other opportunities?",deal,1
103,5,candidate,0,41.6,47.6,I want a position of project manager I am expecting a position of project manager,deal,1
103,6,employer,1,47.6,52,I'm sorry we have already enough project managers for that position.,deal,1
103,7,candidate,0,52,55.2,I am expecting a position of team manager,deal,1
103,8,employer,1,55.2,62.4,I would like to hire you as a Programmer but we also have Team Manager and QA available,deal,1
103,9,candidate,0,62.4,86.8,"I agree with a position of programmer. Now let's talk about how we can agree on other issues. I am willing to have a salary of 120,000 I am expecting a salary of 120,000",deal,1
103,10,employer,1,86.8,97.6,"Our Programmers do not start out at that salary, we would need to start you out at a lower salary before you can increase to that salary",deal,1
103,11,candidate,0,97.6,122,"I would like a salary of 90,000. But I must change our previous agreement. I am willing to have a position of project manager I am expecting a salary of 120,000 I want a salary of 120,000",deal,1
103,12,employer,1,122,124,You cannot earn that high,deal,1
103,13,candidate,0,124,126.8,"I would like a salary of 90,000",deal,1
103,14,employer,1,126.8,131.2,"You would be a Programmer with a starting pay of 90,000",deal,1
103,15,candidate,0,135.6,143.2,I agree with the offer. I would like to move on. I am expecting a workday of 8 hours,deal,1
103,16,employer,1,150.8,158.4,"With the 90,000 salary we would need you to put in at least 9 hours during your work day",deal,1
103,17,candidate,0,158.4,178,I agree with a workday of 9 hours. Let's discuss another issue. I am willing to have a pension of 20% I am expecting a pension of 20%,deal,1
103,18,employer,1,178,184.4,As you are starting out you would only be available for a Pension Fund of 10%,deal,1
103,19,candidate,0,184.4,197.6,I reject a pension of 10%. I want a pension of 20% I am willing to have a pension of 20%,deal,1
103,20,employer,1,197.6,207.2,"Ok I can agree to the pension of 20%, but because of this we would not be able to offer you a leased car",deal,1
103,21,candidate,0,216.8,232.4,I accept the previous offer. Let's proceed to another issue. I want a fast promotion track I would like a fast promotion track,deal,1
103,22,employer,1,232.4,241.2,"I agree to your offer of a fast promotion track, if you would be willing to put in 10 hours a day",deal,1
103,23,candidate,0,250,252,I accept the previous offer,deal,1
103,24,employer,1,252,257.6,Ok so we are going with the fast promotion track and 10 hour workdays?,deal,1
103,25,candidate,0,263.2,265.2,I accept the previous offer,deal,1
104,1,candidate,0,0,8,"Hello. I would like to discuss the issues of my contract. I am willing to have a salary of 120,000",deal,1
104,2,employer,1,8,12.8,"How about 90,000?  I think that is fair to both of us.",deal,1
104,3,candidate,0,12.8,21.6,I accept the previous offer. I would like to continue and discuss another issue. I would like a position of project manager,deal,1
104,4,employer,1,30.4,32,I agree with that.,deal,1
104,5,candidate,0,32,35.6,I am willing to have a pension of 20%,deal,1
104,6,employer,1,35.6,37.2,I agree with that,deal,1
104,7,candidate,0,37.2,40.4,I am expecting a workday of 8 hours,deal,1
104,8,employer,1,40.4,44.8,I'm willing to pay more if you can work 10 hours,deal,1
104,9,candidate,0,44.8,54.4,I agree with a workday of 10 hours. Now let's talk about how we can agree on other issues. I want a company car,deal,1
104,10,employer,1,64,67.2,I don't think we can agree on that,deal,1
104,11,candidate,0,67.2,70.4,I would like no agreement on leased car,deal,1
104,12,employer,1,70.4,74,But I will give you a fast track promotion,deal,1
104,13,candidate,0,74,79.6,I agree with a fast promotion track. I want no agreement on leased car,deal,1
104,14,employer,1,85.2,86.2,I agree,deal,1
105,1,candidate,0,0,7.2,"Hello. I would like to discuss the issues of my contract. I would like a salary of 120,000",deal,1
105,2,employer,1,7.2,9.6,"How about a salary of 60,000?",deal,1
105,3,candidate,0,9.6,18.4,I agree with the offer. I would like to continue and discuss another issue. I am expecting a position of project manager,deal,1
105,4,employer,1,27.2,30,How about a position as a programmer?,deal,1
105,5,candidate,0,30,34,I refuse. I would like a position of project manager,deal,1
105,6,employer,1,38,45.6,Project manager is a bit leap for a new hire. Would you consider team manager for the time being?,deal,1
105,7,candidate,0,53.2,59.2,I refuse team manager position. I am willing to have a position of project manager,deal,1
105,8,employer,1,65.2,66.8,"Very well, project manager.",deal,1
105,9,candidate,0,66.8,70.4,I am willing to have a pension of 20%,deal,1
105,10,employer,1,70.4,72.4,A 20% pension sounds fine,deal,1
105,11,candidate,0,72.4,75.6,I would like a workday of 8 hours,deal,1
105,12,employer,1,75.6,84.4,Being a project manager is a lot of responsibility. You should really put in 10 hours if you expect to perform well.,deal,1
105,13,candidate,0,84.4,109.2,I agree with the offer about the working hours. Now let's talk about how we can agree on other issues. I am willing to have a company car I am expecting a company car,deal,1
105,14,employer,1,109.2,117.2,Company cars are a bit scarce at the moment. How about a fast promotion track if you forgo the car?,deal,1
105,15,candidate,0,133.2,134.2,I agree,deal,1
